21,-15,doFiU4dFHvIXgGnaKbqrHixagao=,RhM9U75fUi6NRmYXCDw8+QGA9x4=
22,-13,doFiU4dFHvIXgGnaKbqrHixagao=,RhM9U75fUi6NRmYXCDw8+QGA9x4=
22,-14,doFiU4dFHvIXgGnaKbqrHixagao=,RhM9U75fUi6NRmYXCDw8+QGA9x4=
21,-14,doFiU4dFHvIXgGnaKbqrHixagao=,RhM9U75fUi6NRmYXCDw8+QGA9x4=
21,-13,doFiU4dFHvIXgGnaKbqrHixagao=,RhM9U75fUi6NRmYXCDw8+QGA9x4=
22,-15,doFiU4dFHvIXgGnaKbqrHixagao=,RhM9U75fUi6NRmYXCDw8+QGA9x4=
18,-7,doFiU4dFHvIXgGnaKbqrHixagao=,GYbDnqGbTlq3mDp7HllN8TXxTPc=
18,-6,doFiU4dFHvIXgGnaKbqrHixagao=,GYbDnqGbTlq3mDp7HllN8TXxTPc=
17,-7,doFiU4dFHvIXgGnaKbqrHixagao=,GYbDnqGbTlq3mDp7HllN8TXxTPc=
17,-6,doFiU4dFHvIXgGnaKbqrHixagao=,GYbDnqGbTlq3mDp7HllN8TXxTPc=
17,-9,doFiU4dFHvIXgGnaKbqrHixagao=,KHfzzgpJ1QiyJIHpyODu/t0HjwM=
18,-8,doFiU4dFHvIXgGnaKbqrHixagao=,GYbDnqGbTlq3mDp7HllN8TXxTPc=
18,-11,doFiU4dFHvIXgGnaKbqrHixagao=,KHfzzgpJ1QiyJIHpyODu/t0HjwM=
19,-11,doFiU4dFHvIXgGnaKbqrHixagao=,KHfzzgpJ1QiyJIHpyODu/t0HjwM=
19,-10,doFiU4dFHvIXgGnaKbqrHixagao=,KHfzzgpJ1QiyJIHpyODu/t0HjwM=
18,-10,doFiU4dFHvIXgGnaKbqrHixagao=,KHfzzgpJ1QiyJIHpyODu/t0HjwM=
19,-6,doFiU4dFHvIXgGnaKbqrHixagao=,GYbDnqGbTlq3mDp7HllN8TXxTPc=
19,-9,doFiU4dFHvIXgGnaKbqrHixagao=,KHfzzgpJ1QiyJIHpyODu/t0HjwM=
19,-8,doFiU4dFHvIXgGnaKbqrHixagao=,GYbDnqGbTlq3mDp7HllN8TXxTPc=
19,-7,doFiU4dFHvIXgGnaKbqrHixagao=,GYbDnqGbTlq3mDp7HllN8TXxTPc=
18,-9,doFiU4dFHvIXgGnaKbqrHixagao=,KHfzzgpJ1QiyJIHpyODu/t0HjwM=
17,-8,doFiU4dFHvIXgGnaKbqrHixagao=,GYbDnqGbTlq3mDp7HllN8TXxTPc=
17,-10,doFiU4dFHvIXgGnaKbqrHixagao=,KHfzzgpJ1QiyJIHpyODu/t0HjwM=
17,-11,doFiU4dFHvIXgGnaKbqrHixagao=,KHfzzgpJ1QiyJIHpyODu/t0HjwM=
18,-2,doFiU4dFHvIXgGnaKbqrHixagao=,c/08b4Pabbx8vHHPgJYRSEW5uoY=
17,-2,doFiU4dFHvIXgGnaKbqrHixagao=,c/08b4Pabbx8vHHPgJYRSEW5uoY=
18,-4,doFiU4dFHvIXgGnaKbqrHixagao=,c/08b4Pabbx8vHHPgJYRSEW5uoY=
18,-5,doFiU4dFHvIXgGnaKbqrHixagao=,GYbDnqGbTlq3mDp7HllN8TXxTPc=
17,-5,doFiU4dFHvIXgGnaKbqrHixagao=,GYbDnqGbTlq3mDp7HllN8TXxTPc=
17,-4,doFiU4dFHvIXgGnaKbqrHixagao=,c/08b4Pabbx8vHHPgJYRSEW5uoY=
18,-3,doFiU4dFHvIXgGnaKbqrHixagao=,c/08b4Pabbx8vHHPgJYRSEW5uoY=
17,-3,doFiU4dFHvIXgGnaKbqrHixagao=,c/08b4Pabbx8vHHPgJYRSEW5uoY=
20,-15,doFiU4dFHvIXgGnaKbqrHixagao=,RhM9U75fUi6NRmYXCDw8+QGA9x4=
20,-13,doFiU4dFHvIXgGnaKbqrHixagao=,RhM9U75fUi6NRmYXCDw8+QGA9x4=
17,-13,doFiU4dFHvIXgGnaKbqrHixagao=,Ke92AVVeKGTQUDFUJmR+1r1nQj8=
18,-14,doFiU4dFHvIXgGnaKbqrHixagao=,Ke92AVVeKGTQUDFUJmR+1r1nQj8=
17,-14,doFiU4dFHvIXgGnaKbqrHixagao=,Ke92AVVeKGTQUDFUJmR+1r1nQj8=
19,-12,doFiU4dFHvIXgGnaKbqrHixagao=,KHfzzgpJ1QiyJIHpyODu/t0HjwM=
18,-15,doFiU4dFHvIXgGnaKbqrHixagao=,Ke92AVVeKGTQUDFUJmR+1r1nQj8=
17,-15,doFiU4dFHvIXgGnaKbqrHixagao=,Ke92AVVeKGTQUDFUJmR+1r1nQj8=
20,-14,doFiU4dFHvIXgGnaKbqrHixagao=,RhM9U75fUi6NRmYXCDw8+QGA9x4=
18,-13,doFiU4dFHvIXgGnaKbqrHixagao=,Ke92AVVeKGTQUDFUJmR+1r1nQj8=
17,-12,doFiU4dFHvIXgGnaKbqrHixagao=,KHfzzgpJ1QiyJIHpyODu/t0HjwM=
19,-13,doFiU4dFHvIXgGnaKbqrHixagao=,Ke92AVVeKGTQUDFUJmR+1r1nQj8=
19,-15,doFiU4dFHvIXgGnaKbqrHixagao=,Ke92AVVeKGTQUDFUJmR+1r1nQj8=
18,-12,doFiU4dFHvIXgGnaKbqrHixagao=,KHfzzgpJ1QiyJIHpyODu/t0HjwM=
19,-14,doFiU4dFHvIXgGnaKbqrHixagao=,Ke92AVVeKGTQUDFUJmR+1r1nQj8=
18,-1,doFiU4dFHvIXgGnaKbqrHixagao=,c/08b4Pabbx8vHHPgJYRSEW5uoY=
17,-1,doFiU4dFHvIXgGnaKbqrHixagao=,c/08b4Pabbx8vHHPgJYRSEW5uoY=
16,-2,doFiU4dFHvIXgGnaKbqrHixagao=,c/08b4Pabbx8vHHPgJYRSEW5uoY=
16,-3,doFiU4dFHvIXgGnaKbqrHixagao=,c/08b4Pabbx8vHHPgJYRSEW5uoY=
21,-1,doFiU4dFHvIXgGnaKbqrHixagao=,D/A+7wnentTm2fBF4zSwkDdZYuU=
19,-5,doFiU4dFHvIXgGnaKbqrHixagao=,GYbDnqGbTlq3mDp7HllN8TXxTPc=
22,-1,doFiU4dFHvIXgGnaKbqrHixagao=,D/A+7wnentTm2fBF4zSwkDdZYuU=
20,-4,doFiU4dFHvIXgGnaKbqrHixagao=,D/A+7wnentTm2fBF4zSwkDdZYuU=
22,-2,doFiU4dFHvIXgGnaKbqrHixagao=,D/A+7wnentTm2fBF4zSwkDdZYuU=
19,-4,doFiU4dFHvIXgGnaKbqrHixagao=,c/08b4Pabbx8vHHPgJYRSEW5uoY=
20,-1,doFiU4dFHvIXgGnaKbqrHixagao=,D/A+7wnentTm2fBF4zSwkDdZYuU=
21,-2,doFiU4dFHvIXgGnaKbqrHixagao=,D/A+7wnentTm2fBF4zSwkDdZYuU=
20,-2,doFiU4dFHvIXgGnaKbqrHixagao=,D/A+7wnentTm2fBF4zSwkDdZYuU=
19,-1,doFiU4dFHvIXgGnaKbqrHixagao=,c/08b4Pabbx8vHHPgJYRSEW5uoY=
21,-4,doFiU4dFHvIXgGnaKbqrHixagao=,D/A+7wnentTm2fBF4zSwkDdZYuU=
19,-2,doFiU4dFHvIXgGnaKbqrHixagao=,c/08b4Pabbx8vHHPgJYRSEW5uoY=
16,-5,doFiU4dFHvIXgGnaKbqrHixagao=,GYbDnqGbTlq3mDp7HllN8TXxTPc=
16,-9,doFiU4dFHvIXgGnaKbqrHixagao=,KHfzzgpJ1QiyJIHpyODu/t0HjwM=
23,-15,doFiU4dFHvIXgGnaKbqrHixagao=,RhM9U75fUi6NRmYXCDw8+QGA9x4=
16,-10,doFiU4dFHvIXgGnaKbqrHixagao=,KHfzzgpJ1QiyJIHpyODu/t0HjwM=
23,-14,doFiU4dFHvIXgGnaKbqrHixagao=,RhM9U75fUi6NRmYXCDw8+QGA9x4=
23,-13,doFiU4dFHvIXgGnaKbqrHixagao=,RhM9U75fUi6NRmYXCDw8+QGA9x4=
16,-4,doFiU4dFHvIXgGnaKbqrHixagao=,c/08b4Pabbx8vHHPgJYRSEW5uoY=
21,-16,doFiU4dFHvIXgGnaKbqrHixagao=,RhM9U75fUi6NRmYXCDw8+QGA9x4=
22,-16,doFiU4dFHvIXgGnaKbqrHixagao=,RhM9U75fUi6NRmYXCDw8+QGA9x4=
16,-8,doFiU4dFHvIXgGnaKbqrHixagao=,GYbDnqGbTlq3mDp7HllN8TXxTPc=
16,-11,doFiU4dFHvIXgGnaKbqrHixagao=,KHfzzgpJ1QiyJIHpyODu/t0HjwM=
20,-3,doFiU4dFHvIXgGnaKbqrHixagao=,D/A+7wnentTm2fBF4zSwkDdZYuU=
19,-3,doFiU4dFHvIXgGnaKbqrHixagao=,c/08b4Pabbx8vHHPgJYRSEW5uoY=
21,-3,doFiU4dFHvIXgGnaKbqrHixagao=,D/A+7wnentTm2fBF4zSwkDdZYuU=
22,-3,doFiU4dFHvIXgGnaKbqrHixagao=,D/A+7wnentTm2fBF4zSwkDdZYuU=
16,-7,doFiU4dFHvIXgGnaKbqrHixagao=,GYbDnqGbTlq3mDp7HllN8TXxTPc=
16,-6,doFiU4dFHvIXgGnaKbqrHixagao=,GYbDnqGbTlq3mDp7HllN8TXxTPc=
22,-4,doFiU4dFHvIXgGnaKbqrHixagao=,D/A+7wnentTm2fBF4zSwkDdZYuU=
20,-16,doFiU4dFHvIXgGnaKbqrHixagao=,RhM9U75fUi6NRmYXCDw8+QGA9x4=
16,-1,doFiU4dFHvIXgGnaKbqrHixagao=,c/08b4Pabbx8vHHPgJYRSEW5uoY=
23,-16,doFiU4dFHvIXgGnaKbqrHixagao=,RhM9U75fUi6NRmYXCDw8+QGA9x4=
16,-14,doFiU4dFHvIXgGnaKbqrHixagao=,Ke92AVVeKGTQUDFUJmR+1r1nQj8=
19,-16,doFiU4dFHvIXgGnaKbqrHixagao=,Ke92AVVeKGTQUDFUJmR+1r1nQj8=
16,-12,doFiU4dFHvIXgGnaKbqrHixagao=,KHfzzgpJ1QiyJIHpyODu/t0HjwM=
16,-13,doFiU4dFHvIXgGnaKbqrHixagao=,Ke92AVVeKGTQUDFUJmR+1r1nQj8=
18,-16,doFiU4dFHvIXgGnaKbqrHixagao=,Ke92AVVeKGTQUDFUJmR+1r1nQj8=
17,-16,doFiU4dFHvIXgGnaKbqrHixagao=,Ke92AVVeKGTQUDFUJmR+1r1nQj8=
16,-16,doFiU4dFHvIXgGnaKbqrHixagao=,Ke92AVVeKGTQUDFUJmR+1r1nQj8=
16,-15,doFiU4dFHvIXgGnaKbqrHixagao=,Ke92AVVeKGTQUDFUJmR+1r1nQj8=
26,-8,doFiU4dFHvIXgGnaKbqrHixagao=,fZP42wIj8JbTYFmwFIliJpIEjrg=
27,-8,doFiU4dFHvIXgGnaKbqrHixagao=,fZP42wIj8JbTYFmwFIliJpIEjrg=
24,-7,doFiU4dFHvIXgGnaKbqrHixagao=,fZP42wIj8JbTYFmwFIliJpIEjrg=
25,-7,doFiU4dFHvIXgGnaKbqrHixagao=,fZP42wIj8JbTYFmwFIliJpIEjrg=
26,-7,doFiU4dFHvIXgGnaKbqrHixagao=,fZP42wIj8JbTYFmwFIliJpIEjrg=
27,-7,doFiU4dFHvIXgGnaKbqrHixagao=,fZP42wIj8JbTYFmwFIliJpIEjrg=
24,-6,doFiU4dFHvIXgGnaKbqrHixagao=,fZP42wIj8JbTYFmwFIliJpIEjrg=
25,-8,doFiU4dFHvIXgGnaKbqrHixagao=,fZP42wIj8JbTYFmwFIliJpIEjrg=
27,-6,doFiU4dFHvIXgGnaKbqrHixagao=,fZP42wIj8JbTYFmwFIliJpIEjrg=
24,-8,doFiU4dFHvIXgGnaKbqrHixagao=,fZP42wIj8JbTYFmwFIliJpIEjrg=
25,-6,doFiU4dFHvIXgGnaKbqrHixagao=,fZP42wIj8JbTYFmwFIliJpIEjrg=
26,-6,doFiU4dFHvIXgGnaKbqrHixagao=,fZP42wIj8JbTYFmwFIliJpIEjrg=
27,-1,doFiU4dFHvIXgGnaKbqrHixagao=,xr1y1F/Kgh4m5dIYOXt42vlUPNA=
26,-1,doFiU4dFHvIXgGnaKbqrHixagao=,xr1y1F/Kgh4m5dIYOXt42vlUPNA=
27,-3,doFiU4dFHvIXgGnaKbqrHixagao=,xr1y1F/Kgh4m5dIYOXt42vlUPNA=
25,-1,doFiU4dFHvIXgGnaKbqrHixagao=,xr1y1F/Kgh4m5dIYOXt42vlUPNA=
27,-4,doFiU4dFHvIXgGnaKbqrHixagao=,xr1y1F/Kgh4m5dIYOXt42vlUPNA=
27,-2,doFiU4dFHvIXgGnaKbqrHixagao=,xr1y1F/Kgh4m5dIYOXt42vlUPNA=
26,-2,doFiU4dFHvIXgGnaKbqrHixagao=,xr1y1F/Kgh4m5dIYOXt42vlUPNA=
26,-3,doFiU4dFHvIXgGnaKbqrHixagao=,xr1y1F/Kgh4m5dIYOXt42vlUPNA=
24,-3,doFiU4dFHvIXgGnaKbqrHixagao=,xr1y1F/Kgh4m5dIYOXt42vlUPNA=
27,-5,doFiU4dFHvIXgGnaKbqrHixagao=,fZP42wIj8JbTYFmwFIliJpIEjrg=
25,-4,doFiU4dFHvIXgGnaKbqrHixagao=,xr1y1F/Kgh4m5dIYOXt42vlUPNA=
25,-3,doFiU4dFHvIXgGnaKbqrHixagao=,xr1y1F/Kgh4m5dIYOXt42vlUPNA=
24,-2,doFiU4dFHvIXgGnaKbqrHixagao=,xr1y1F/Kgh4m5dIYOXt42vlUPNA=
24,-4,doFiU4dFHvIXgGnaKbqrHixagao=,xr1y1F/Kgh4m5dIYOXt42vlUPNA=
23,-1,doFiU4dFHvIXgGnaKbqrHixagao=,D/A+7wnentTm2fBF4zSwkDdZYuU=
24,-5,doFiU4dFHvIXgGnaKbqrHixagao=,fZP42wIj8JbTYFmwFIliJpIEjrg=
23,-2,doFiU4dFHvIXgGnaKbqrHixagao=,D/A+7wnentTm2fBF4zSwkDdZYuU=
25,-2,doFiU4dFHvIXgGnaKbqrHixagao=,xr1y1F/Kgh4m5dIYOXt42vlUPNA=
25,-5,doFiU4dFHvIXgGnaKbqrHixagao=,fZP42wIj8JbTYFmwFIliJpIEjrg=
23,-3,doFiU4dFHvIXgGnaKbqrHixagao=,D/A+7wnentTm2fBF4zSwkDdZYuU=
26,-5,doFiU4dFHvIXgGnaKbqrHixagao=,fZP42wIj8JbTYFmwFIliJpIEjrg=
26,-4,doFiU4dFHvIXgGnaKbqrHixagao=,xr1y1F/Kgh4m5dIYOXt42vlUPNA=
23,-4,doFiU4dFHvIXgGnaKbqrHixagao=,D/A+7wnentTm2fBF4zSwkDdZYuU=
24,-1,doFiU4dFHvIXgGnaKbqrHixagao=,xr1y1F/Kgh4m5dIYOXt42vlUPNA=
18,-23,GZD7y7gKGEVCZfCf26NtT4xMoUc=,04CFJyRoQZr1lpU9+aVDPubrNBk=
17,-22,GZD7y7gKGEVCZfCf26NtT4xMoUc=,04CFJyRoQZr1lpU9+aVDPubrNBk=
18,-22,GZD7y7gKGEVCZfCf26NtT4xMoUc=,04CFJyRoQZr1lpU9+aVDPubrNBk=
17,-23,GZD7y7gKGEVCZfCf26NtT4xMoUc=,04CFJyRoQZr1lpU9+aVDPubrNBk=
25,-23,GZD7y7gKGEVCZfCf26NtT4xMoUc=,xOaxVMl8G3MOfGw9JRCdxJXEeI8=
26,-22,GZD7y7gKGEVCZfCf26NtT4xMoUc=,xOaxVMl8G3MOfGw9JRCdxJXEeI8=
25,-22,GZD7y7gKGEVCZfCf26NtT4xMoUc=,xOaxVMl8G3MOfGw9JRCdxJXEeI8=
26,-23,GZD7y7gKGEVCZfCf26NtT4xMoUc=,xOaxVMl8G3MOfGw9JRCdxJXEeI8=
21,-27,GZD7y7gKGEVCZfCf26NtT4xMoUc=,YnIZFIEqXcD1ejUcl8Zh3KpjTDo=
22,-27,GZD7y7gKGEVCZfCf26NtT4xMoUc=,YnIZFIEqXcD1ejUcl8Zh3KpjTDo=
21,-26,GZD7y7gKGEVCZfCf26NtT4xMoUc=,YnIZFIEqXcD1ejUcl8Zh3KpjTDo=
22,-26,GZD7y7gKGEVCZfCf26NtT4xMoUc=,YnIZFIEqXcD1ejUcl8Zh3KpjTDo=
20,-27,GZD7y7gKGEVCZfCf26NtT4xMoUc=,YnIZFIEqXcD1ejUcl8Zh3KpjTDo=
17,-25,GZD7y7gKGEVCZfCf26NtT4xMoUc=,oQautxUIo1FOu0n8qrzk9EClZC0=
17,-27,GZD7y7gKGEVCZfCf26NtT4xMoUc=,oQautxUIo1FOu0n8qrzk9EClZC0=
19,-27,GZD7y7gKGEVCZfCf26NtT4xMoUc=,oQautxUIo1FOu0n8qrzk9EClZC0=
18,-26,GZD7y7gKGEVCZfCf26NtT4xMoUc=,oQautxUIo1FOu0n8qrzk9EClZC0=
17,-26,GZD7y7gKGEVCZfCf26NtT4xMoUc=,oQautxUIo1FOu0n8qrzk9EClZC0=
18,-27,GZD7y7gKGEVCZfCf26NtT4xMoUc=,oQautxUIo1FOu0n8qrzk9EClZC0=
18,-25,GZD7y7gKGEVCZfCf26NtT4xMoUc=,oQautxUIo1FOu0n8qrzk9EClZC0=
19,-26,GZD7y7gKGEVCZfCf26NtT4xMoUc=,oQautxUIo1FOu0n8qrzk9EClZC0=
17,-24,GZD7y7gKGEVCZfCf26NtT4xMoUc=,04CFJyRoQZr1lpU9+aVDPubrNBk=
26,-21,GZD7y7gKGEVCZfCf26NtT4xMoUc=,xOaxVMl8G3MOfGw9JRCdxJXEeI8=
20,-26,GZD7y7gKGEVCZfCf26NtT4xMoUc=,YnIZFIEqXcD1ejUcl8Zh3KpjTDo=
18,-24,GZD7y7gKGEVCZfCf26NtT4xMoUc=,04CFJyRoQZr1lpU9+aVDPubrNBk=
25,-21,GZD7y7gKGEVCZfCf26NtT4xMoUc=,xOaxVMl8G3MOfGw9JRCdxJXEeI8=
23,-27,GZD7y7gKGEVCZfCf26NtT4xMoUc=,YnIZFIEqXcD1ejUcl8Zh3KpjTDo=
25,-24,GZD7y7gKGEVCZfCf26NtT4xMoUc=,xOaxVMl8G3MOfGw9JRCdxJXEeI8=
26,-24,GZD7y7gKGEVCZfCf26NtT4xMoUc=,xOaxVMl8G3MOfGw9JRCdxJXEeI8=
23,-26,GZD7y7gKGEVCZfCf26NtT4xMoUc=,YnIZFIEqXcD1ejUcl8Zh3KpjTDo=
16,-25,GZD7y7gKGEVCZfCf26NtT4xMoUc=,oQautxUIo1FOu0n8qrzk9EClZC0=
16,-24,GZD7y7gKGEVCZfCf26NtT4xMoUc=,04CFJyRoQZr1lpU9+aVDPubrNBk=
16,-27,GZD7y7gKGEVCZfCf26NtT4xMoUc=,oQautxUIo1FOu0n8qrzk9EClZC0=
16,-26,GZD7y7gKGEVCZfCf26NtT4xMoUc=,oQautxUIo1FOu0n8qrzk9EClZC0=
21,-28,GZD7y7gKGEVCZfCf26NtT4xMoUc=,YnIZFIEqXcD1ejUcl8Zh3KpjTDo=
22,-28,GZD7y7gKGEVCZfCf26NtT4xMoUc=,YnIZFIEqXcD1ejUcl8Zh3KpjTDo=
16,-23,GZD7y7gKGEVCZfCf26NtT4xMoUc=,04CFJyRoQZr1lpU9+aVDPubrNBk=
20,-28,TBCoTSfcMBzByHL0yQSf1SbYaH8=,YnIZFIEqXcD1ejUcl8Zh3KpjTDo=
17,-28,TBCoTSfcMBzByHL0yQSf1SbYaH8=,oQautxUIo1FOu0n8qrzk9EClZC0=
18,-28,TBCoTSfcMBzByHL0yQSf1SbYaH8=,oQautxUIo1FOu0n8qrzk9EClZC0=
27,-23,TBCoTSfcMBzByHL0yQSf1SbYaH8=,xOaxVMl8G3MOfGw9JRCdxJXEeI8=
19,-28,TBCoTSfcMBzByHL0yQSf1SbYaH8=,oQautxUIo1FOu0n8qrzk9EClZC0=
27,-22,TBCoTSfcMBzByHL0yQSf1SbYaH8=,xOaxVMl8G3MOfGw9JRCdxJXEeI8=
27,-24,TBCoTSfcMBzByHL0yQSf1SbYaH8=,xOaxVMl8G3MOfGw9JRCdxJXEeI8=
23,-28,TBCoTSfcMBzByHL0yQSf1SbYaH8=,YnIZFIEqXcD1ejUcl8Zh3KpjTDo=
16,-28,TBCoTSfcMBzByHL0yQSf1SbYaH8=,oQautxUIo1FOu0n8qrzk9EClZC0=
16,-22,TBCoTSfcMBzByHL0yQSf1SbYaH8=,04CFJyRoQZr1lpU9+aVDPubrNBk=
27,-21,TBCoTSfcMBzByHL0yQSf1SbYaH8=,xOaxVMl8G3MOfGw9JRCdxJXEeI8=
20,-23,TBCoTSfcMBzByHL0yQSf1SbYaH8=,Svbgg7OiMQ/7MGqumzIk6XbEDaw=
21,-23,TBCoTSfcMBzByHL0yQSf1SbYaH8=,Svbgg7OiMQ/7MGqumzIk6XbEDaw=
22,-23,TBCoTSfcMBzByHL0yQSf1SbYaH8=,Svbgg7OiMQ/7MGqumzIk6XbEDaw=
19,-23,TBCoTSfcMBzByHL0yQSf1SbYaH8=,04CFJyRoQZr1lpU9+aVDPubrNBk=
24,-23,TBCoTSfcMBzByHL0yQSf1SbYaH8=,xOaxVMl8G3MOfGw9JRCdxJXEeI8=
20,-24,TBCoTSfcMBzByHL0yQSf1SbYaH8=,Svbgg7OiMQ/7MGqumzIk6XbEDaw=
19,-22,TBCoTSfcMBzByHL0yQSf1SbYaH8=,04CFJyRoQZr1lpU9+aVDPubrNBk=
21,-24,TBCoTSfcMBzByHL0yQSf1SbYaH8=,Svbgg7OiMQ/7MGqumzIk6XbEDaw=
19,-24,TBCoTSfcMBzByHL0yQSf1SbYaH8=,04CFJyRoQZr1lpU9+aVDPubrNBk=
23,-25,TBCoTSfcMBzByHL0yQSf1SbYaH8=,YnIZFIEqXcD1ejUcl8Zh3KpjTDo=
24,-24,TBCoTSfcMBzByHL0yQSf1SbYaH8=,xOaxVMl8G3MOfGw9JRCdxJXEeI8=
19,-25,TBCoTSfcMBzByHL0yQSf1SbYaH8=,oQautxUIo1FOu0n8qrzk9EClZC0=
23,-24,TBCoTSfcMBzByHL0yQSf1SbYaH8=,Svbgg7OiMQ/7MGqumzIk6XbEDaw=
21,-22,TBCoTSfcMBzByHL0yQSf1SbYaH8=,Svbgg7OiMQ/7MGqumzIk6XbEDaw=
20,-22,TBCoTSfcMBzByHL0yQSf1SbYaH8=,Svbgg7OiMQ/7MGqumzIk6XbEDaw=
22,-22,TBCoTSfcMBzByHL0yQSf1SbYaH8=,Svbgg7OiMQ/7MGqumzIk6XbEDaw=
22,-24,TBCoTSfcMBzByHL0yQSf1SbYaH8=,Svbgg7OiMQ/7MGqumzIk6XbEDaw=
20,-25,TBCoTSfcMBzByHL0yQSf1SbYaH8=,YnIZFIEqXcD1ejUcl8Zh3KpjTDo=
24,-22,TBCoTSfcMBzByHL0yQSf1SbYaH8=,xOaxVMl8G3MOfGw9JRCdxJXEeI8=
23,-23,TBCoTSfcMBzByHL0yQSf1SbYaH8=,Svbgg7OiMQ/7MGqumzIk6XbEDaw=
23,-22,TBCoTSfcMBzByHL0yQSf1SbYaH8=,Svbgg7OiMQ/7MGqumzIk6XbEDaw=
21,-25,TBCoTSfcMBzByHL0yQSf1SbYaH8=,YnIZFIEqXcD1ejUcl8Zh3KpjTDo=
22,-25,TBCoTSfcMBzByHL0yQSf1SbYaH8=,YnIZFIEqXcD1ejUcl8Zh3KpjTDo=
22,-18,TBCoTSfcMBzByHL0yQSf1SbYaH8=,dEeX+PRvS+F4nN9oke7r6P4JKxI=
23,-18,TBCoTSfcMBzByHL0yQSf1SbYaH8=,dEeX+PRvS+F4nN9oke7r6P4JKxI=
21,-17,TBCoTSfcMBzByHL0yQSf1SbYaH8=,dEeX+PRvS+F4nN9oke7r6P4JKxI=
23,-19,TBCoTSfcMBzByHL0yQSf1SbYaH8=,dEeX+PRvS+F4nN9oke7r6P4JKxI=
21,-18,TBCoTSfcMBzByHL0yQSf1SbYaH8=,dEeX+PRvS+F4nN9oke7r6P4JKxI=
23,-17,TBCoTSfcMBzByHL0yQSf1SbYaH8=,dEeX+PRvS+F4nN9oke7r6P4JKxI=
22,-17,TBCoTSfcMBzByHL0yQSf1SbYaH8=,dEeX+PRvS+F4nN9oke7r6P4JKxI=
23,-20,TBCoTSfcMBzByHL0yQSf1SbYaH8=,dEeX+PRvS+F4nN9oke7r6P4JKxI=
22,-19,TBCoTSfcMBzByHL0yQSf1SbYaH8=,dEeX+PRvS+F4nN9oke7r6P4JKxI=
21,-21,TBCoTSfcMBzByHL0yQSf1SbYaH8=,Svbgg7OiMQ/7MGqumzIk6XbEDaw=
21,-20,TBCoTSfcMBzByHL0yQSf1SbYaH8=,dEeX+PRvS+F4nN9oke7r6P4JKxI=
23,-21,TBCoTSfcMBzByHL0yQSf1SbYaH8=,Svbgg7OiMQ/7MGqumzIk6XbEDaw=
21,-19,TBCoTSfcMBzByHL0yQSf1SbYaH8=,dEeX+PRvS+F4nN9oke7r6P4JKxI=
22,-21,TBCoTSfcMBzByHL0yQSf1SbYaH8=,Svbgg7OiMQ/7MGqumzIk6XbEDaw=
24,-21,TBCoTSfcMBzByHL0yQSf1SbYaH8=,xOaxVMl8G3MOfGw9JRCdxJXEeI8=
22,-20,TBCoTSfcMBzByHL0yQSf1SbYaH8=,dEeX+PRvS+F4nN9oke7r6P4JKxI=
16,-21,TBCoTSfcMBzByHL0yQSf1SbYaH8=,04CFJyRoQZr1lpU9+aVDPubrNBk=
20,-21,TBCoTSfcMBzByHL0yQSf1SbYaH8=,Svbgg7OiMQ/7MGqumzIk6XbEDaw=
16,-19,TBCoTSfcMBzByHL0yQSf1SbYaH8=,/pzCu7QX3m38oqP6VwihFwrQL9E=
17,-18,TBCoTSfcMBzByHL0yQSf1SbYaH8=,/pzCu7QX3m38oqP6VwihFwrQL9E=
20,-18,TBCoTSfcMBzByHL0yQSf1SbYaH8=,dEeX+PRvS+F4nN9oke7r6P4JKxI=
16,-18,TBCoTSfcMBzByHL0yQSf1SbYaH8=,/pzCu7QX3m38oqP6VwihFwrQL9E=
19,-20,TBCoTSfcMBzByHL0yQSf1SbYaH8=,/pzCu7QX3m38oqP6VwihFwrQL9E=
16,-17,TBCoTSfcMBzByHL0yQSf1SbYaH8=,/pzCu7QX3m38oqP6VwihFwrQL9E=
18,-18,TBCoTSfcMBzByHL0yQSf1SbYaH8=,/pzCu7QX3m38oqP6VwihFwrQL9E=
20,-20,TBCoTSfcMBzByHL0yQSf1SbYaH8=,dEeX+PRvS+F4nN9oke7r6P4JKxI=
19,-21,TBCoTSfcMBzByHL0yQSf1SbYaH8=,04CFJyRoQZr1lpU9+aVDPubrNBk=
18,-21,TBCoTSfcMBzByHL0yQSf1SbYaH8=,04CFJyRoQZr1lpU9+aVDPubrNBk=
18,-19,TBCoTSfcMBzByHL0yQSf1SbYaH8=,/pzCu7QX3m38oqP6VwihFwrQL9E=
17,-19,TBCoTSfcMBzByHL0yQSf1SbYaH8=,/pzCu7QX3m38oqP6VwihFwrQL9E=
20,-17,TBCoTSfcMBzByHL0yQSf1SbYaH8=,dEeX+PRvS+F4nN9oke7r6P4JKxI=
16,-20,TBCoTSfcMBzByHL0yQSf1SbYaH8=,/pzCu7QX3m38oqP6VwihFwrQL9E=
18,-20,TBCoTSfcMBzByHL0yQSf1SbYaH8=,/pzCu7QX3m38oqP6VwihFwrQL9E=
20,-19,TBCoTSfcMBzByHL0yQSf1SbYaH8=,dEeX+PRvS+F4nN9oke7r6P4JKxI=
17,-17,TBCoTSfcMBzByHL0yQSf1SbYaH8=,/pzCu7QX3m38oqP6VwihFwrQL9E=
17,-21,TBCoTSfcMBzByHL0yQSf1SbYaH8=,04CFJyRoQZr1lpU9+aVDPubrNBk=
19,-18,TBCoTSfcMBzByHL0yQSf1SbYaH8=,/pzCu7QX3m38oqP6VwihFwrQL9E=
19,-17,TBCoTSfcMBzByHL0yQSf1SbYaH8=,/pzCu7QX3m38oqP6VwihFwrQL9E=
18,-17,TBCoTSfcMBzByHL0yQSf1SbYaH8=,/pzCu7QX3m38oqP6VwihFwrQL9E=
19,-19,TBCoTSfcMBzByHL0yQSf1SbYaH8=,/pzCu7QX3m38oqP6VwihFwrQL9E=
17,-20,TBCoTSfcMBzByHL0yQSf1SbYaH8=,/pzCu7QX3m38oqP6VwihFwrQL9E=
1,-23,TBCoTSfcMBzByHL0yQSf1SbYaH8=,tbMDlOhDaiTt2bhiEMi7V1vFWbs=
2,-22,TBCoTSfcMBzByHL0yQSf1SbYaH8=,tbMDlOhDaiTt2bhiEMi7V1vFWbs=
1,-22,TBCoTSfcMBzByHL0yQSf1SbYaH8=,tbMDlOhDaiTt2bhiEMi7V1vFWbs=
2,-23,TBCoTSfcMBzByHL0yQSf1SbYaH8=,tbMDlOhDaiTt2bhiEMi7V1vFWbs=
9,-22,TBCoTSfcMBzByHL0yQSf1SbYaH8=,qkZGHQYRe++dX/kwkHD2BQ3LMok=
10,-23,TBCoTSfcMBzByHL0yQSf1SbYaH8=,qkZGHQYRe++dX/kwkHD2BQ3LMok=
10,-22,TBCoTSfcMBzByHL0yQSf1SbYaH8=,qkZGHQYRe++dX/kwkHD2BQ3LMok=
9,-23,TBCoTSfcMBzByHL0yQSf1SbYaH8=,qkZGHQYRe++dX/kwkHD2BQ3LMok=
14,-19,TBCoTSfcMBzByHL0yQSf1SbYaH8=,e1tDlVSLghRqKeuCiCdxCaYjQ8U=
13,-19,TBCoTSfcMBzByHL0yQSf1SbYaH8=,e1tDlVSLghRqKeuCiCdxCaYjQ8U=
13,-18,TBCoTSfcMBzByHL0yQSf1SbYaH8=,e1tDlVSLghRqKeuCiCdxCaYjQ8U=
14,-18,TBCoTSfcMBzByHL0yQSf1SbYaH8=,e1tDlVSLghRqKeuCiCdxCaYjQ8U=
13,-20,TBCoTSfcMBzByHL0yQSf1SbYaH8=,e1tDlVSLghRqKeuCiCdxCaYjQ8U=
14,-20,TBCoTSfcMBzByHL0yQSf1SbYaH8=,e1tDlVSLghRqKeuCiCdxCaYjQ8U=
11,-23,TBCoTSfcMBzByHL0yQSf1SbYaH8=,qkZGHQYRe++dX/kwkHD2BQ3LMok=
11,-22,TBCoTSfcMBzByHL0yQSf1SbYaH8=,qkZGHQYRe++dX/kwkHD2BQ3LMok=
0,-23,TBCoTSfcMBzByHL0yQSf1SbYaH8=,tbMDlOhDaiTt2bhiEMi7V1vFWbs=
0,-22,TBCoTSfcMBzByHL0yQSf1SbYaH8=,tbMDlOhDaiTt2bhiEMi7V1vFWbs=
10,-24,TBCoTSfcMBzByHL0yQSf1SbYaH8=,qkZGHQYRe++dX/kwkHD2BQ3LMok=
14,-17,TBCoTSfcMBzByHL0yQSf1SbYaH8=,e1tDlVSLghRqKeuCiCdxCaYjQ8U=
9,-24,TBCoTSfcMBzByHL0yQSf1SbYaH8=,qkZGHQYRe++dX/kwkHD2BQ3LMok=
1,-24,TBCoTSfcMBzByHL0yQSf1SbYaH8=,tbMDlOhDaiTt2bhiEMi7V1vFWbs=
2,-24,TBCoTSfcMBzByHL0yQSf1SbYaH8=,tbMDlOhDaiTt2bhiEMi7V1vFWbs=
11,-24,TBCoTSfcMBzByHL0yQSf1SbYaH8=,qkZGHQYRe++dX/kwkHD2BQ3LMok=
15,-19,TBCoTSfcMBzByHL0yQSf1SbYaH8=,e1tDlVSLghRqKeuCiCdxCaYjQ8U=
15,-18,TBCoTSfcMBzByHL0yQSf1SbYaH8=,e1tDlVSLghRqKeuCiCdxCaYjQ8U=
15,-17,TBCoTSfcMBzByHL0yQSf1SbYaH8=,e1tDlVSLghRqKeuCiCdxCaYjQ8U=
15,-20,TBCoTSfcMBzByHL0yQSf1SbYaH8=,e1tDlVSLghRqKeuCiCdxCaYjQ8U=
0,-24,TBCoTSfcMBzByHL0yQSf1SbYaH8=,tbMDlOhDaiTt2bhiEMi7V1vFWbs=
8,-18,TBCoTSfcMBzByHL0yQSf1SbYaH8=,5XLMEyOTeBCrI8gvbAqgpfk64Eo=
12,-20,TBCoTSfcMBzByHL0yQSf1SbYaH8=,e1tDlVSLghRqKeuCiCdxCaYjQ8U=
10,-21,TBCoTSfcMBzByHL0yQSf1SbYaH8=,qkZGHQYRe++dX/kwkHD2BQ3LMok=
11,-21,TBCoTSfcMBzByHL0yQSf1SbYaH8=,qkZGHQYRe++dX/kwkHD2BQ3LMok=
8,-19,TBCoTSfcMBzByHL0yQSf1SbYaH8=,5XLMEyOTeBCrI8gvbAqgpfk64Eo=
9,-19,TBCoTSfcMBzByHL0yQSf1SbYaH8=,5XLMEyOTeBCrI8gvbAqgpfk64Eo=
9,-18,TBCoTSfcMBzByHL0yQSf1SbYaH8=,5XLMEyOTeBCrI8gvbAqgpfk64Eo=
9,-21,TBCoTSfcMBzByHL0yQSf1SbYaH8=,qkZGHQYRe++dX/kwkHD2BQ3LMok=
8,-17,TBCoTSfcMBzByHL0yQSf1SbYaH8=,5XLMEyOTeBCrI8gvbAqgpfk64Eo=
11,-19,TBCoTSfcMBzByHL0yQSf1SbYaH8=,5XLMEyOTeBCrI8gvbAqgpfk64Eo=
12,-19,TBCoTSfcMBzByHL0yQSf1SbYaH8=,e1tDlVSLghRqKeuCiCdxCaYjQ8U=
10,-17,TBCoTSfcMBzByHL0yQSf1SbYaH8=,5XLMEyOTeBCrI8gvbAqgpfk64Eo=
11,-20,TBCoTSfcMBzByHL0yQSf1SbYaH8=,5XLMEyOTeBCrI8gvbAqgpfk64Eo=
10,-20,TBCoTSfcMBzByHL0yQSf1SbYaH8=,5XLMEyOTeBCrI8gvbAqgpfk64Eo=
11,-17,TBCoTSfcMBzByHL0yQSf1SbYaH8=,5XLMEyOTeBCrI8gvbAqgpfk64Eo=
9,-17,TBCoTSfcMBzByHL0yQSf1SbYaH8=,5XLMEyOTeBCrI8gvbAqgpfk64Eo=
12,-18,TBCoTSfcMBzByHL0yQSf1SbYaH8=,e1tDlVSLghRqKeuCiCdxCaYjQ8U=
13,-17,TBCoTSfcMBzByHL0yQSf1SbYaH8=,e1tDlVSLghRqKeuCiCdxCaYjQ8U=
10,-18,TBCoTSfcMBzByHL0yQSf1SbYaH8=,5XLMEyOTeBCrI8gvbAqgpfk64Eo=
12,-17,TBCoTSfcMBzByHL0yQSf1SbYaH8=,e1tDlVSLghRqKeuCiCdxCaYjQ8U=
5,-24,TBCoTSfcMBzByHL0yQSf1SbYaH8=,cvzqiX8egr9Vx8cisceFUkS+7U0=
11,-18,TBCoTSfcMBzByHL0yQSf1SbYaH8=,5XLMEyOTeBCrI8gvbAqgpfk64Eo=
3,-22,TBCoTSfcMBzByHL0yQSf1SbYaH8=,tbMDlOhDaiTt2bhiEMi7V1vFWbs=
3,-23,TBCoTSfcMBzByHL0yQSf1SbYaH8=,tbMDlOhDaiTt2bhiEMi7V1vFWbs=
4,-24,TBCoTSfcMBzByHL0yQSf1SbYaH8=,cvzqiX8egr9Vx8cisceFUkS+7U0=
7,-23,TBCoTSfcMBzByHL0yQSf1SbYaH8=,cvzqiX8egr9Vx8cisceFUkS+7U0=
8,-23,TBCoTSfcMBzByHL0yQSf1SbYaH8=,qkZGHQYRe++dX/kwkHD2BQ3LMok=
4,-23,TBCoTSfcMBzByHL0yQSf1SbYaH8=,cvzqiX8egr9Vx8cisceFUkS+7U0=
5,-23,TBCoTSfcMBzByHL0yQSf1SbYaH8=,cvzqiX8egr9Vx8cisceFUkS+7U0=
7,-24,TBCoTSfcMBzByHL0yQSf1SbYaH8=,cvzqiX8egr9Vx8cisceFUkS+7U0=
8,-22,TBCoTSfcMBzByHL0yQSf1SbYaH8=,qkZGHQYRe++dX/kwkHD2BQ3LMok=
5,-22,TBCoTSfcMBzByHL0yQSf1SbYaH8=,cvzqiX8egr9Vx8cisceFUkS+7U0=
3,-24,TBCoTSfcMBzByHL0yQSf1SbYaH8=,tbMDlOhDaiTt2bhiEMi7V1vFWbs=
6,-23,TBCoTSfcMBzByHL0yQSf1SbYaH8=,cvzqiX8egr9Vx8cisceFUkS+7U0=
8,-24,TBCoTSfcMBzByHL0yQSf1SbYaH8=,qkZGHQYRe++dX/kwkHD2BQ3LMok=
7,-22,TBCoTSfcMBzByHL0yQSf1SbYaH8=,cvzqiX8egr9Vx8cisceFUkS+7U0=
6,-24,TBCoTSfcMBzByHL0yQSf1SbYaH8=,cvzqiX8egr9Vx8cisceFUkS+7U0=
9,-20,TBCoTSfcMBzByHL0yQSf1SbYaH8=,5XLMEyOTeBCrI8gvbAqgpfk64Eo=
4,-22,TBCoTSfcMBzByHL0yQSf1SbYaH8=,cvzqiX8egr9Vx8cisceFUkS+7U0=
8,-20,TBCoTSfcMBzByHL0yQSf1SbYaH8=,5XLMEyOTeBCrI8gvbAqgpfk64Eo=
10,-19,TBCoTSfcMBzByHL0yQSf1SbYaH8=,5XLMEyOTeBCrI8gvbAqgpfk64Eo=
6,-22,TBCoTSfcMBzByHL0yQSf1SbYaH8=,cvzqiX8egr9Vx8cisceFUkS+7U0=
8,-21,TBCoTSfcMBzByHL0yQSf1SbYaH8=,qkZGHQYRe++dX/kwkHD2BQ3LMok=
5,-21,TBCoTSfcMBzByHL0yQSf1SbYaH8=,cvzqiX8egr9Vx8cisceFUkS+7U0=
2,-21,TBCoTSfcMBzByHL0yQSf1SbYaH8=,tbMDlOhDaiTt2bhiEMi7V1vFWbs=
1,-21,TBCoTSfcMBzByHL0yQSf1SbYaH8=,tbMDlOhDaiTt2bhiEMi7V1vFWbs=
0,-21,TBCoTSfcMBzByHL0yQSf1SbYaH8=,tbMDlOhDaiTt2bhiEMi7V1vFWbs=
7,-21,TBCoTSfcMBzByHL0yQSf1SbYaH8=,cvzqiX8egr9Vx8cisceFUkS+7U0=
3,-17,TBCoTSfcMBzByHL0yQSf1SbYaH8=,XPOP8J9Xv+FsRjOYpVnzMS0w/sw=
2,-17,TBCoTSfcMBzByHL0yQSf1SbYaH8=,XPOP8J9Xv+FsRjOYpVnzMS0w/sw=
3,-19,TBCoTSfcMBzByHL0yQSf1SbYaH8=,XPOP8J9Xv+FsRjOYpVnzMS0w/sw=
6,-21,TBCoTSfcMBzByHL0yQSf1SbYaH8=,cvzqiX8egr9Vx8cisceFUkS+7U0=
3,-21,TBCoTSfcMBzByHL0yQSf1SbYaH8=,tbMDlOhDaiTt2bhiEMi7V1vFWbs=
1,-20,TBCoTSfcMBzByHL0yQSf1SbYaH8=,XPOP8J9Xv+FsRjOYpVnzMS0w/sw=
3,-18,TBCoTSfcMBzByHL0yQSf1SbYaH8=,XPOP8J9Xv+FsRjOYpVnzMS0w/sw=
0,-19,TBCoTSfcMBzByHL0yQSf1SbYaH8=,XPOP8J9Xv+FsRjOYpVnzMS0w/sw=
0,-20,TBCoTSfcMBzByHL0yQSf1SbYaH8=,XPOP8J9Xv+FsRjOYpVnzMS0w/sw=
1,-17,TBCoTSfcMBzByHL0yQSf1SbYaH8=,XPOP8J9Xv+FsRjOYpVnzMS0w/sw=
2,-20,TBCoTSfcMBzByHL0yQSf1SbYaH8=,XPOP8J9Xv+FsRjOYpVnzMS0w/sw=
2,-18,TBCoTSfcMBzByHL0yQSf1SbYaH8=,XPOP8J9Xv+FsRjOYpVnzMS0w/sw=
1,-19,TBCoTSfcMBzByHL0yQSf1SbYaH8=,XPOP8J9Xv+FsRjOYpVnzMS0w/sw=
1,-18,TBCoTSfcMBzByHL0yQSf1SbYaH8=,XPOP8J9Xv+FsRjOYpVnzMS0w/sw=
4,-21,TBCoTSfcMBzByHL0yQSf1SbYaH8=,cvzqiX8egr9Vx8cisceFUkS+7U0=
2,-19,TBCoTSfcMBzByHL0yQSf1SbYaH8=,XPOP8J9Xv+FsRjOYpVnzMS0w/sw=
3,-20,TBCoTSfcMBzByHL0yQSf1SbYaH8=,XPOP8J9Xv+FsRjOYpVnzMS0w/sw=
0,-18,TBCoTSfcMBzByHL0yQSf1SbYaH8=,XPOP8J9Xv+FsRjOYpVnzMS0w/sw=
0,-17,TBCoTSfcMBzByHL0yQSf1SbYaH8=,XPOP8J9Xv+FsRjOYpVnzMS0w/sw=
5,-11,HQZY85aiAzF8Xczmk87DKv+oVKg=,CZ+IA+gI2YaaxDCFE776pwYWiLg=
6,-10,HQZY85aiAzF8Xczmk87DKv+oVKg=,CZ+IA+gI2YaaxDCFE776pwYWiLg=
5,-10,HQZY85aiAzF8Xczmk87DKv+oVKg=,CZ+IA+gI2YaaxDCFE776pwYWiLg=
6,-11,HQZY85aiAzF8Xczmk87DKv+oVKg=,CZ+IA+gI2YaaxDCFE776pwYWiLg=
6,-6,HQZY85aiAzF8Xczmk87DKv+oVKg=,3UQkcgXsPalAaqx7ZVeRQkRigEo=
5,-6,HQZY85aiAzF8Xczmk87DKv+oVKg=,3UQkcgXsPalAaqx7ZVeRQkRigEo=
6,-7,HQZY85aiAzF8Xczmk87DKv+oVKg=,3UQkcgXsPalAaqx7ZVeRQkRigEo=
5,-7,HQZY85aiAzF8Xczmk87DKv+oVKg=,3UQkcgXsPalAaqx7ZVeRQkRigEo=
6,-9,HQZY85aiAzF8Xczmk87DKv+oVKg=,CZ+IA+gI2YaaxDCFE776pwYWiLg=
5,-8,HQZY85aiAzF8Xczmk87DKv+oVKg=,3UQkcgXsPalAaqx7ZVeRQkRigEo=
6,-8,HQZY85aiAzF8Xczmk87DKv+oVKg=,3UQkcgXsPalAaqx7ZVeRQkRigEo=
5,-9,HQZY85aiAzF8Xczmk87DKv+oVKg=,CZ+IA+gI2YaaxDCFE776pwYWiLg=
4,-11,HQZY85aiAzF8Xczmk87DKv+oVKg=,CZ+IA+gI2YaaxDCFE776pwYWiLg=
4,-10,HQZY85aiAzF8Xczmk87DKv+oVKg=,CZ+IA+gI2YaaxDCFE776pwYWiLg=
1,-10,HQZY85aiAzF8Xczmk87DKv+oVKg=,UE7brrChRd+LXqTlPGZu6+yzkJc=
3,-11,HQZY85aiAzF8Xczmk87DKv+oVKg=,UE7brrChRd+LXqTlPGZu6+yzkJc=
3,-10,HQZY85aiAzF8Xczmk87DKv+oVKg=,UE7brrChRd+LXqTlPGZu6+yzkJc=
2,-10,HQZY85aiAzF8Xczmk87DKv+oVKg=,UE7brrChRd+LXqTlPGZu6+yzkJc=
2,-11,HQZY85aiAzF8Xczmk87DKv+oVKg=,UE7brrChRd+LXqTlPGZu6+yzkJc=
1,-11,HQZY85aiAzF8Xczmk87DKv+oVKg=,UE7brrChRd+LXqTlPGZu6+yzkJc=
2,-7,HQZY85aiAzF8Xczmk87DKv+oVKg=,7pr5pwGqsUziA96CZY6+GWfoPL0=
3,-7,HQZY85aiAzF8Xczmk87DKv+oVKg=,7pr5pwGqsUziA96CZY6+GWfoPL0=
4,-8,HQZY85aiAzF8Xczmk87DKv+oVKg=,3UQkcgXsPalAaqx7ZVeRQkRigEo=
1,-9,HQZY85aiAzF8Xczmk87DKv+oVKg=,UE7brrChRd+LXqTlPGZu6+yzkJc=
1,-7,HQZY85aiAzF8Xczmk87DKv+oVKg=,7pr5pwGqsUziA96CZY6+GWfoPL0=
2,-6,HQZY85aiAzF8Xczmk87DKv+oVKg=,7pr5pwGqsUziA96CZY6+GWfoPL0=
2,-9,HQZY85aiAzF8Xczmk87DKv+oVKg=,UE7brrChRd+LXqTlPGZu6+yzkJc=
4,-6,HQZY85aiAzF8Xczmk87DKv+oVKg=,3UQkcgXsPalAaqx7ZVeRQkRigEo=
1,-6,HQZY85aiAzF8Xczmk87DKv+oVKg=,7pr5pwGqsUziA96CZY6+GWfoPL0=
4,-7,HQZY85aiAzF8Xczmk87DKv+oVKg=,3UQkcgXsPalAaqx7ZVeRQkRigEo=
2,-8,HQZY85aiAzF8Xczmk87DKv+oVKg=,7pr5pwGqsUziA96CZY6+GWfoPL0=
3,-6,HQZY85aiAzF8Xczmk87DKv+oVKg=,7pr5pwGqsUziA96CZY6+GWfoPL0=
1,-8,HQZY85aiAzF8Xczmk87DKv+oVKg=,7pr5pwGqsUziA96CZY6+GWfoPL0=
4,-9,HQZY85aiAzF8Xczmk87DKv+oVKg=,CZ+IA+gI2YaaxDCFE776pwYWiLg=
3,-8,HQZY85aiAzF8Xczmk87DKv+oVKg=,7pr5pwGqsUziA96CZY6+GWfoPL0=
3,-9,HQZY85aiAzF8Xczmk87DKv+oVKg=,UE7brrChRd+LXqTlPGZu6+yzkJc=
5,-4,HQZY85aiAzF8Xczmk87DKv+oVKg=,megMKUl3dxc+Z7MwlO9zbxLt8nQ=
5,-5,HQZY85aiAzF8Xczmk87DKv+oVKg=,3UQkcgXsPalAaqx7ZVeRQkRigEo=
6,-5,HQZY85aiAzF8Xczmk87DKv+oVKg=,3UQkcgXsPalAaqx7ZVeRQkRigEo=
6,-3,HQZY85aiAzF8Xczmk87DKv+oVKg=,megMKUl3dxc+Z7MwlO9zbxLt8nQ=
5,-3,HQZY85aiAzF8Xczmk87DKv+oVKg=,megMKUl3dxc+Z7MwlO9zbxLt8nQ=
6,-2,HQZY85aiAzF8Xczmk87DKv+oVKg=,megMKUl3dxc+Z7MwlO9zbxLt8nQ=
5,-2,HQZY85aiAzF8Xczmk87DKv+oVKg=,megMKUl3dxc+Z7MwlO9zbxLt8nQ=
6,-4,HQZY85aiAzF8Xczmk87DKv+oVKg=,megMKUl3dxc+Z7MwlO9zbxLt8nQ=
8,-2,HQZY85aiAzF8Xczmk87DKv+oVKg=,qC20Ik5q/2KKuVHiTrSfuyguawE=
9,-2,HQZY85aiAzF8Xczmk87DKv+oVKg=,qC20Ik5q/2KKuVHiTrSfuyguawE=
10,-2,HQZY85aiAzF8Xczmk87DKv+oVKg=,qC20Ik5q/2KKuVHiTrSfuyguawE=
7,-2,HQZY85aiAzF8Xczmk87DKv+oVKg=,megMKUl3dxc+Z7MwlO9zbxLt8nQ=
9,-3,HQZY85aiAzF8Xczmk87DKv+oVKg=,qC20Ik5q/2KKuVHiTrSfuyguawE=
8,-3,HQZY85aiAzF8Xczmk87DKv+oVKg=,qC20Ik5q/2KKuVHiTrSfuyguawE=
10,-3,HQZY85aiAzF8Xczmk87DKv+oVKg=,qC20Ik5q/2KKuVHiTrSfuyguawE=
7,-3,HQZY85aiAzF8Xczmk87DKv+oVKg=,megMKUl3dxc+Z7MwlO9zbxLt8nQ=
7,-6,HQZY85aiAzF8Xczmk87DKv+oVKg=,3UQkcgXsPalAaqx7ZVeRQkRigEo=
8,-7,HQZY85aiAzF8Xczmk87DKv+oVKg=,nFWHlXxz6H2aM5QK7B95fAJv7es=
7,-7,HQZY85aiAzF8Xczmk87DKv+oVKg=,3UQkcgXsPalAaqx7ZVeRQkRigEo=
9,-7,HQZY85aiAzF8Xczmk87DKv+oVKg=,nFWHlXxz6H2aM5QK7B95fAJv7es=
10,-7,HQZY85aiAzF8Xczmk87DKv+oVKg=,nFWHlXxz6H2aM5QK7B95fAJv7es=
8,-6,HQZY85aiAzF8Xczmk87DKv+oVKg=,nFWHlXxz6H2aM5QK7B95fAJv7es=
10,-6,HQZY85aiAzF8Xczmk87DKv+oVKg=,nFWHlXxz6H2aM5QK7B95fAJv7es=
9,-6,HQZY85aiAzF8Xczmk87DKv+oVKg=,nFWHlXxz6H2aM5QK7B95fAJv7es=
7,-10,HQZY85aiAzF8Xczmk87DKv+oVKg=,CZ+IA+gI2YaaxDCFE776pwYWiLg=
9,-4,HQZY85aiAzF8Xczmk87DKv+oVKg=,qC20Ik5q/2KKuVHiTrSfuyguawE=
10,-8,HQZY85aiAzF8Xczmk87DKv+oVKg=,nFWHlXxz6H2aM5QK7B95fAJv7es=
10,-4,HQZY85aiAzF8Xczmk87DKv+oVKg=,qC20Ik5q/2KKuVHiTrSfuyguawE=
7,-11,HQZY85aiAzF8Xczmk87DKv+oVKg=,CZ+IA+gI2YaaxDCFE776pwYWiLg=
7,-9,HQZY85aiAzF8Xczmk87DKv+oVKg=,CZ+IA+gI2YaaxDCFE776pwYWiLg=
9,-8,HQZY85aiAzF8Xczmk87DKv+oVKg=,nFWHlXxz6H2aM5QK7B95fAJv7es=
7,-8,HQZY85aiAzF8Xczmk87DKv+oVKg=,3UQkcgXsPalAaqx7ZVeRQkRigEo=
7,-5,HQZY85aiAzF8Xczmk87DKv+oVKg=,3UQkcgXsPalAaqx7ZVeRQkRigEo=
8,-4,HQZY85aiAzF8Xczmk87DKv+oVKg=,qC20Ik5q/2KKuVHiTrSfuyguawE=
8,-5,HQZY85aiAzF8Xczmk87DKv+oVKg=,nFWHlXxz6H2aM5QK7B95fAJv7es=
8,-8,HQZY85aiAzF8Xczmk87DKv+oVKg=,nFWHlXxz6H2aM5QK7B95fAJv7es=
7,-4,HQZY85aiAzF8Xczmk87DKv+oVKg=,megMKUl3dxc+Z7MwlO9zbxLt8nQ=
10,-5,HQZY85aiAzF8Xczmk87DKv+oVKg=,nFWHlXxz6H2aM5QK7B95fAJv7es=
14,-6,HQZY85aiAzF8Xczmk87DKv+oVKg=,Svr53B+HSjy+0RUPGkLECCPBATM=
9,-5,HQZY85aiAzF8Xczmk87DKv+oVKg=,nFWHlXxz6H2aM5QK7B95fAJv7es=
13,-7,HQZY85aiAzF8Xczmk87DKv+oVKg=,Svr53B+HSjy+0RUPGkLECCPBATM=
12,-8,HQZY85aiAzF8Xczmk87DKv+oVKg=,Svr53B+HSjy+0RUPGkLECCPBATM=
15,-7,HQZY85aiAzF8Xczmk87DKv+oVKg=,Svr53B+HSjy+0RUPGkLECCPBATM=
11,-8,HQZY85aiAzF8Xczmk87DKv+oVKg=,nFWHlXxz6H2aM5QK7B95fAJv7es=
14,-8,HQZY85aiAzF8Xczmk87DKv+oVKg=,Svr53B+HSjy+0RUPGkLECCPBATM=
13,-6,HQZY85aiAzF8Xczmk87DKv+oVKg=,Svr53B+HSjy+0RUPGkLECCPBATM=
13,-8,HQZY85aiAzF8Xczmk87DKv+oVKg=,Svr53B+HSjy+0RUPGkLECCPBATM=
12,-7,HQZY85aiAzF8Xczmk87DKv+oVKg=,Svr53B+HSjy+0RUPGkLECCPBATM=
15,-6,HQZY85aiAzF8Xczmk87DKv+oVKg=,Svr53B+HSjy+0RUPGkLECCPBATM=
11,-7,HQZY85aiAzF8Xczmk87DKv+oVKg=,nFWHlXxz6H2aM5QK7B95fAJv7es=
14,-7,HQZY85aiAzF8Xczmk87DKv+oVKg=,Svr53B+HSjy+0RUPGkLECCPBATM=
12,-6,HQZY85aiAzF8Xczmk87DKv+oVKg=,Svr53B+HSjy+0RUPGkLECCPBATM=
11,-6,HQZY85aiAzF8Xczmk87DKv+oVKg=,nFWHlXxz6H2aM5QK7B95fAJv7es=
12,-4,HQZY85aiAzF8Xczmk87DKv+oVKg=,9pcq5cLLNao509qOeG9VEE4xTio=
13,-5,HQZY85aiAzF8Xczmk87DKv+oVKg=,Svr53B+HSjy+0RUPGkLECCPBATM=
15,-2,HQZY85aiAzF8Xczmk87DKv+oVKg=,9pcq5cLLNao509qOeG9VEE4xTio=
11,-2,HQZY85aiAzF8Xczmk87DKv+oVKg=,qC20Ik5q/2KKuVHiTrSfuyguawE=
0,-11,HQZY85aiAzF8Xczmk87DKv+oVKg=,UE7brrChRd+LXqTlPGZu6+yzkJc=
14,-1,HQZY85aiAzF8Xczmk87DKv+oVKg=,9pcq5cLLNao509qOeG9VEE4xTio=
0,-9,HQZY85aiAzF8Xczmk87DKv+oVKg=,UE7brrChRd+LXqTlPGZu6+yzkJc=
0,-8,HQZY85aiAzF8Xczmk87DKv+oVKg=,7pr5pwGqsUziA96CZY6+GWfoPL0=
11,-4,HQZY85aiAzF8Xczmk87DKv+oVKg=,qC20Ik5q/2KKuVHiTrSfuyguawE=
11,-3,HQZY85aiAzF8Xczmk87DKv+oVKg=,qC20Ik5q/2KKuVHiTrSfuyguawE=
14,-4,HQZY85aiAzF8Xczmk87DKv+oVKg=,9pcq5cLLNao509qOeG9VEE4xTio=
0,-7,HQZY85aiAzF8Xczmk87DKv+oVKg=,7pr5pwGqsUziA96CZY6+GWfoPL0=
12,-5,HQZY85aiAzF8Xczmk87DKv+oVKg=,Svr53B+HSjy+0RUPGkLECCPBATM=
5,-12,HQZY85aiAzF8Xczmk87DKv+oVKg=,CZ+IA+gI2YaaxDCFE776pwYWiLg=
6,-12,HQZY85aiAzF8Xczmk87DKv+oVKg=,CZ+IA+gI2YaaxDCFE776pwYWiLg=
14,-2,HQZY85aiAzF8Xczmk87DKv+oVKg=,9pcq5cLLNao509qOeG9VEE4xTio=
13,-1,HQZY85aiAzF8Xczmk87DKv+oVKg=,9pcq5cLLNao509qOeG9VEE4xTio=
15,-4,HQZY85aiAzF8Xczmk87DKv+oVKg=,9pcq5cLLNao509qOeG9VEE4xTio=
12,-2,HQZY85aiAzF8Xczmk87DKv+oVKg=,9pcq5cLLNao509qOeG9VEE4xTio=
13,-4,HQZY85aiAzF8Xczmk87DKv+oVKg=,9pcq5cLLNao509qOeG9VEE4xTio=
15,-5,HQZY85aiAzF8Xczmk87DKv+oVKg=,Svr53B+HSjy+0RUPGkLECCPBATM=
13,-2,HQZY85aiAzF8Xczmk87DKv+oVKg=,9pcq5cLLNao509qOeG9VEE4xTio=
0,-10,HQZY85aiAzF8Xczmk87DKv+oVKg=,UE7brrChRd+LXqTlPGZu6+yzkJc=
15,-3,HQZY85aiAzF8Xczmk87DKv+oVKg=,9pcq5cLLNao509qOeG9VEE4xTio=
14,-5,HQZY85aiAzF8Xczmk87DKv+oVKg=,Svr53B+HSjy+0RUPGkLECCPBATM=
14,-3,HQZY85aiAzF8Xczmk87DKv+oVKg=,9pcq5cLLNao509qOeG9VEE4xTio=
11,-5,HQZY85aiAzF8Xczmk87DKv+oVKg=,nFWHlXxz6H2aM5QK7B95fAJv7es=
13,-3,HQZY85aiAzF8Xczmk87DKv+oVKg=,9pcq5cLLNao509qOeG9VEE4xTio=
0,-6,HQZY85aiAzF8Xczmk87DKv+oVKg=,7pr5pwGqsUziA96CZY6+GWfoPL0=
12,-1,HQZY85aiAzF8Xczmk87DKv+oVKg=,9pcq5cLLNao509qOeG9VEE4xTio=
9,-1,HQZY85aiAzF8Xczmk87DKv+oVKg=,qC20Ik5q/2KKuVHiTrSfuyguawE=
10,-1,HQZY85aiAzF8Xczmk87DKv+oVKg=,qC20Ik5q/2KKuVHiTrSfuyguawE=
12,-3,HQZY85aiAzF8Xczmk87DKv+oVKg=,9pcq5cLLNao509qOeG9VEE4xTio=
11,-1,HQZY85aiAzF8Xczmk87DKv+oVKg=,qC20Ik5q/2KKuVHiTrSfuyguawE=
8,-1,HQZY85aiAzF8Xczmk87DKv+oVKg=,qC20Ik5q/2KKuVHiTrSfuyguawE=
7,-1,HQZY85aiAzF8Xczmk87DKv+oVKg=,megMKUl3dxc+Z7MwlO9zbxLt8nQ=
7,-12,HQZY85aiAzF8Xczmk87DKv+oVKg=,CZ+IA+gI2YaaxDCFE776pwYWiLg=
5,-1,HQZY85aiAzF8Xczmk87DKv+oVKg=,megMKUl3dxc+Z7MwlO9zbxLt8nQ=
6,-1,HQZY85aiAzF8Xczmk87DKv+oVKg=,megMKUl3dxc+Z7MwlO9zbxLt8nQ=
15,-8,HQZY85aiAzF8Xczmk87DKv+oVKg=,Svr53B+HSjy+0RUPGkLECCPBATM=
3,-16,HQZY85aiAzF8Xczmk87DKv+oVKg=,aMI1SrhuZ4nV2zywYbwFfaf4Jfw=
15,-1,HQZY85aiAzF8Xczmk87DKv+oVKg=,9pcq5cLLNao509qOeG9VEE4xTio=
2,-16,HQZY85aiAzF8Xczmk87DKv+oVKg=,aMI1SrhuZ4nV2zywYbwFfaf4Jfw=
3,-12,HQZY85aiAzF8Xczmk87DKv+oVKg=,UE7brrChRd+LXqTlPGZu6+yzkJc=
1,-13,HQZY85aiAzF8Xczmk87DKv+oVKg=,aMI1SrhuZ4nV2zywYbwFfaf4Jfw=
4,-12,HQZY85aiAzF8Xczmk87DKv+oVKg=,CZ+IA+gI2YaaxDCFE776pwYWiLg=
0,-13,HQZY85aiAzF8Xczmk87DKv+oVKg=,aMI1SrhuZ4nV2zywYbwFfaf4Jfw=
3,-14,HQZY85aiAzF8Xczmk87DKv+oVKg=,aMI1SrhuZ4nV2zywYbwFfaf4Jfw=
0,-15,HQZY85aiAzF8Xczmk87DKv+oVKg=,aMI1SrhuZ4nV2zywYbwFfaf4Jfw=
1,-16,HQZY85aiAzF8Xczmk87DKv+oVKg=,aMI1SrhuZ4nV2zywYbwFfaf4Jfw=
3,-13,HQZY85aiAzF8Xczmk87DKv+oVKg=,aMI1SrhuZ4nV2zywYbwFfaf4Jfw=
1,-12,HQZY85aiAzF8Xczmk87DKv+oVKg=,UE7brrChRd+LXqTlPGZu6+yzkJc=
0,-14,HQZY85aiAzF8Xczmk87DKv+oVKg=,aMI1SrhuZ4nV2zywYbwFfaf4Jfw=
3,-15,HQZY85aiAzF8Xczmk87DKv+oVKg=,aMI1SrhuZ4nV2zywYbwFfaf4Jfw=
2,-15,HQZY85aiAzF8Xczmk87DKv+oVKg=,aMI1SrhuZ4nV2zywYbwFfaf4Jfw=
2,-13,HQZY85aiAzF8Xczmk87DKv+oVKg=,aMI1SrhuZ4nV2zywYbwFfaf4Jfw=
0,-12,HQZY85aiAzF8Xczmk87DKv+oVKg=,UE7brrChRd+LXqTlPGZu6+yzkJc=
2,-12,HQZY85aiAzF8Xczmk87DKv+oVKg=,UE7brrChRd+LXqTlPGZu6+yzkJc=
2,-14,HQZY85aiAzF8Xczmk87DKv+oVKg=,aMI1SrhuZ4nV2zywYbwFfaf4Jfw=
1,-14,HQZY85aiAzF8Xczmk87DKv+oVKg=,aMI1SrhuZ4nV2zywYbwFfaf4Jfw=
1,-15,HQZY85aiAzF8Xczmk87DKv+oVKg=,aMI1SrhuZ4nV2zywYbwFfaf4Jfw=
0,-16,HQZY85aiAzF8Xczmk87DKv+oVKg=,aMI1SrhuZ4nV2zywYbwFfaf4Jfw=
12,-13,HQZY85aiAzF8Xczmk87DKv+oVKg=,ZkSmxikMMs/4UTNX5SYQUE8kYbI=
12,-15,HQZY85aiAzF8Xczmk87DKv+oVKg=,ZkSmxikMMs/4UTNX5SYQUE8kYbI=
12,-14,HQZY85aiAzF8Xczmk87DKv+oVKg=,ZkSmxikMMs/4UTNX5SYQUE8kYbI=
15,-16,HQZY85aiAzF8Xczmk87DKv+oVKg=,ZkSmxikMMs/4UTNX5SYQUE8kYbI=
15,-14,HQZY85aiAzF8Xczmk87DKv+oVKg=,ZkSmxikMMs/4UTNX5SYQUE8kYbI=
15,-13,HQZY85aiAzF8Xczmk87DKv+oVKg=,ZkSmxikMMs/4UTNX5SYQUE8kYbI=
13,-14,HQZY85aiAzF8Xczmk87DKv+oVKg=,ZkSmxikMMs/4UTNX5SYQUE8kYbI=
12,-16,HQZY85aiAzF8Xczmk87DKv+oVKg=,ZkSmxikMMs/4UTNX5SYQUE8kYbI=
13,-13,HQZY85aiAzF8Xczmk87DKv+oVKg=,ZkSmxikMMs/4UTNX5SYQUE8kYbI=
13,-15,HQZY85aiAzF8Xczmk87DKv+oVKg=,ZkSmxikMMs/4UTNX5SYQUE8kYbI=
14,-13,HQZY85aiAzF8Xczmk87DKv+oVKg=,ZkSmxikMMs/4UTNX5SYQUE8kYbI=
14,-16,HQZY85aiAzF8Xczmk87DKv+oVKg=,ZkSmxikMMs/4UTNX5SYQUE8kYbI=
14,-14,HQZY85aiAzF8Xczmk87DKv+oVKg=,ZkSmxikMMs/4UTNX5SYQUE8kYbI=
14,-15,HQZY85aiAzF8Xczmk87DKv+oVKg=,ZkSmxikMMs/4UTNX5SYQUE8kYbI=
13,-16,HQZY85aiAzF8Xczmk87DKv+oVKg=,ZkSmxikMMs/4UTNX5SYQUE8kYbI=
15,-15,HQZY85aiAzF8Xczmk87DKv+oVKg=,ZkSmxikMMs/4UTNX5SYQUE8kYbI=
4,-1,HQZY85aiAzF8Xczmk87DKv+oVKg=,megMKUl3dxc+Z7MwlO9zbxLt8nQ=
1,-4,HQZY85aiAzF8Xczmk87DKv+oVKg=,lwO+ZPwCXRKjS9GVI9dkcPLj82g=
2,-4,HQZY85aiAzF8Xczmk87DKv+oVKg=,lwO+ZPwCXRKjS9GVI9dkcPLj82g=
4,-5,HQZY85aiAzF8Xczmk87DKv+oVKg=,3UQkcgXsPalAaqx7ZVeRQkRigEo=
3,-4,HQZY85aiAzF8Xczmk87DKv+oVKg=,lwO+ZPwCXRKjS9GVI9dkcPLj82g=
4,-4,HQZY85aiAzF8Xczmk87DKv+oVKg=,megMKUl3dxc+Z7MwlO9zbxLt8nQ=
0,-4,HQZY85aiAzF8Xczmk87DKv+oVKg=,lwO+ZPwCXRKjS9GVI9dkcPLj82g=
3,-5,HQZY85aiAzF8Xczmk87DKv+oVKg=,7pr5pwGqsUziA96CZY6+GWfoPL0=
3,-1,HQZY85aiAzF8Xczmk87DKv+oVKg=,lwO+ZPwCXRKjS9GVI9dkcPLj82g=
4,-3,HQZY85aiAzF8Xczmk87DKv+oVKg=,megMKUl3dxc+Z7MwlO9zbxLt8nQ=
2,-1,HQZY85aiAzF8Xczmk87DKv+oVKg=,lwO+ZPwCXRKjS9GVI9dkcPLj82g=
1,-1,HQZY85aiAzF8Xczmk87DKv+oVKg=,lwO+ZPwCXRKjS9GVI9dkcPLj82g=
2,-2,HQZY85aiAzF8Xczmk87DKv+oVKg=,lwO+ZPwCXRKjS9GVI9dkcPLj82g=
0,-2,HQZY85aiAzF8Xczmk87DKv+oVKg=,lwO+ZPwCXRKjS9GVI9dkcPLj82g=
0,-5,HQZY85aiAzF8Xczmk87DKv+oVKg=,7pr5pwGqsUziA96CZY6+GWfoPL0=
1,-2,HQZY85aiAzF8Xczmk87DKv+oVKg=,lwO+ZPwCXRKjS9GVI9dkcPLj82g=
2,-3,HQZY85aiAzF8Xczmk87DKv+oVKg=,lwO+ZPwCXRKjS9GVI9dkcPLj82g=
4,-2,HQZY85aiAzF8Xczmk87DKv+oVKg=,megMKUl3dxc+Z7MwlO9zbxLt8nQ=
3,-3,HQZY85aiAzF8Xczmk87DKv+oVKg=,lwO+ZPwCXRKjS9GVI9dkcPLj82g=
2,-5,HQZY85aiAzF8Xczmk87DKv+oVKg=,7pr5pwGqsUziA96CZY6+GWfoPL0=
1,-5,HQZY85aiAzF8Xczmk87DKv+oVKg=,7pr5pwGqsUziA96CZY6+GWfoPL0=
1,-3,HQZY85aiAzF8Xczmk87DKv+oVKg=,lwO+ZPwCXRKjS9GVI9dkcPLj82g=
0,-3,HQZY85aiAzF8Xczmk87DKv+oVKg=,lwO+ZPwCXRKjS9GVI9dkcPLj82g=
0,-1,HQZY85aiAzF8Xczmk87DKv+oVKg=,lwO+ZPwCXRKjS9GVI9dkcPLj82g=
3,-2,HQZY85aiAzF8Xczmk87DKv+oVKg=,lwO+ZPwCXRKjS9GVI9dkcPLj82g=
