-10,-45,RVbnVmoNKEgf2YukTnCOQxvroJo=,OT3Fl/DwPQ8M4z99JD0T2jnu5I0=
-11,-48,RVbnVmoNKEgf2YukTnCOQxvroJo=,OT3Fl/DwPQ8M4z99JD0T2jnu5I0=
-10,-46,RVbnVmoNKEgf2YukTnCOQxvroJo=,OT3Fl/DwPQ8M4z99JD0T2jnu5I0=
-11,-45,RVbnVmoNKEgf2YukTnCOQxvroJo=,OT3Fl/DwPQ8M4z99JD0T2jnu5I0=
-13,-48,RVbnVmoNKEgf2YukTnCOQxvroJo=,OT3Fl/DwPQ8M4z99JD0T2jnu5I0=
-12,-45,RVbnVmoNKEgf2YukTnCOQxvroJo=,OT3Fl/DwPQ8M4z99JD0T2jnu5I0=
-9,-45,RVbnVmoNKEgf2YukTnCOQxvroJo=,OT3Fl/DwPQ8M4z99JD0T2jnu5I0=
-11,-46,RVbnVmoNKEgf2YukTnCOQxvroJo=,OT3Fl/DwPQ8M4z99JD0T2jnu5I0=
-8,-45,RVbnVmoNKEgf2YukTnCOQxvroJo=,OT3Fl/DwPQ8M4z99JD0T2jnu5I0=
-11,-47,RVbnVmoNKEgf2YukTnCOQxvroJo=,OT3Fl/DwPQ8M4z99JD0T2jnu5I0=
-13,-45,RVbnVmoNKEgf2YukTnCOQxvroJo=,OT3Fl/DwPQ8M4z99JD0T2jnu5I0=
-12,-47,RVbnVmoNKEgf2YukTnCOQxvroJo=,OT3Fl/DwPQ8M4z99JD0T2jnu5I0=
-14,-45,RVbnVmoNKEgf2YukTnCOQxvroJo=,OT3Fl/DwPQ8M4z99JD0T2jnu5I0=
-7,-45,RVbnVmoNKEgf2YukTnCOQxvroJo=,OT3Fl/DwPQ8M4z99JD0T2jnu5I0=
-6,-45,RVbnVmoNKEgf2YukTnCOQxvroJo=,OT3Fl/DwPQ8M4z99JD0T2jnu5I0=
-15,-48,RVbnVmoNKEgf2YukTnCOQxvroJo=,OT3Fl/DwPQ8M4z99JD0T2jnu5I0=
-12,-46,RVbnVmoNKEgf2YukTnCOQxvroJo=,OT3Fl/DwPQ8M4z99JD0T2jnu5I0=
-4,-33,RVbnVmoNKEgf2YukTnCOQxvroJo=,OT3Fl/DwPQ8M4z99JD0T2jnu5I0=
-5,-45,RVbnVmoNKEgf2YukTnCOQxvroJo=,OT3Fl/DwPQ8M4z99JD0T2jnu5I0=
-5,-33,RVbnVmoNKEgf2YukTnCOQxvroJo=,OT3Fl/DwPQ8M4z99JD0T2jnu5I0=
-6,-33,RVbnVmoNKEgf2YukTnCOQxvroJo=,OT3Fl/DwPQ8M4z99JD0T2jnu5I0=
-4,-45,RVbnVmoNKEgf2YukTnCOQxvroJo=,OT3Fl/DwPQ8M4z99JD0T2jnu5I0=
-3,-33,RVbnVmoNKEgf2YukTnCOQxvroJo=,OT3Fl/DwPQ8M4z99JD0T2jnu5I0=
-8,-33,RVbnVmoNKEgf2YukTnCOQxvroJo=,OT3Fl/DwPQ8M4z99JD0T2jnu5I0=
-3,-45,RVbnVmoNKEgf2YukTnCOQxvroJo=,OT3Fl/DwPQ8M4z99JD0T2jnu5I0=
-9,-33,RVbnVmoNKEgf2YukTnCOQxvroJo=,OT3Fl/DwPQ8M4z99JD0T2jnu5I0=
-7,-33,RVbnVmoNKEgf2YukTnCOQxvroJo=,OT3Fl/DwPQ8M4z99JD0T2jnu5I0=
-13,-33,RVbnVmoNKEgf2YukTnCOQxvroJo=,OT3Fl/DwPQ8M4z99JD0T2jnu5I0=
-10,-33,lM5Zkxt0FMt1dx+Vn9se8x5qonY=,OT3Fl/DwPQ8M4z99JD0T2jnu5I0=
-12,-33,RVbnVmoNKEgf2YukTnCOQxvroJo=,OT3Fl/DwPQ8M4z99JD0T2jnu5I0=
-15,-33,RVbnVmoNKEgf2YukTnCOQxvroJo=,OT3Fl/DwPQ8M4z99JD0T2jnu5I0=
-12,-48,RVbnVmoNKEgf2YukTnCOQxvroJo=,OT3Fl/DwPQ8M4z99JD0T2jnu5I0=
-14,-33,RVbnVmoNKEgf2YukTnCOQxvroJo=,OT3Fl/DwPQ8M4z99JD0T2jnu5I0=
-15,-45,RVbnVmoNKEgf2YukTnCOQxvroJo=,OT3Fl/DwPQ8M4z99JD0T2jnu5I0=
-13,-46,RVbnVmoNKEgf2YukTnCOQxvroJo=,OT3Fl/DwPQ8M4z99JD0T2jnu5I0=
-16,-33,RVbnVmoNKEgf2YukTnCOQxvroJo=,OT3Fl/DwPQ8M4z99JD0T2jnu5I0=
-4,-34,RVbnVmoNKEgf2YukTnCOQxvroJo=,OT3Fl/DwPQ8M4z99JD0T2jnu5I0=
-5,-34,RVbnVmoNKEgf2YukTnCOQxvroJo=,OT3Fl/DwPQ8M4z99JD0T2jnu5I0=
-3,-34,RVbnVmoNKEgf2YukTnCOQxvroJo=,OT3Fl/DwPQ8M4z99JD0T2jnu5I0=
-6,-34,RVbnVmoNKEgf2YukTnCOQxvroJo=,OT3Fl/DwPQ8M4z99JD0T2jnu5I0=
-8,-34,RVbnVmoNKEgf2YukTnCOQxvroJo=,OT3Fl/DwPQ8M4z99JD0T2jnu5I0=
-7,-34,RVbnVmoNKEgf2YukTnCOQxvroJo=,OT3Fl/DwPQ8M4z99JD0T2jnu5I0=
-9,-34,RVbnVmoNKEgf2YukTnCOQxvroJo=,OT3Fl/DwPQ8M4z99JD0T2jnu5I0=
-10,-34,lM5Zkxt0FMt1dx+Vn9se8x5qonY=,OT3Fl/DwPQ8M4z99JD0T2jnu5I0=
-12,-34,RVbnVmoNKEgf2YukTnCOQxvroJo=,OT3Fl/DwPQ8M4z99JD0T2jnu5I0=
-11,-34,RVbnVmoNKEgf2YukTnCOQxvroJo=,OT3Fl/DwPQ8M4z99JD0T2jnu5I0=
-13,-34,RVbnVmoNKEgf2YukTnCOQxvroJo=,OT3Fl/DwPQ8M4z99JD0T2jnu5I0=
-14,-34,RVbnVmoNKEgf2YukTnCOQxvroJo=,OT3Fl/DwPQ8M4z99JD0T2jnu5I0=
-15,-34,RVbnVmoNKEgf2YukTnCOQxvroJo=,OT3Fl/DwPQ8M4z99JD0T2jnu5I0=
-16,-34,RVbnVmoNKEgf2YukTnCOQxvroJo=,OT3Fl/DwPQ8M4z99JD0T2jnu5I0=
-14,-46,RVbnVmoNKEgf2YukTnCOQxvroJo=,OT3Fl/DwPQ8M4z99JD0T2jnu5I0=
-13,-47,RVbnVmoNKEgf2YukTnCOQxvroJo=,OT3Fl/DwPQ8M4z99JD0T2jnu5I0=
-11,-33,RVbnVmoNKEgf2YukTnCOQxvroJo=,OT3Fl/DwPQ8M4z99JD0T2jnu5I0=
-4,-35,RVbnVmoNKEgf2YukTnCOQxvroJo=,OT3Fl/DwPQ8M4z99JD0T2jnu5I0=
-5,-35,lM5Zkxt0FMt1dx+Vn9se8x5qonY=,OT3Fl/DwPQ8M4z99JD0T2jnu5I0=
-6,-35,RVbnVmoNKEgf2YukTnCOQxvroJo=,OT3Fl/DwPQ8M4z99JD0T2jnu5I0=
-7,-35,RVbnVmoNKEgf2YukTnCOQxvroJo=,OT3Fl/DwPQ8M4z99JD0T2jnu5I0=
-8,-35,RVbnVmoNKEgf2YukTnCOQxvroJo=,OT3Fl/DwPQ8M4z99JD0T2jnu5I0=
-9,-35,RVbnVmoNKEgf2YukTnCOQxvroJo=,OT3Fl/DwPQ8M4z99JD0T2jnu5I0=
-10,-35,RVbnVmoNKEgf2YukTnCOQxvroJo=,OT3Fl/DwPQ8M4z99JD0T2jnu5I0=
-11,-35,RVbnVmoNKEgf2YukTnCOQxvroJo=,OT3Fl/DwPQ8M4z99JD0T2jnu5I0=
-12,-35,RVbnVmoNKEgf2YukTnCOQxvroJo=,OT3Fl/DwPQ8M4z99JD0T2jnu5I0=
-13,-35,RVbnVmoNKEgf2YukTnCOQxvroJo=,OT3Fl/DwPQ8M4z99JD0T2jnu5I0=
-14,-35,RVbnVmoNKEgf2YukTnCOQxvroJo=,OT3Fl/DwPQ8M4z99JD0T2jnu5I0=
-15,-35,RVbnVmoNKEgf2YukTnCOQxvroJo=,OT3Fl/DwPQ8M4z99JD0T2jnu5I0=
-14,-47,RVbnVmoNKEgf2YukTnCOQxvroJo=,OT3Fl/DwPQ8M4z99JD0T2jnu5I0=
-16,-35,RVbnVmoNKEgf2YukTnCOQxvroJo=,OT3Fl/DwPQ8M4z99JD0T2jnu5I0=
-15,-46,RVbnVmoNKEgf2YukTnCOQxvroJo=,OT3Fl/DwPQ8M4z99JD0T2jnu5I0=
-3,-36,lM5Zkxt0FMt1dx+Vn9se8x5qonY=,OT3Fl/DwPQ8M4z99JD0T2jnu5I0=
-4,-36,lM5Zkxt0FMt1dx+Vn9se8x5qonY=,OT3Fl/DwPQ8M4z99JD0T2jnu5I0=
-5,-36,lM5Zkxt0FMt1dx+Vn9se8x5qonY=,OT3Fl/DwPQ8M4z99JD0T2jnu5I0=
-7,-36,lM5Zkxt0FMt1dx+Vn9se8x5qonY=,OT3Fl/DwPQ8M4z99JD0T2jnu5I0=
-6,-36,lM5Zkxt0FMt1dx+Vn9se8x5qonY=,OT3Fl/DwPQ8M4z99JD0T2jnu5I0=
-8,-36,lM5Zkxt0FMt1dx+Vn9se8x5qonY=,OT3Fl/DwPQ8M4z99JD0T2jnu5I0=
-9,-36,lM5Zkxt0FMt1dx+Vn9se8x5qonY=,OT3Fl/DwPQ8M4z99JD0T2jnu5I0=
-10,-36,lM5Zkxt0FMt1dx+Vn9se8x5qonY=,OT3Fl/DwPQ8M4z99JD0T2jnu5I0=
-11,-36,lM5Zkxt0FMt1dx+Vn9se8x5qonY=,OT3Fl/DwPQ8M4z99JD0T2jnu5I0=
-12,-36,lM5Zkxt0FMt1dx+Vn9se8x5qonY=,OT3Fl/DwPQ8M4z99JD0T2jnu5I0=
-13,-36,lM5Zkxt0FMt1dx+Vn9se8x5qonY=,OT3Fl/DwPQ8M4z99JD0T2jnu5I0=
-14,-36,lM5Zkxt0FMt1dx+Vn9se8x5qonY=,OT3Fl/DwPQ8M4z99JD0T2jnu5I0=
-15,-36,lM5Zkxt0FMt1dx+Vn9se8x5qonY=,OT3Fl/DwPQ8M4z99JD0T2jnu5I0=
-15,-47,RVbnVmoNKEgf2YukTnCOQxvroJo=,OT3Fl/DwPQ8M4z99JD0T2jnu5I0=
-16,-47,lM5Zkxt0FMt1dx+Vn9se8x5qonY=,OT3Fl/DwPQ8M4z99JD0T2jnu5I0=
-16,-36,lM5Zkxt0FMt1dx+Vn9se8x5qonY=,OT3Fl/DwPQ8M4z99JD0T2jnu5I0=
-16,-45,lM5Zkxt0FMt1dx+Vn9se8x5qonY=,OT3Fl/DwPQ8M4z99JD0T2jnu5I0=
-14,-48,lM5Zkxt0FMt1dx+Vn9se8x5qonY=,OT3Fl/DwPQ8M4z99JD0T2jnu5I0=
-3,-35,RVbnVmoNKEgf2YukTnCOQxvroJo=,OT3Fl/DwPQ8M4z99JD0T2jnu5I0=
-16,-46,RVbnVmoNKEgf2YukTnCOQxvroJo=,OT3Fl/DwPQ8M4z99JD0T2jnu5I0=
-1,-46,lM5Zkxt0FMt1dx+Vn9se8x5qonY=,OT3Fl/DwPQ8M4z99JD0T2jnu5I0=
-2,-34,RVbnVmoNKEgf2YukTnCOQxvroJo=,OT3Fl/DwPQ8M4z99JD0T2jnu5I0=
-2,-45,RVbnVmoNKEgf2YukTnCOQxvroJo=,OT3Fl/DwPQ8M4z99JD0T2jnu5I0=
-10,-47,RVbnVmoNKEgf2YukTnCOQxvroJo=,OT3Fl/DwPQ8M4z99JD0T2jnu5I0=
-1,-45,RVbnVmoNKEgf2YukTnCOQxvroJo=,OT3Fl/DwPQ8M4z99JD0T2jnu5I0=
-16,-44,RVbnVmoNKEgf2YukTnCOQxvroJo=,OT3Fl/DwPQ8M4z99JD0T2jnu5I0=
-9,-46,RVbnVmoNKEgf2YukTnCOQxvroJo=,OT3Fl/DwPQ8M4z99JD0T2jnu5I0=
-10,-48,RVbnVmoNKEgf2YukTnCOQxvroJo=,OT3Fl/DwPQ8M4z99JD0T2jnu5I0=
-15,-44,lM5Zkxt0FMt1dx+Vn9se8x5qonY=,OT3Fl/DwPQ8M4z99JD0T2jnu5I0=
-13,-44,lM5Zkxt0FMt1dx+Vn9se8x5qonY=,OT3Fl/DwPQ8M4z99JD0T2jnu5I0=
-12,-44,lM5Zkxt0FMt1dx+Vn9se8x5qonY=,OT3Fl/DwPQ8M4z99JD0T2jnu5I0=
-11,-44,lM5Zkxt0FMt1dx+Vn9se8x5qonY=,OT3Fl/DwPQ8M4z99JD0T2jnu5I0=
-10,-44,lM5Zkxt0FMt1dx+Vn9se8x5qonY=,OT3Fl/DwPQ8M4z99JD0T2jnu5I0=
-9,-44,lM5Zkxt0FMt1dx+Vn9se8x5qonY=,OT3Fl/DwPQ8M4z99JD0T2jnu5I0=
-14,-44,lM5Zkxt0FMt1dx+Vn9se8x5qonY=,OT3Fl/DwPQ8M4z99JD0T2jnu5I0=
-8,-44,lM5Zkxt0FMt1dx+Vn9se8x5qonY=,OT3Fl/DwPQ8M4z99JD0T2jnu5I0=
-7,-44,lM5Zkxt0FMt1dx+Vn9se8x5qonY=,OT3Fl/DwPQ8M4z99JD0T2jnu5I0=
-6,-44,lM5Zkxt0FMt1dx+Vn9se8x5qonY=,OT3Fl/DwPQ8M4z99JD0T2jnu5I0=
-5,-44,lM5Zkxt0FMt1dx+Vn9se8x5qonY=,OT3Fl/DwPQ8M4z99JD0T2jnu5I0=
-4,-44,lM5Zkxt0FMt1dx+Vn9se8x5qonY=,OT3Fl/DwPQ8M4z99JD0T2jnu5I0=
-1,-34,RVbnVmoNKEgf2YukTnCOQxvroJo=,OT3Fl/DwPQ8M4z99JD0T2jnu5I0=
-1,-37,lM5Zkxt0FMt1dx+Vn9se8x5qonY=,OT3Fl/DwPQ8M4z99JD0T2jnu5I0=
-2,-48,lM5Zkxt0FMt1dx+Vn9se8x5qonY=,OT3Fl/DwPQ8M4z99JD0T2jnu5I0=
-2,-37,lM5Zkxt0FMt1dx+Vn9se8x5qonY=,OT3Fl/DwPQ8M4z99JD0T2jnu5I0=
-3,-37,lM5Zkxt0FMt1dx+Vn9se8x5qonY=,OT3Fl/DwPQ8M4z99JD0T2jnu5I0=
-4,-37,lM5Zkxt0FMt1dx+Vn9se8x5qonY=,OT3Fl/DwPQ8M4z99JD0T2jnu5I0=
-5,-37,lM5Zkxt0FMt1dx+Vn9se8x5qonY=,OT3Fl/DwPQ8M4z99JD0T2jnu5I0=
-6,-37,lM5Zkxt0FMt1dx+Vn9se8x5qonY=,OT3Fl/DwPQ8M4z99JD0T2jnu5I0=
-7,-37,lM5Zkxt0FMt1dx+Vn9se8x5qonY=,OT3Fl/DwPQ8M4z99JD0T2jnu5I0=
-8,-37,lM5Zkxt0FMt1dx+Vn9se8x5qonY=,OT3Fl/DwPQ8M4z99JD0T2jnu5I0=
-9,-37,lM5Zkxt0FMt1dx+Vn9se8x5qonY=,OT3Fl/DwPQ8M4z99JD0T2jnu5I0=
-10,-37,lM5Zkxt0FMt1dx+Vn9se8x5qonY=,OT3Fl/DwPQ8M4z99JD0T2jnu5I0=
-11,-37,lM5Zkxt0FMt1dx+Vn9se8x5qonY=,OT3Fl/DwPQ8M4z99JD0T2jnu5I0=
-12,-37,lM5Zkxt0FMt1dx+Vn9se8x5qonY=,OT3Fl/DwPQ8M4z99JD0T2jnu5I0=
-13,-37,lM5Zkxt0FMt1dx+Vn9se8x5qonY=,OT3Fl/DwPQ8M4z99JD0T2jnu5I0=
-14,-37,lM5Zkxt0FMt1dx+Vn9se8x5qonY=,OT3Fl/DwPQ8M4z99JD0T2jnu5I0=
-15,-37,lM5Zkxt0FMt1dx+Vn9se8x5qonY=,OT3Fl/DwPQ8M4z99JD0T2jnu5I0=
-3,-44,lM5Zkxt0FMt1dx+Vn9se8x5qonY=,OT3Fl/DwPQ8M4z99JD0T2jnu5I0=
-2,-47,lM5Zkxt0FMt1dx+Vn9se8x5qonY=,OT3Fl/DwPQ8M4z99JD0T2jnu5I0=
-16,-37,lM5Zkxt0FMt1dx+Vn9se8x5qonY=,OT3Fl/DwPQ8M4z99JD0T2jnu5I0=
-3,-48,lM5Zkxt0FMt1dx+Vn9se8x5qonY=,OT3Fl/DwPQ8M4z99JD0T2jnu5I0=
-3,-47,lM5Zkxt0FMt1dx+Vn9se8x5qonY=,OT3Fl/DwPQ8M4z99JD0T2jnu5I0=
-1,-47,lM5Zkxt0FMt1dx+Vn9se8x5qonY=,OT3Fl/DwPQ8M4z99JD0T2jnu5I0=
-2,-46,lM5Zkxt0FMt1dx+Vn9se8x5qonY=,OT3Fl/DwPQ8M4z99JD0T2jnu5I0=
-3,-38,lM5Zkxt0FMt1dx+Vn9se8x5qonY=,OT3Fl/DwPQ8M4z99JD0T2jnu5I0=
-4,-38,lM5Zkxt0FMt1dx+Vn9se8x5qonY=,OT3Fl/DwPQ8M4z99JD0T2jnu5I0=
-5,-38,lM5Zkxt0FMt1dx+Vn9se8x5qonY=,OT3Fl/DwPQ8M4z99JD0T2jnu5I0=
-6,-38,lM5Zkxt0FMt1dx+Vn9se8x5qonY=,OT3Fl/DwPQ8M4z99JD0T2jnu5I0=
-7,-38,lM5Zkxt0FMt1dx+Vn9se8x5qonY=,OT3Fl/DwPQ8M4z99JD0T2jnu5I0=
-8,-38,lM5Zkxt0FMt1dx+Vn9se8x5qonY=,OT3Fl/DwPQ8M4z99JD0T2jnu5I0=
-9,-38,lM5Zkxt0FMt1dx+Vn9se8x5qonY=,OT3Fl/DwPQ8M4z99JD0T2jnu5I0=
-10,-38,lM5Zkxt0FMt1dx+Vn9se8x5qonY=,OT3Fl/DwPQ8M4z99JD0T2jnu5I0=
-11,-38,lM5Zkxt0FMt1dx+Vn9se8x5qonY=,OT3Fl/DwPQ8M4z99JD0T2jnu5I0=
-12,-38,lM5Zkxt0FMt1dx+Vn9se8x5qonY=,OT3Fl/DwPQ8M4z99JD0T2jnu5I0=
-13,-38,lM5Zkxt0FMt1dx+Vn9se8x5qonY=,OT3Fl/DwPQ8M4z99JD0T2jnu5I0=
-14,-38,lM5Zkxt0FMt1dx+Vn9se8x5qonY=,OT3Fl/DwPQ8M4z99JD0T2jnu5I0=
-15,-38,lM5Zkxt0FMt1dx+Vn9se8x5qonY=,OT3Fl/DwPQ8M4z99JD0T2jnu5I0=
-3,-46,lM5Zkxt0FMt1dx+Vn9se8x5qonY=,OT3Fl/DwPQ8M4z99JD0T2jnu5I0=
-16,-38,lM5Zkxt0FMt1dx+Vn9se8x5qonY=,OT3Fl/DwPQ8M4z99JD0T2jnu5I0=
-4,-48,lM5Zkxt0FMt1dx+Vn9se8x5qonY=,OT3Fl/DwPQ8M4z99JD0T2jnu5I0=
-2,-36,lM5Zkxt0FMt1dx+Vn9se8x5qonY=,OT3Fl/DwPQ8M4z99JD0T2jnu5I0=
-4,-47,lM5Zkxt0FMt1dx+Vn9se8x5qonY=,OT3Fl/DwPQ8M4z99JD0T2jnu5I0=
-2,-44,lM5Zkxt0FMt1dx+Vn9se8x5qonY=,OT3Fl/DwPQ8M4z99JD0T2jnu5I0=
-1,-48,lM5Zkxt0FMt1dx+Vn9se8x5qonY=,OT3Fl/DwPQ8M4z99JD0T2jnu5I0=
-3,-39,lM5Zkxt0FMt1dx+Vn9se8x5qonY=,OT3Fl/DwPQ8M4z99JD0T2jnu5I0=
-4,-39,lM5Zkxt0FMt1dx+Vn9se8x5qonY=,OT3Fl/DwPQ8M4z99JD0T2jnu5I0=
-5,-39,lM5Zkxt0FMt1dx+Vn9se8x5qonY=,OT3Fl/DwPQ8M4z99JD0T2jnu5I0=
-6,-39,lM5Zkxt0FMt1dx+Vn9se8x5qonY=,OT3Fl/DwPQ8M4z99JD0T2jnu5I0=
-7,-39,lM5Zkxt0FMt1dx+Vn9se8x5qonY=,OT3Fl/DwPQ8M4z99JD0T2jnu5I0=
-8,-39,lM5Zkxt0FMt1dx+Vn9se8x5qonY=,OT3Fl/DwPQ8M4z99JD0T2jnu5I0=
-9,-39,lM5Zkxt0FMt1dx+Vn9se8x5qonY=,OT3Fl/DwPQ8M4z99JD0T2jnu5I0=
-10,-39,lM5Zkxt0FMt1dx+Vn9se8x5qonY=,OT3Fl/DwPQ8M4z99JD0T2jnu5I0=
-11,-39,lM5Zkxt0FMt1dx+Vn9se8x5qonY=,OT3Fl/DwPQ8M4z99JD0T2jnu5I0=
-12,-39,lM5Zkxt0FMt1dx+Vn9se8x5qonY=,OT3Fl/DwPQ8M4z99JD0T2jnu5I0=
-13,-39,lM5Zkxt0FMt1dx+Vn9se8x5qonY=,OT3Fl/DwPQ8M4z99JD0T2jnu5I0=
-14,-39,lM5Zkxt0FMt1dx+Vn9se8x5qonY=,OT3Fl/DwPQ8M4z99JD0T2jnu5I0=
-15,-39,lM5Zkxt0FMt1dx+Vn9se8x5qonY=,OT3Fl/DwPQ8M4z99JD0T2jnu5I0=
-16,-39,lM5Zkxt0FMt1dx+Vn9se8x5qonY=,OT3Fl/DwPQ8M4z99JD0T2jnu5I0=
-4,-46,lM5Zkxt0FMt1dx+Vn9se8x5qonY=,OT3Fl/DwPQ8M4z99JD0T2jnu5I0=
-5,-48,lM5Zkxt0FMt1dx+Vn9se8x5qonY=,OT3Fl/DwPQ8M4z99JD0T2jnu5I0=
-2,-33,lM5Zkxt0FMt1dx+Vn9se8x5qonY=,OT3Fl/DwPQ8M4z99JD0T2jnu5I0=
-5,-47,lM5Zkxt0FMt1dx+Vn9se8x5qonY=,OT3Fl/DwPQ8M4z99JD0T2jnu5I0=
-2,-38,lM5Zkxt0FMt1dx+Vn9se8x5qonY=,OT3Fl/DwPQ8M4z99JD0T2jnu5I0=
-3,-40,lM5Zkxt0FMt1dx+Vn9se8x5qonY=,OT3Fl/DwPQ8M4z99JD0T2jnu5I0=
-4,-40,lM5Zkxt0FMt1dx+Vn9se8x5qonY=,OT3Fl/DwPQ8M4z99JD0T2jnu5I0=
-5,-40,lM5Zkxt0FMt1dx+Vn9se8x5qonY=,OT3Fl/DwPQ8M4z99JD0T2jnu5I0=
-6,-40,lM5Zkxt0FMt1dx+Vn9se8x5qonY=,OT3Fl/DwPQ8M4z99JD0T2jnu5I0=
-7,-40,lM5Zkxt0FMt1dx+Vn9se8x5qonY=,OT3Fl/DwPQ8M4z99JD0T2jnu5I0=
-8,-40,lM5Zkxt0FMt1dx+Vn9se8x5qonY=,OT3Fl/DwPQ8M4z99JD0T2jnu5I0=
-9,-40,lM5Zkxt0FMt1dx+Vn9se8x5qonY=,OT3Fl/DwPQ8M4z99JD0T2jnu5I0=
-10,-40,lM5Zkxt0FMt1dx+Vn9se8x5qonY=,OT3Fl/DwPQ8M4z99JD0T2jnu5I0=
-11,-40,lM5Zkxt0FMt1dx+Vn9se8x5qonY=,OT3Fl/DwPQ8M4z99JD0T2jnu5I0=
-12,-40,lM5Zkxt0FMt1dx+Vn9se8x5qonY=,OT3Fl/DwPQ8M4z99JD0T2jnu5I0=
-13,-40,lM5Zkxt0FMt1dx+Vn9se8x5qonY=,OT3Fl/DwPQ8M4z99JD0T2jnu5I0=
-14,-40,lM5Zkxt0FMt1dx+Vn9se8x5qonY=,OT3Fl/DwPQ8M4z99JD0T2jnu5I0=
-15,-40,lM5Zkxt0FMt1dx+Vn9se8x5qonY=,OT3Fl/DwPQ8M4z99JD0T2jnu5I0=
-16,-40,lM5Zkxt0FMt1dx+Vn9se8x5qonY=,OT3Fl/DwPQ8M4z99JD0T2jnu5I0=
-5,-46,lM5Zkxt0FMt1dx+Vn9se8x5qonY=,OT3Fl/DwPQ8M4z99JD0T2jnu5I0=
-6,-48,lM5Zkxt0FMt1dx+Vn9se8x5qonY=,OT3Fl/DwPQ8M4z99JD0T2jnu5I0=
-1,-38,lM5Zkxt0FMt1dx+Vn9se8x5qonY=,OT3Fl/DwPQ8M4z99JD0T2jnu5I0=
-6,-47,lM5Zkxt0FMt1dx+Vn9se8x5qonY=,OT3Fl/DwPQ8M4z99JD0T2jnu5I0=
-2,-41,lM5Zkxt0FMt1dx+Vn9se8x5qonY=,OT3Fl/DwPQ8M4z99JD0T2jnu5I0=
-3,-41,lM5Zkxt0FMt1dx+Vn9se8x5qonY=,OT3Fl/DwPQ8M4z99JD0T2jnu5I0=
-4,-41,lM5Zkxt0FMt1dx+Vn9se8x5qonY=,OT3Fl/DwPQ8M4z99JD0T2jnu5I0=
-5,-41,lM5Zkxt0FMt1dx+Vn9se8x5qonY=,OT3Fl/DwPQ8M4z99JD0T2jnu5I0=
-6,-41,lM5Zkxt0FMt1dx+Vn9se8x5qonY=,OT3Fl/DwPQ8M4z99JD0T2jnu5I0=
-7,-41,lM5Zkxt0FMt1dx+Vn9se8x5qonY=,OT3Fl/DwPQ8M4z99JD0T2jnu5I0=
-8,-41,lM5Zkxt0FMt1dx+Vn9se8x5qonY=,OT3Fl/DwPQ8M4z99JD0T2jnu5I0=
-9,-41,lM5Zkxt0FMt1dx+Vn9se8x5qonY=,OT3Fl/DwPQ8M4z99JD0T2jnu5I0=
-10,-41,lM5Zkxt0FMt1dx+Vn9se8x5qonY=,OT3Fl/DwPQ8M4z99JD0T2jnu5I0=
-11,-41,lM5Zkxt0FMt1dx+Vn9se8x5qonY=,OT3Fl/DwPQ8M4z99JD0T2jnu5I0=
-12,-41,lM5Zkxt0FMt1dx+Vn9se8x5qonY=,OT3Fl/DwPQ8M4z99JD0T2jnu5I0=
-13,-41,lM5Zkxt0FMt1dx+Vn9se8x5qonY=,OT3Fl/DwPQ8M4z99JD0T2jnu5I0=
-14,-41,lM5Zkxt0FMt1dx+Vn9se8x5qonY=,OT3Fl/DwPQ8M4z99JD0T2jnu5I0=
-15,-41,lM5Zkxt0FMt1dx+Vn9se8x5qonY=,OT3Fl/DwPQ8M4z99JD0T2jnu5I0=
-16,-41,lM5Zkxt0FMt1dx+Vn9se8x5qonY=,OT3Fl/DwPQ8M4z99JD0T2jnu5I0=
-7,-48,lM5Zkxt0FMt1dx+Vn9se8x5qonY=,OT3Fl/DwPQ8M4z99JD0T2jnu5I0=
-6,-46,lM5Zkxt0FMt1dx+Vn9se8x5qonY=,OT3Fl/DwPQ8M4z99JD0T2jnu5I0=
-7,-47,lM5Zkxt0FMt1dx+Vn9se8x5qonY=,OT3Fl/DwPQ8M4z99JD0T2jnu5I0=
-1,-44,lM5Zkxt0FMt1dx+Vn9se8x5qonY=,OT3Fl/DwPQ8M4z99JD0T2jnu5I0=
-16,-43,lM5Zkxt0FMt1dx+Vn9se8x5qonY=,OT3Fl/DwPQ8M4z99JD0T2jnu5I0=
-9,-47,lM5Zkxt0FMt1dx+Vn9se8x5qonY=,OT3Fl/DwPQ8M4z99JD0T2jnu5I0=
-8,-46,lM5Zkxt0FMt1dx+Vn9se8x5qonY=,OT3Fl/DwPQ8M4z99JD0T2jnu5I0=
-9,-48,lM5Zkxt0FMt1dx+Vn9se8x5qonY=,OT3Fl/DwPQ8M4z99JD0T2jnu5I0=
-15,-43,lM5Zkxt0FMt1dx+Vn9se8x5qonY=,OT3Fl/DwPQ8M4z99JD0T2jnu5I0=
-14,-43,lM5Zkxt0FMt1dx+Vn9se8x5qonY=,OT3Fl/DwPQ8M4z99JD0T2jnu5I0=
-13,-43,lM5Zkxt0FMt1dx+Vn9se8x5qonY=,OT3Fl/DwPQ8M4z99JD0T2jnu5I0=
-12,-43,lM5Zkxt0FMt1dx+Vn9se8x5qonY=,OT3Fl/DwPQ8M4z99JD0T2jnu5I0=
-11,-43,lM5Zkxt0FMt1dx+Vn9se8x5qonY=,OT3Fl/DwPQ8M4z99JD0T2jnu5I0=
-9,-43,lM5Zkxt0FMt1dx+Vn9se8x5qonY=,OT3Fl/DwPQ8M4z99JD0T2jnu5I0=
-10,-43,lM5Zkxt0FMt1dx+Vn9se8x5qonY=,OT3Fl/DwPQ8M4z99JD0T2jnu5I0=
-8,-43,lM5Zkxt0FMt1dx+Vn9se8x5qonY=,OT3Fl/DwPQ8M4z99JD0T2jnu5I0=
-7,-43,lM5Zkxt0FMt1dx+Vn9se8x5qonY=,OT3Fl/DwPQ8M4z99JD0T2jnu5I0=
-6,-43,lM5Zkxt0FMt1dx+Vn9se8x5qonY=,OT3Fl/DwPQ8M4z99JD0T2jnu5I0=
-5,-43,lM5Zkxt0FMt1dx+Vn9se8x5qonY=,OT3Fl/DwPQ8M4z99JD0T2jnu5I0=
-4,-43,lM5Zkxt0FMt1dx+Vn9se8x5qonY=,OT3Fl/DwPQ8M4z99JD0T2jnu5I0=
-3,-43,lM5Zkxt0FMt1dx+Vn9se8x5qonY=,OT3Fl/DwPQ8M4z99JD0T2jnu5I0=
-1,-33,lM5Zkxt0FMt1dx+Vn9se8x5qonY=,OT3Fl/DwPQ8M4z99JD0T2jnu5I0=
-2,-43,lM5Zkxt0FMt1dx+Vn9se8x5qonY=,OT3Fl/DwPQ8M4z99JD0T2jnu5I0=
-8,-47,lM5Zkxt0FMt1dx+Vn9se8x5qonY=,OT3Fl/DwPQ8M4z99JD0T2jnu5I0=
-2,-42,lM5Zkxt0FMt1dx+Vn9se8x5qonY=,OT3Fl/DwPQ8M4z99JD0T2jnu5I0=
-3,-42,lM5Zkxt0FMt1dx+Vn9se8x5qonY=,OT3Fl/DwPQ8M4z99JD0T2jnu5I0=
-4,-42,lM5Zkxt0FMt1dx+Vn9se8x5qonY=,OT3Fl/DwPQ8M4z99JD0T2jnu5I0=
-5,-42,lM5Zkxt0FMt1dx+Vn9se8x5qonY=,OT3Fl/DwPQ8M4z99JD0T2jnu5I0=
-6,-42,lM5Zkxt0FMt1dx+Vn9se8x5qonY=,OT3Fl/DwPQ8M4z99JD0T2jnu5I0=
-7,-42,lM5Zkxt0FMt1dx+Vn9se8x5qonY=,OT3Fl/DwPQ8M4z99JD0T2jnu5I0=
-8,-42,lM5Zkxt0FMt1dx+Vn9se8x5qonY=,OT3Fl/DwPQ8M4z99JD0T2jnu5I0=
-9,-42,lM5Zkxt0FMt1dx+Vn9se8x5qonY=,OT3Fl/DwPQ8M4z99JD0T2jnu5I0=
-16,-48,RVbnVmoNKEgf2YukTnCOQxvroJo=,OT3Fl/DwPQ8M4z99JD0T2jnu5I0=
-10,-42,lM5Zkxt0FMt1dx+Vn9se8x5qonY=,OT3Fl/DwPQ8M4z99JD0T2jnu5I0=
-11,-42,lM5Zkxt0FMt1dx+Vn9se8x5qonY=,OT3Fl/DwPQ8M4z99JD0T2jnu5I0=
-13,-42,lM5Zkxt0FMt1dx+Vn9se8x5qonY=,OT3Fl/DwPQ8M4z99JD0T2jnu5I0=
-12,-42,lM5Zkxt0FMt1dx+Vn9se8x5qonY=,OT3Fl/DwPQ8M4z99JD0T2jnu5I0=
-15,-42,lM5Zkxt0FMt1dx+Vn9se8x5qonY=,OT3Fl/DwPQ8M4z99JD0T2jnu5I0=
-14,-42,lM5Zkxt0FMt1dx+Vn9se8x5qonY=,OT3Fl/DwPQ8M4z99JD0T2jnu5I0=
-8,-48,lM5Zkxt0FMt1dx+Vn9se8x5qonY=,OT3Fl/DwPQ8M4z99JD0T2jnu5I0=
-7,-46,lM5Zkxt0FMt1dx+Vn9se8x5qonY=,OT3Fl/DwPQ8M4z99JD0T2jnu5I0=
-16,-42,lM5Zkxt0FMt1dx+Vn9se8x5qonY=,OT3Fl/DwPQ8M4z99JD0T2jnu5I0=
-2,-35,lM5Zkxt0FMt1dx+Vn9se8x5qonY=,OT3Fl/DwPQ8M4z99JD0T2jnu5I0=
-2,-40,lM5Zkxt0FMt1dx+Vn9se8x5qonY=,OT3Fl/DwPQ8M4z99JD0T2jnu5I0=
-1,-35,lM5Zkxt0FMt1dx+Vn9se8x5qonY=,OT3Fl/DwPQ8M4z99JD0T2jnu5I0=
-1,-41,lM5Zkxt0FMt1dx+Vn9se8x5qonY=,OT3Fl/DwPQ8M4z99JD0T2jnu5I0=
-1,-40,lM5Zkxt0FMt1dx+Vn9se8x5qonY=,OT3Fl/DwPQ8M4z99JD0T2jnu5I0=
-1,-42,lM5Zkxt0FMt1dx+Vn9se8x5qonY=,OT3Fl/DwPQ8M4z99JD0T2jnu5I0=
-1,-39,lM5Zkxt0FMt1dx+Vn9se8x5qonY=,OT3Fl/DwPQ8M4z99JD0T2jnu5I0=
-1,-43,lM5Zkxt0FMt1dx+Vn9se8x5qonY=,OT3Fl/DwPQ8M4z99JD0T2jnu5I0=
-1,-36,lM5Zkxt0FMt1dx+Vn9se8x5qonY=,OT3Fl/DwPQ8M4z99JD0T2jnu5I0=
-2,-39,lM5Zkxt0FMt1dx+Vn9se8x5qonY=,OT3Fl/DwPQ8M4z99JD0T2jnu5I0=
-11,-64,lM5Zkxt0FMt1dx+Vn9se8x5qonY=,5A4/22GmzbZ5N+hsJCpAR90extk=
-10,-61,lM5Zkxt0FMt1dx+Vn9se8x5qonY=,5A4/22GmzbZ5N+hsJCpAR90extk=
-10,-62,lM5Zkxt0FMt1dx+Vn9se8x5qonY=,5A4/22GmzbZ5N+hsJCpAR90extk=
-13,-64,lM5Zkxt0FMt1dx+Vn9se8x5qonY=,5A4/22GmzbZ5N+hsJCpAR90extk=
-11,-61,lM5Zkxt0FMt1dx+Vn9se8x5qonY=,5A4/22GmzbZ5N+hsJCpAR90extk=
-9,-61,lM5Zkxt0FMt1dx+Vn9se8x5qonY=,5A4/22GmzbZ5N+hsJCpAR90extk=
-11,-62,lM5Zkxt0FMt1dx+Vn9se8x5qonY=,5A4/22GmzbZ5N+hsJCpAR90extk=
-8,-61,lM5Zkxt0FMt1dx+Vn9se8x5qonY=,5A4/22GmzbZ5N+hsJCpAR90extk=
-12,-61,lM5Zkxt0FMt1dx+Vn9se8x5qonY=,5A4/22GmzbZ5N+hsJCpAR90extk=
-7,-61,lM5Zkxt0FMt1dx+Vn9se8x5qonY=,5A4/22GmzbZ5N+hsJCpAR90extk=
-11,-63,lM5Zkxt0FMt1dx+Vn9se8x5qonY=,5A4/22GmzbZ5N+hsJCpAR90extk=
-13,-61,lM5Zkxt0FMt1dx+Vn9se8x5qonY=,5A4/22GmzbZ5N+hsJCpAR90extk=
-15,-64,lM5Zkxt0FMt1dx+Vn9se8x5qonY=,5A4/22GmzbZ5N+hsJCpAR90extk=
-6,-61,lM5Zkxt0FMt1dx+Vn9se8x5qonY=,5A4/22GmzbZ5N+hsJCpAR90extk=
-12,-62,lM5Zkxt0FMt1dx+Vn9se8x5qonY=,5A4/22GmzbZ5N+hsJCpAR90extk=
-5,-61,lM5Zkxt0FMt1dx+Vn9se8x5qonY=,5A4/22GmzbZ5N+hsJCpAR90extk=
-14,-61,lM5Zkxt0FMt1dx+Vn9se8x5qonY=,5A4/22GmzbZ5N+hsJCpAR90extk=
-12,-63,lM5Zkxt0FMt1dx+Vn9se8x5qonY=,5A4/22GmzbZ5N+hsJCpAR90extk=
-4,-61,lM5Zkxt0FMt1dx+Vn9se8x5qonY=,5A4/22GmzbZ5N+hsJCpAR90extk=
-5,-49,lM5Zkxt0FMt1dx+Vn9se8x5qonY=,5A4/22GmzbZ5N+hsJCpAR90extk=
-7,-49,lM5Zkxt0FMt1dx+Vn9se8x5qonY=,5A4/22GmzbZ5N+hsJCpAR90extk=
-3,-61,lM5Zkxt0FMt1dx+Vn9se8x5qonY=,5A4/22GmzbZ5N+hsJCpAR90extk=
-4,-49,lM5Zkxt0FMt1dx+Vn9se8x5qonY=,5A4/22GmzbZ5N+hsJCpAR90extk=
-6,-49,lM5Zkxt0FMt1dx+Vn9se8x5qonY=,5A4/22GmzbZ5N+hsJCpAR90extk=
-8,-49,lM5Zkxt0FMt1dx+Vn9se8x5qonY=,5A4/22GmzbZ5N+hsJCpAR90extk=
-10,-49,lM5Zkxt0FMt1dx+Vn9se8x5qonY=,5A4/22GmzbZ5N+hsJCpAR90extk=
-3,-49,lM5Zkxt0FMt1dx+Vn9se8x5qonY=,5A4/22GmzbZ5N+hsJCpAR90extk=
-9,-49,lM5Zkxt0FMt1dx+Vn9se8x5qonY=,5A4/22GmzbZ5N+hsJCpAR90extk=
-13,-49,lM5Zkxt0FMt1dx+Vn9se8x5qonY=,5A4/22GmzbZ5N+hsJCpAR90extk=
-12,-49,lM5Zkxt0FMt1dx+Vn9se8x5qonY=,5A4/22GmzbZ5N+hsJCpAR90extk=
-11,-49,lM5Zkxt0FMt1dx+Vn9se8x5qonY=,5A4/22GmzbZ5N+hsJCpAR90extk=
-15,-49,lM5Zkxt0FMt1dx+Vn9se8x5qonY=,5A4/22GmzbZ5N+hsJCpAR90extk=
-15,-61,lM5Zkxt0FMt1dx+Vn9se8x5qonY=,5A4/22GmzbZ5N+hsJCpAR90extk=
-16,-49,lM5Zkxt0FMt1dx+Vn9se8x5qonY=,5A4/22GmzbZ5N+hsJCpAR90extk=
-12,-64,lM5Zkxt0FMt1dx+Vn9se8x5qonY=,5A4/22GmzbZ5N+hsJCpAR90extk=
-14,-49,lM5Zkxt0FMt1dx+Vn9se8x5qonY=,5A4/22GmzbZ5N+hsJCpAR90extk=
-13,-62,lM5Zkxt0FMt1dx+Vn9se8x5qonY=,5A4/22GmzbZ5N+hsJCpAR90extk=
-3,-50,lM5Zkxt0FMt1dx+Vn9se8x5qonY=,5A4/22GmzbZ5N+hsJCpAR90extk=
-6,-50,lM5Zkxt0FMt1dx+Vn9se8x5qonY=,5A4/22GmzbZ5N+hsJCpAR90extk=
-5,-50,lM5Zkxt0FMt1dx+Vn9se8x5qonY=,5A4/22GmzbZ5N+hsJCpAR90extk=
-4,-50,lM5Zkxt0FMt1dx+Vn9se8x5qonY=,5A4/22GmzbZ5N+hsJCpAR90extk=
-8,-50,lM5Zkxt0FMt1dx+Vn9se8x5qonY=,5A4/22GmzbZ5N+hsJCpAR90extk=
-7,-50,lM5Zkxt0FMt1dx+Vn9se8x5qonY=,5A4/22GmzbZ5N+hsJCpAR90extk=
-9,-50,lM5Zkxt0FMt1dx+Vn9se8x5qonY=,5A4/22GmzbZ5N+hsJCpAR90extk=
-10,-50,lM5Zkxt0FMt1dx+Vn9se8x5qonY=,5A4/22GmzbZ5N+hsJCpAR90extk=
-12,-50,lM5Zkxt0FMt1dx+Vn9se8x5qonY=,5A4/22GmzbZ5N+hsJCpAR90extk=
-13,-50,lM5Zkxt0FMt1dx+Vn9se8x5qonY=,5A4/22GmzbZ5N+hsJCpAR90extk=
-11,-50,lM5Zkxt0FMt1dx+Vn9se8x5qonY=,5A4/22GmzbZ5N+hsJCpAR90extk=
-15,-50,lM5Zkxt0FMt1dx+Vn9se8x5qonY=,5A4/22GmzbZ5N+hsJCpAR90extk=
-14,-50,lM5Zkxt0FMt1dx+Vn9se8x5qonY=,5A4/22GmzbZ5N+hsJCpAR90extk=
-13,-63,lM5Zkxt0FMt1dx+Vn9se8x5qonY=,5A4/22GmzbZ5N+hsJCpAR90extk=
-14,-62,lM5Zkxt0FMt1dx+Vn9se8x5qonY=,5A4/22GmzbZ5N+hsJCpAR90extk=
-16,-50,lM5Zkxt0FMt1dx+Vn9se8x5qonY=,5A4/22GmzbZ5N+hsJCpAR90extk=
-3,-51,lM5Zkxt0FMt1dx+Vn9se8x5qonY=,5A4/22GmzbZ5N+hsJCpAR90extk=
-4,-51,lM5Zkxt0FMt1dx+Vn9se8x5qonY=,5A4/22GmzbZ5N+hsJCpAR90extk=
-5,-51,lM5Zkxt0FMt1dx+Vn9se8x5qonY=,5A4/22GmzbZ5N+hsJCpAR90extk=
-6,-51,lM5Zkxt0FMt1dx+Vn9se8x5qonY=,5A4/22GmzbZ5N+hsJCpAR90extk=
-7,-51,lM5Zkxt0FMt1dx+Vn9se8x5qonY=,5A4/22GmzbZ5N+hsJCpAR90extk=
-8,-51,lM5Zkxt0FMt1dx+Vn9se8x5qonY=,5A4/22GmzbZ5N+hsJCpAR90extk=
-9,-51,lM5Zkxt0FMt1dx+Vn9se8x5qonY=,5A4/22GmzbZ5N+hsJCpAR90extk=
-11,-51,lM5Zkxt0FMt1dx+Vn9se8x5qonY=,5A4/22GmzbZ5N+hsJCpAR90extk=
-10,-51,lM5Zkxt0FMt1dx+Vn9se8x5qonY=,5A4/22GmzbZ5N+hsJCpAR90extk=
-12,-51,lM5Zkxt0FMt1dx+Vn9se8x5qonY=,5A4/22GmzbZ5N+hsJCpAR90extk=
-13,-51,lM5Zkxt0FMt1dx+Vn9se8x5qonY=,5A4/22GmzbZ5N+hsJCpAR90extk=
-14,-51,lM5Zkxt0FMt1dx+Vn9se8x5qonY=,5A4/22GmzbZ5N+hsJCpAR90extk=
-15,-51,lM5Zkxt0FMt1dx+Vn9se8x5qonY=,5A4/22GmzbZ5N+hsJCpAR90extk=
-16,-51,lM5Zkxt0FMt1dx+Vn9se8x5qonY=,5A4/22GmzbZ5N+hsJCpAR90extk=
-14,-63,lM5Zkxt0FMt1dx+Vn9se8x5qonY=,5A4/22GmzbZ5N+hsJCpAR90extk=
-15,-62,lM5Zkxt0FMt1dx+Vn9se8x5qonY=,5A4/22GmzbZ5N+hsJCpAR90extk=
-3,-52,lM5Zkxt0FMt1dx+Vn9se8x5qonY=,5A4/22GmzbZ5N+hsJCpAR90extk=
-4,-52,lM5Zkxt0FMt1dx+Vn9se8x5qonY=,5A4/22GmzbZ5N+hsJCpAR90extk=
-5,-52,lM5Zkxt0FMt1dx+Vn9se8x5qonY=,5A4/22GmzbZ5N+hsJCpAR90extk=
-6,-52,lM5Zkxt0FMt1dx+Vn9se8x5qonY=,5A4/22GmzbZ5N+hsJCpAR90extk=
-7,-52,lM5Zkxt0FMt1dx+Vn9se8x5qonY=,5A4/22GmzbZ5N+hsJCpAR90extk=
-8,-52,lM5Zkxt0FMt1dx+Vn9se8x5qonY=,5A4/22GmzbZ5N+hsJCpAR90extk=
-9,-52,lM5Zkxt0FMt1dx+Vn9se8x5qonY=,5A4/22GmzbZ5N+hsJCpAR90extk=
-10,-52,lM5Zkxt0FMt1dx+Vn9se8x5qonY=,5A4/22GmzbZ5N+hsJCpAR90extk=
-11,-52,lM5Zkxt0FMt1dx+Vn9se8x5qonY=,5A4/22GmzbZ5N+hsJCpAR90extk=
-12,-52,lM5Zkxt0FMt1dx+Vn9se8x5qonY=,5A4/22GmzbZ5N+hsJCpAR90extk=
-13,-52,lM5Zkxt0FMt1dx+Vn9se8x5qonY=,5A4/22GmzbZ5N+hsJCpAR90extk=
-14,-52,lM5Zkxt0FMt1dx+Vn9se8x5qonY=,5A4/22GmzbZ5N+hsJCpAR90extk=
-15,-52,lM5Zkxt0FMt1dx+Vn9se8x5qonY=,5A4/22GmzbZ5N+hsJCpAR90extk=
-16,-52,lM5Zkxt0FMt1dx+Vn9se8x5qonY=,5A4/22GmzbZ5N+hsJCpAR90extk=
-15,-63,lM5Zkxt0FMt1dx+Vn9se8x5qonY=,5A4/22GmzbZ5N+hsJCpAR90extk=
-16,-63,lM5Zkxt0FMt1dx+Vn9se8x5qonY=,5A4/22GmzbZ5N+hsJCpAR90extk=
-16,-61,lM5Zkxt0FMt1dx+Vn9se8x5qonY=,5A4/22GmzbZ5N+hsJCpAR90extk=
-1,-51,lM5Zkxt0FMt1dx+Vn9se8x5qonY=,5A4/22GmzbZ5N+hsJCpAR90extk=
-2,-61,lM5Zkxt0FMt1dx+Vn9se8x5qonY=,5A4/22GmzbZ5N+hsJCpAR90extk=
-16,-62,lM5Zkxt0FMt1dx+Vn9se8x5qonY=,5A4/22GmzbZ5N+hsJCpAR90extk=
-14,-64,lM5Zkxt0FMt1dx+Vn9se8x5qonY=,5A4/22GmzbZ5N+hsJCpAR90extk=
-1,-52,lM5Zkxt0FMt1dx+Vn9se8x5qonY=,5A4/22GmzbZ5N+hsJCpAR90extk=
-2,-51,lM5Zkxt0FMt1dx+Vn9se8x5qonY=,5A4/22GmzbZ5N+hsJCpAR90extk=
-1,-50,lM5Zkxt0FMt1dx+Vn9se8x5qonY=,5A4/22GmzbZ5N+hsJCpAR90extk=
-1,-61,lM5Zkxt0FMt1dx+Vn9se8x5qonY=,5A4/22GmzbZ5N+hsJCpAR90extk=
-10,-63,lM5Zkxt0FMt1dx+Vn9se8x5qonY=,5A4/22GmzbZ5N+hsJCpAR90extk=
-10,-64,lM5Zkxt0FMt1dx+Vn9se8x5qonY=,5A4/22GmzbZ5N+hsJCpAR90extk=
-16,-60,lM5Zkxt0FMt1dx+Vn9se8x5qonY=,5A4/22GmzbZ5N+hsJCpAR90extk=
-9,-62,lM5Zkxt0FMt1dx+Vn9se8x5qonY=,5A4/22GmzbZ5N+hsJCpAR90extk=
-15,-60,lM5Zkxt0FMt1dx+Vn9se8x5qonY=,5A4/22GmzbZ5N+hsJCpAR90extk=
-14,-60,lM5Zkxt0FMt1dx+Vn9se8x5qonY=,5A4/22GmzbZ5N+hsJCpAR90extk=
-1,-64,lM5Zkxt0FMt1dx+Vn9se8x5qonY=,5A4/22GmzbZ5N+hsJCpAR90extk=
-12,-60,lM5Zkxt0FMt1dx+Vn9se8x5qonY=,5A4/22GmzbZ5N+hsJCpAR90extk=
-13,-60,lM5Zkxt0FMt1dx+Vn9se8x5qonY=,5A4/22GmzbZ5N+hsJCpAR90extk=
-11,-60,lM5Zkxt0FMt1dx+Vn9se8x5qonY=,5A4/22GmzbZ5N+hsJCpAR90extk=
-10,-60,lM5Zkxt0FMt1dx+Vn9se8x5qonY=,5A4/22GmzbZ5N+hsJCpAR90extk=
-9,-60,lM5Zkxt0FMt1dx+Vn9se8x5qonY=,5A4/22GmzbZ5N+hsJCpAR90extk=
-8,-60,lM5Zkxt0FMt1dx+Vn9se8x5qonY=,5A4/22GmzbZ5N+hsJCpAR90extk=
-7,-60,lM5Zkxt0FMt1dx+Vn9se8x5qonY=,5A4/22GmzbZ5N+hsJCpAR90extk=
-6,-60,lM5Zkxt0FMt1dx+Vn9se8x5qonY=,5A4/22GmzbZ5N+hsJCpAR90extk=
-5,-60,lM5Zkxt0FMt1dx+Vn9se8x5qonY=,5A4/22GmzbZ5N+hsJCpAR90extk=
-4,-60,lM5Zkxt0FMt1dx+Vn9se8x5qonY=,5A4/22GmzbZ5N+hsJCpAR90extk=
-1,-62,lM5Zkxt0FMt1dx+Vn9se8x5qonY=,5A4/22GmzbZ5N+hsJCpAR90extk=
-3,-53,lM5Zkxt0FMt1dx+Vn9se8x5qonY=,5A4/22GmzbZ5N+hsJCpAR90extk=
-2,-50,lM5Zkxt0FMt1dx+Vn9se8x5qonY=,5A4/22GmzbZ5N+hsJCpAR90extk=
-5,-53,lM5Zkxt0FMt1dx+Vn9se8x5qonY=,5A4/22GmzbZ5N+hsJCpAR90extk=
-4,-53,lM5Zkxt0FMt1dx+Vn9se8x5qonY=,5A4/22GmzbZ5N+hsJCpAR90extk=
-6,-53,lM5Zkxt0FMt1dx+Vn9se8x5qonY=,5A4/22GmzbZ5N+hsJCpAR90extk=
-9,-53,lM5Zkxt0FMt1dx+Vn9se8x5qonY=,5A4/22GmzbZ5N+hsJCpAR90extk=
-7,-53,lM5Zkxt0FMt1dx+Vn9se8x5qonY=,5A4/22GmzbZ5N+hsJCpAR90extk=
-8,-53,lM5Zkxt0FMt1dx+Vn9se8x5qonY=,5A4/22GmzbZ5N+hsJCpAR90extk=
-11,-53,lM5Zkxt0FMt1dx+Vn9se8x5qonY=,5A4/22GmzbZ5N+hsJCpAR90extk=
-10,-53,lM5Zkxt0FMt1dx+Vn9se8x5qonY=,5A4/22GmzbZ5N+hsJCpAR90extk=
-12,-53,lM5Zkxt0FMt1dx+Vn9se8x5qonY=,5A4/22GmzbZ5N+hsJCpAR90extk=
-13,-53,lM5Zkxt0FMt1dx+Vn9se8x5qonY=,5A4/22GmzbZ5N+hsJCpAR90extk=
-14,-53,lM5Zkxt0FMt1dx+Vn9se8x5qonY=,5A4/22GmzbZ5N+hsJCpAR90extk=
-15,-53,lM5Zkxt0FMt1dx+Vn9se8x5qonY=,5A4/22GmzbZ5N+hsJCpAR90extk=
-16,-53,lM5Zkxt0FMt1dx+Vn9se8x5qonY=,5A4/22GmzbZ5N+hsJCpAR90extk=
-3,-64,lM5Zkxt0FMt1dx+Vn9se8x5qonY=,5A4/22GmzbZ5N+hsJCpAR90extk=
-3,-63,lM5Zkxt0FMt1dx+Vn9se8x5qonY=,5A4/22GmzbZ5N+hsJCpAR90extk=
-2,-54,lM5Zkxt0FMt1dx+Vn9se8x5qonY=,5A4/22GmzbZ5N+hsJCpAR90extk=
-1,-49,lM5Zkxt0FMt1dx+Vn9se8x5qonY=,5A4/22GmzbZ5N+hsJCpAR90extk=
-3,-54,lM5Zkxt0FMt1dx+Vn9se8x5qonY=,5A4/22GmzbZ5N+hsJCpAR90extk=
-4,-54,lM5Zkxt0FMt1dx+Vn9se8x5qonY=,5A4/22GmzbZ5N+hsJCpAR90extk=
-5,-54,lM5Zkxt0FMt1dx+Vn9se8x5qonY=,5A4/22GmzbZ5N+hsJCpAR90extk=
-6,-54,lM5Zkxt0FMt1dx+Vn9se8x5qonY=,5A4/22GmzbZ5N+hsJCpAR90extk=
-7,-54,lM5Zkxt0FMt1dx+Vn9se8x5qonY=,5A4/22GmzbZ5N+hsJCpAR90extk=
-8,-54,lM5Zkxt0FMt1dx+Vn9se8x5qonY=,5A4/22GmzbZ5N+hsJCpAR90extk=
-9,-54,lM5Zkxt0FMt1dx+Vn9se8x5qonY=,5A4/22GmzbZ5N+hsJCpAR90extk=
-11,-54,lM5Zkxt0FMt1dx+Vn9se8x5qonY=,5A4/22GmzbZ5N+hsJCpAR90extk=
-10,-54,lM5Zkxt0FMt1dx+Vn9se8x5qonY=,5A4/22GmzbZ5N+hsJCpAR90extk=
-2,-53,lM5Zkxt0FMt1dx+Vn9se8x5qonY=,5A4/22GmzbZ5N+hsJCpAR90extk=
-12,-54,lM5Zkxt0FMt1dx+Vn9se8x5qonY=,5A4/22GmzbZ5N+hsJCpAR90extk=
-13,-54,lM5Zkxt0FMt1dx+Vn9se8x5qonY=,5A4/22GmzbZ5N+hsJCpAR90extk=
-14,-54,lM5Zkxt0FMt1dx+Vn9se8x5qonY=,5A4/22GmzbZ5N+hsJCpAR90extk=
-15,-54,lM5Zkxt0FMt1dx+Vn9se8x5qonY=,5A4/22GmzbZ5N+hsJCpAR90extk=
-16,-54,lM5Zkxt0FMt1dx+Vn9se8x5qonY=,5A4/22GmzbZ5N+hsJCpAR90extk=
-4,-64,lM5Zkxt0FMt1dx+Vn9se8x5qonY=,5A4/22GmzbZ5N+hsJCpAR90extk=
-3,-62,lM5Zkxt0FMt1dx+Vn9se8x5qonY=,5A4/22GmzbZ5N+hsJCpAR90extk=
-4,-63,lM5Zkxt0FMt1dx+Vn9se8x5qonY=,5A4/22GmzbZ5N+hsJCpAR90extk=
-3,-60,lM5Zkxt0FMt1dx+Vn9se8x5qonY=,5A4/22GmzbZ5N+hsJCpAR90extk=
-1,-63,lM5Zkxt0FMt1dx+Vn9se8x5qonY=,5A4/22GmzbZ5N+hsJCpAR90extk=
-3,-55,lM5Zkxt0FMt1dx+Vn9se8x5qonY=,5A4/22GmzbZ5N+hsJCpAR90extk=
-4,-55,lM5Zkxt0FMt1dx+Vn9se8x5qonY=,5A4/22GmzbZ5N+hsJCpAR90extk=
-5,-55,lM5Zkxt0FMt1dx+Vn9se8x5qonY=,5A4/22GmzbZ5N+hsJCpAR90extk=
-6,-55,lM5Zkxt0FMt1dx+Vn9se8x5qonY=,5A4/22GmzbZ5N+hsJCpAR90extk=
-7,-55,lM5Zkxt0FMt1dx+Vn9se8x5qonY=,5A4/22GmzbZ5N+hsJCpAR90extk=
-8,-55,lM5Zkxt0FMt1dx+Vn9se8x5qonY=,5A4/22GmzbZ5N+hsJCpAR90extk=
-9,-55,lM5Zkxt0FMt1dx+Vn9se8x5qonY=,5A4/22GmzbZ5N+hsJCpAR90extk=
-10,-55,lM5Zkxt0FMt1dx+Vn9se8x5qonY=,5A4/22GmzbZ5N+hsJCpAR90extk=
-11,-55,lM5Zkxt0FMt1dx+Vn9se8x5qonY=,5A4/22GmzbZ5N+hsJCpAR90extk=
-12,-55,lM5Zkxt0FMt1dx+Vn9se8x5qonY=,5A4/22GmzbZ5N+hsJCpAR90extk=
-13,-55,lM5Zkxt0FMt1dx+Vn9se8x5qonY=,5A4/22GmzbZ5N+hsJCpAR90extk=
-14,-55,lM5Zkxt0FMt1dx+Vn9se8x5qonY=,5A4/22GmzbZ5N+hsJCpAR90extk=
-1,-53,lM5Zkxt0FMt1dx+Vn9se8x5qonY=,5A4/22GmzbZ5N+hsJCpAR90extk=
-15,-55,lM5Zkxt0FMt1dx+Vn9se8x5qonY=,5A4/22GmzbZ5N+hsJCpAR90extk=
-2,-64,lM5Zkxt0FMt1dx+Vn9se8x5qonY=,5A4/22GmzbZ5N+hsJCpAR90extk=
-16,-55,lM5Zkxt0FMt1dx+Vn9se8x5qonY=,5A4/22GmzbZ5N+hsJCpAR90extk=
-5,-64,lM5Zkxt0FMt1dx+Vn9se8x5qonY=,5A4/22GmzbZ5N+hsJCpAR90extk=
-5,-63,lM5Zkxt0FMt1dx+Vn9se8x5qonY=,5A4/22GmzbZ5N+hsJCpAR90extk=
-4,-62,lM5Zkxt0FMt1dx+Vn9se8x5qonY=,5A4/22GmzbZ5N+hsJCpAR90extk=
-3,-56,lM5Zkxt0FMt1dx+Vn9se8x5qonY=,5A4/22GmzbZ5N+hsJCpAR90extk=
-4,-56,lM5Zkxt0FMt1dx+Vn9se8x5qonY=,5A4/22GmzbZ5N+hsJCpAR90extk=
-5,-56,lM5Zkxt0FMt1dx+Vn9se8x5qonY=,5A4/22GmzbZ5N+hsJCpAR90extk=
-6,-56,lM5Zkxt0FMt1dx+Vn9se8x5qonY=,5A4/22GmzbZ5N+hsJCpAR90extk=
-7,-56,lM5Zkxt0FMt1dx+Vn9se8x5qonY=,5A4/22GmzbZ5N+hsJCpAR90extk=
-8,-56,lM5Zkxt0FMt1dx+Vn9se8x5qonY=,5A4/22GmzbZ5N+hsJCpAR90extk=
-9,-56,lM5Zkxt0FMt1dx+Vn9se8x5qonY=,5A4/22GmzbZ5N+hsJCpAR90extk=
-10,-56,lM5Zkxt0FMt1dx+Vn9se8x5qonY=,5A4/22GmzbZ5N+hsJCpAR90extk=
-11,-56,lM5Zkxt0FMt1dx+Vn9se8x5qonY=,5A4/22GmzbZ5N+hsJCpAR90extk=
-12,-56,lM5Zkxt0FMt1dx+Vn9se8x5qonY=,5A4/22GmzbZ5N+hsJCpAR90extk=
-13,-56,lM5Zkxt0FMt1dx+Vn9se8x5qonY=,5A4/22GmzbZ5N+hsJCpAR90extk=
-14,-56,lM5Zkxt0FMt1dx+Vn9se8x5qonY=,5A4/22GmzbZ5N+hsJCpAR90extk=
-15,-56,lM5Zkxt0FMt1dx+Vn9se8x5qonY=,5A4/22GmzbZ5N+hsJCpAR90extk=
-6,-64,lM5Zkxt0FMt1dx+Vn9se8x5qonY=,5A4/22GmzbZ5N+hsJCpAR90extk=
-16,-56,lM5Zkxt0FMt1dx+Vn9se8x5qonY=,5A4/22GmzbZ5N+hsJCpAR90extk=
-5,-62,lM5Zkxt0FMt1dx+Vn9se8x5qonY=,5A4/22GmzbZ5N+hsJCpAR90extk=
-6,-63,lM5Zkxt0FMt1dx+Vn9se8x5qonY=,5A4/22GmzbZ5N+hsJCpAR90extk=
-2,-63,lM5Zkxt0FMt1dx+Vn9se8x5qonY=,5A4/22GmzbZ5N+hsJCpAR90extk=
-1,-54,lM5Zkxt0FMt1dx+Vn9se8x5qonY=,5A4/22GmzbZ5N+hsJCpAR90extk=
-3,-57,lM5Zkxt0FMt1dx+Vn9se8x5qonY=,5A4/22GmzbZ5N+hsJCpAR90extk=
-4,-57,lM5Zkxt0FMt1dx+Vn9se8x5qonY=,5A4/22GmzbZ5N+hsJCpAR90extk=
-5,-57,lM5Zkxt0FMt1dx+Vn9se8x5qonY=,5A4/22GmzbZ5N+hsJCpAR90extk=
-6,-57,lM5Zkxt0FMt1dx+Vn9se8x5qonY=,5A4/22GmzbZ5N+hsJCpAR90extk=
-7,-57,lM5Zkxt0FMt1dx+Vn9se8x5qonY=,5A4/22GmzbZ5N+hsJCpAR90extk=
-8,-57,lM5Zkxt0FMt1dx+Vn9se8x5qonY=,5A4/22GmzbZ5N+hsJCpAR90extk=
-9,-57,lM5Zkxt0FMt1dx+Vn9se8x5qonY=,5A4/22GmzbZ5N+hsJCpAR90extk=
-10,-57,lM5Zkxt0FMt1dx+Vn9se8x5qonY=,5A4/22GmzbZ5N+hsJCpAR90extk=
-11,-57,lM5Zkxt0FMt1dx+Vn9se8x5qonY=,5A4/22GmzbZ5N+hsJCpAR90extk=
-13,-57,lM5Zkxt0FMt1dx+Vn9se8x5qonY=,5A4/22GmzbZ5N+hsJCpAR90extk=
-12,-57,lM5Zkxt0FMt1dx+Vn9se8x5qonY=,5A4/22GmzbZ5N+hsJCpAR90extk=
-14,-57,lM5Zkxt0FMt1dx+Vn9se8x5qonY=,5A4/22GmzbZ5N+hsJCpAR90extk=
-15,-57,lM5Zkxt0FMt1dx+Vn9se8x5qonY=,5A4/22GmzbZ5N+hsJCpAR90extk=
-6,-62,lM5Zkxt0FMt1dx+Vn9se8x5qonY=,5A4/22GmzbZ5N+hsJCpAR90extk=
-7,-64,lM5Zkxt0FMt1dx+Vn9se8x5qonY=,5A4/22GmzbZ5N+hsJCpAR90extk=
-16,-57,lM5Zkxt0FMt1dx+Vn9se8x5qonY=,5A4/22GmzbZ5N+hsJCpAR90extk=
-7,-63,lM5Zkxt0FMt1dx+Vn9se8x5qonY=,5A4/22GmzbZ5N+hsJCpAR90extk=
-2,-52,lM5Zkxt0FMt1dx+Vn9se8x5qonY=,5A4/22GmzbZ5N+hsJCpAR90extk=
-2,-62,lM5Zkxt0FMt1dx+Vn9se8x5qonY=,5A4/22GmzbZ5N+hsJCpAR90extk=
-1,-55,lM5Zkxt0FMt1dx+Vn9se8x5qonY=,5A4/22GmzbZ5N+hsJCpAR90extk=
-4,-58,lM5Zkxt0FMt1dx+Vn9se8x5qonY=,5A4/22GmzbZ5N+hsJCpAR90extk=
-5,-58,lM5Zkxt0FMt1dx+Vn9se8x5qonY=,5A4/22GmzbZ5N+hsJCpAR90extk=
-6,-58,lM5Zkxt0FMt1dx+Vn9se8x5qonY=,5A4/22GmzbZ5N+hsJCpAR90extk=
-7,-58,lM5Zkxt0FMt1dx+Vn9se8x5qonY=,5A4/22GmzbZ5N+hsJCpAR90extk=
-8,-58,lM5Zkxt0FMt1dx+Vn9se8x5qonY=,5A4/22GmzbZ5N+hsJCpAR90extk=
-9,-58,lM5Zkxt0FMt1dx+Vn9se8x5qonY=,5A4/22GmzbZ5N+hsJCpAR90extk=
-16,-64,lM5Zkxt0FMt1dx+Vn9se8x5qonY=,5A4/22GmzbZ5N+hsJCpAR90extk=
-10,-58,lM5Zkxt0FMt1dx+Vn9se8x5qonY=,5A4/22GmzbZ5N+hsJCpAR90extk=
-11,-58,lM5Zkxt0FMt1dx+Vn9se8x5qonY=,5A4/22GmzbZ5N+hsJCpAR90extk=
-12,-58,lM5Zkxt0FMt1dx+Vn9se8x5qonY=,5A4/22GmzbZ5N+hsJCpAR90extk=
-13,-58,lM5Zkxt0FMt1dx+Vn9se8x5qonY=,5A4/22GmzbZ5N+hsJCpAR90extk=
-14,-58,lM5Zkxt0FMt1dx+Vn9se8x5qonY=,5A4/22GmzbZ5N+hsJCpAR90extk=
-15,-58,lM5Zkxt0FMt1dx+Vn9se8x5qonY=,5A4/22GmzbZ5N+hsJCpAR90extk=
-7,-62,lM5Zkxt0FMt1dx+Vn9se8x5qonY=,5A4/22GmzbZ5N+hsJCpAR90extk=
-16,-58,lM5Zkxt0FMt1dx+Vn9se8x5qonY=,5A4/22GmzbZ5N+hsJCpAR90extk=
-8,-63,lM5Zkxt0FMt1dx+Vn9se8x5qonY=,5A4/22GmzbZ5N+hsJCpAR90extk=
-8,-64,lM5Zkxt0FMt1dx+Vn9se8x5qonY=,5A4/22GmzbZ5N+hsJCpAR90extk=
-2,-60,lM5Zkxt0FMt1dx+Vn9se8x5qonY=,5A4/22GmzbZ5N+hsJCpAR90extk=
-9,-63,lM5Zkxt0FMt1dx+Vn9se8x5qonY=,5A4/22GmzbZ5N+hsJCpAR90extk=
-1,-57,lM5Zkxt0FMt1dx+Vn9se8x5qonY=,5A4/22GmzbZ5N+hsJCpAR90extk=
-2,-55,lM5Zkxt0FMt1dx+Vn9se8x5qonY=,5A4/22GmzbZ5N+hsJCpAR90extk=
-3,-59,lM5Zkxt0FMt1dx+Vn9se8x5qonY=,5A4/22GmzbZ5N+hsJCpAR90extk=
-5,-59,lM5Zkxt0FMt1dx+Vn9se8x5qonY=,5A4/22GmzbZ5N+hsJCpAR90extk=
-4,-59,lM5Zkxt0FMt1dx+Vn9se8x5qonY=,5A4/22GmzbZ5N+hsJCpAR90extk=
-6,-59,lM5Zkxt0FMt1dx+Vn9se8x5qonY=,5A4/22GmzbZ5N+hsJCpAR90extk=
-7,-59,lM5Zkxt0FMt1dx+Vn9se8x5qonY=,5A4/22GmzbZ5N+hsJCpAR90extk=
-8,-59,lM5Zkxt0FMt1dx+Vn9se8x5qonY=,5A4/22GmzbZ5N+hsJCpAR90extk=
-9,-59,lM5Zkxt0FMt1dx+Vn9se8x5qonY=,5A4/22GmzbZ5N+hsJCpAR90extk=
-10,-59,lM5Zkxt0FMt1dx+Vn9se8x5qonY=,5A4/22GmzbZ5N+hsJCpAR90extk=
-11,-59,lM5Zkxt0FMt1dx+Vn9se8x5qonY=,5A4/22GmzbZ5N+hsJCpAR90extk=
-12,-59,lM5Zkxt0FMt1dx+Vn9se8x5qonY=,5A4/22GmzbZ5N+hsJCpAR90extk=
-14,-59,lM5Zkxt0FMt1dx+Vn9se8x5qonY=,5A4/22GmzbZ5N+hsJCpAR90extk=
-13,-59,lM5Zkxt0FMt1dx+Vn9se8x5qonY=,5A4/22GmzbZ5N+hsJCpAR90extk=
-15,-59,lM5Zkxt0FMt1dx+Vn9se8x5qonY=,5A4/22GmzbZ5N+hsJCpAR90extk=
-8,-62,lM5Zkxt0FMt1dx+Vn9se8x5qonY=,5A4/22GmzbZ5N+hsJCpAR90extk=
-16,-59,lM5Zkxt0FMt1dx+Vn9se8x5qonY=,5A4/22GmzbZ5N+hsJCpAR90extk=
-9,-64,lM5Zkxt0FMt1dx+Vn9se8x5qonY=,5A4/22GmzbZ5N+hsJCpAR90extk=
-2,-49,lM5Zkxt0FMt1dx+Vn9se8x5qonY=,5A4/22GmzbZ5N+hsJCpAR90extk=
-2,-56,lM5Zkxt0FMt1dx+Vn9se8x5qonY=,5A4/22GmzbZ5N+hsJCpAR90extk=
-1,-60,lM5Zkxt0FMt1dx+Vn9se8x5qonY=,5A4/22GmzbZ5N+hsJCpAR90extk=
-3,-58,lM5Zkxt0FMt1dx+Vn9se8x5qonY=,5A4/22GmzbZ5N+hsJCpAR90extk=
-2,-57,lM5Zkxt0FMt1dx+Vn9se8x5qonY=,5A4/22GmzbZ5N+hsJCpAR90extk=
-1,-58,lM5Zkxt0FMt1dx+Vn9se8x5qonY=,5A4/22GmzbZ5N+hsJCpAR90extk=
-2,-59,lM5Zkxt0FMt1dx+Vn9se8x5qonY=,5A4/22GmzbZ5N+hsJCpAR90extk=
-2,-58,lM5Zkxt0FMt1dx+Vn9se8x5qonY=,5A4/22GmzbZ5N+hsJCpAR90extk=
-1,-59,lM5Zkxt0FMt1dx+Vn9se8x5qonY=,5A4/22GmzbZ5N+hsJCpAR90extk=
-1,-56,lM5Zkxt0FMt1dx+Vn9se8x5qonY=,5A4/22GmzbZ5N+hsJCpAR90extk=
-27,-64,ItO7lOPRyEtN23DLqtZsEzaNcg8=,scefehjPrFP1eMRk+CVCzRjl5PQ=
-26,-61,ItO7lOPRyEtN23DLqtZsEzaNcg8=,scefehjPrFP1eMRk+CVCzRjl5PQ=
-27,-62,ItO7lOPRyEtN23DLqtZsEzaNcg8=,scefehjPrFP1eMRk+CVCzRjl5PQ=
-25,-61,ItO7lOPRyEtN23DLqtZsEzaNcg8=,scefehjPrFP1eMRk+CVCzRjl5PQ=
-27,-61,ItO7lOPRyEtN23DLqtZsEzaNcg8=,scefehjPrFP1eMRk+CVCzRjl5PQ=
-26,-62,ItO7lOPRyEtN23DLqtZsEzaNcg8=,scefehjPrFP1eMRk+CVCzRjl5PQ=
-32,-64,ItO7lOPRyEtN23DLqtZsEzaNcg8=,scefehjPrFP1eMRk+CVCzRjl5PQ=
-24,-61,ItO7lOPRyEtN23DLqtZsEzaNcg8=,scefehjPrFP1eMRk+CVCzRjl5PQ=
-29,-61,ItO7lOPRyEtN23DLqtZsEzaNcg8=,scefehjPrFP1eMRk+CVCzRjl5PQ=
-29,-64,ItO7lOPRyEtN23DLqtZsEzaNcg8=,scefehjPrFP1eMRk+CVCzRjl5PQ=
-23,-61,ItO7lOPRyEtN23DLqtZsEzaNcg8=,scefehjPrFP1eMRk+CVCzRjl5PQ=
-28,-63,ItO7lOPRyEtN23DLqtZsEzaNcg8=,scefehjPrFP1eMRk+CVCzRjl5PQ=
-22,-61,ItO7lOPRyEtN23DLqtZsEzaNcg8=,scefehjPrFP1eMRk+CVCzRjl5PQ=
-21,-61,ItO7lOPRyEtN23DLqtZsEzaNcg8=,scefehjPrFP1eMRk+CVCzRjl5PQ=
-31,-64,ItO7lOPRyEtN23DLqtZsEzaNcg8=,scefehjPrFP1eMRk+CVCzRjl5PQ=
-20,-61,ItO7lOPRyEtN23DLqtZsEzaNcg8=,scefehjPrFP1eMRk+CVCzRjl5PQ=
-17,-49,ItO7lOPRyEtN23DLqtZsEzaNcg8=,scefehjPrFP1eMRk+CVCzRjl5PQ=
-19,-61,ItO7lOPRyEtN23DLqtZsEzaNcg8=,scefehjPrFP1eMRk+CVCzRjl5PQ=
-27,-63,ItO7lOPRyEtN23DLqtZsEzaNcg8=,scefehjPrFP1eMRk+CVCzRjl5PQ=
-18,-61,/a370K/OfLccVBZuh2ORD4B6rV0=,scefehjPrFP1eMRk+CVCzRjl5PQ=
-28,-62,/a370K/OfLccVBZuh2ORD4B6rV0=,scefehjPrFP1eMRk+CVCzRjl5PQ=
-17,-61,/a370K/OfLccVBZuh2ORD4B6rV0=,scefehjPrFP1eMRk+CVCzRjl5PQ=
-26,-63,/a370K/OfLccVBZuh2ORD4B6rV0=,scefehjPrFP1eMRk+CVCzRjl5PQ=
-26,-64,/a370K/OfLccVBZuh2ORD4B6rV0=,scefehjPrFP1eMRk+CVCzRjl5PQ=
-24,-49,/a370K/OfLccVBZuh2ORD4B6rV0=,scefehjPrFP1eMRk+CVCzRjl5PQ=
-25,-49,/a370K/OfLccVBZuh2ORD4B6rV0=,scefehjPrFP1eMRk+CVCzRjl5PQ=
-28,-61,/a370K/OfLccVBZuh2ORD4B6rV0=,scefehjPrFP1eMRk+CVCzRjl5PQ=
-28,-49,/a370K/OfLccVBZuh2ORD4B6rV0=,scefehjPrFP1eMRk+CVCzRjl5PQ=
-29,-49,/a370K/OfLccVBZuh2ORD4B6rV0=,scefehjPrFP1eMRk+CVCzRjl5PQ=
-30,-49,/a370K/OfLccVBZuh2ORD4B6rV0=,scefehjPrFP1eMRk+CVCzRjl5PQ=
-31,-49,/a370K/OfLccVBZuh2ORD4B6rV0=,scefehjPrFP1eMRk+CVCzRjl5PQ=
-28,-64,/a370K/OfLccVBZuh2ORD4B6rV0=,scefehjPrFP1eMRk+CVCzRjl5PQ=
-25,-62,/a370K/OfLccVBZuh2ORD4B6rV0=,scefehjPrFP1eMRk+CVCzRjl5PQ=
-32,-60,/a370K/OfLccVBZuh2ORD4B6rV0=,scefehjPrFP1eMRk+CVCzRjl5PQ=
-26,-49,/a370K/OfLccVBZuh2ORD4B6rV0=,scefehjPrFP1eMRk+CVCzRjl5PQ=
-32,-49,/a370K/OfLccVBZuh2ORD4B6rV0=,scefehjPrFP1eMRk+CVCzRjl5PQ=
-29,-62,/a370K/OfLccVBZuh2ORD4B6rV0=,scefehjPrFP1eMRk+CVCzRjl5PQ=
-27,-49,/a370K/OfLccVBZuh2ORD4B6rV0=,scefehjPrFP1eMRk+CVCzRjl5PQ=
-31,-61,/a370K/OfLccVBZuh2ORD4B6rV0=,scefehjPrFP1eMRk+CVCzRjl5PQ=
-31,-60,/a370K/OfLccVBZuh2ORD4B6rV0=,scefehjPrFP1eMRk+CVCzRjl5PQ=
-30,-60,/a370K/OfLccVBZuh2ORD4B6rV0=,scefehjPrFP1eMRk+CVCzRjl5PQ=
-30,-61,/a370K/OfLccVBZuh2ORD4B6rV0=,scefehjPrFP1eMRk+CVCzRjl5PQ=
-29,-60,/a370K/OfLccVBZuh2ORD4B6rV0=,scefehjPrFP1eMRk+CVCzRjl5PQ=
-28,-60,/a370K/OfLccVBZuh2ORD4B6rV0=,scefehjPrFP1eMRk+CVCzRjl5PQ=
-27,-60,/a370K/OfLccVBZuh2ORD4B6rV0=,scefehjPrFP1eMRk+CVCzRjl5PQ=
-26,-60,/a370K/OfLccVBZuh2ORD4B6rV0=,scefehjPrFP1eMRk+CVCzRjl5PQ=
-24,-60,/a370K/OfLccVBZuh2ORD4B6rV0=,scefehjPrFP1eMRk+CVCzRjl5PQ=
-25,-60,/a370K/OfLccVBZuh2ORD4B6rV0=,scefehjPrFP1eMRk+CVCzRjl5PQ=
-22,-60,/a370K/OfLccVBZuh2ORD4B6rV0=,scefehjPrFP1eMRk+CVCzRjl5PQ=
-23,-60,/a370K/OfLccVBZuh2ORD4B6rV0=,scefehjPrFP1eMRk+CVCzRjl5PQ=
-21,-60,/a370K/OfLccVBZuh2ORD4B6rV0=,scefehjPrFP1eMRk+CVCzRjl5PQ=
-20,-60,/a370K/OfLccVBZuh2ORD4B6rV0=,scefehjPrFP1eMRk+CVCzRjl5PQ=
-19,-60,/a370K/OfLccVBZuh2ORD4B6rV0=,scefehjPrFP1eMRk+CVCzRjl5PQ=
-17,-60,/a370K/OfLccVBZuh2ORD4B6rV0=,scefehjPrFP1eMRk+CVCzRjl5PQ=
-18,-60,/a370K/OfLccVBZuh2ORD4B6rV0=,scefehjPrFP1eMRk+CVCzRjl5PQ=
-32,-59,/a370K/OfLccVBZuh2ORD4B6rV0=,scefehjPrFP1eMRk+CVCzRjl5PQ=
-25,-63,/a370K/OfLccVBZuh2ORD4B6rV0=,scefehjPrFP1eMRk+CVCzRjl5PQ=
-24,-62,/a370K/OfLccVBZuh2ORD4B6rV0=,scefehjPrFP1eMRk+CVCzRjl5PQ=
-25,-64,/a370K/OfLccVBZuh2ORD4B6rV0=,scefehjPrFP1eMRk+CVCzRjl5PQ=
-19,-49,/a370K/OfLccVBZuh2ORD4B6rV0=,scefehjPrFP1eMRk+CVCzRjl5PQ=
-17,-50,/a370K/OfLccVBZuh2ORD4B6rV0=,scefehjPrFP1eMRk+CVCzRjl5PQ=
-23,-49,/a370K/OfLccVBZuh2ORD4B6rV0=,scefehjPrFP1eMRk+CVCzRjl5PQ=
-18,-49,/a370K/OfLccVBZuh2ORD4B6rV0=,scefehjPrFP1eMRk+CVCzRjl5PQ=
-31,-59,/a370K/OfLccVBZuh2ORD4B6rV0=,scefehjPrFP1eMRk+CVCzRjl5PQ=
-18,-50,/a370K/OfLccVBZuh2ORD4B6rV0=,scefehjPrFP1eMRk+CVCzRjl5PQ=
-25,-50,/a370K/OfLccVBZuh2ORD4B6rV0=,scefehjPrFP1eMRk+CVCzRjl5PQ=
-27,-50,/a370K/OfLccVBZuh2ORD4B6rV0=,scefehjPrFP1eMRk+CVCzRjl5PQ=
-26,-50,/a370K/OfLccVBZuh2ORD4B6rV0=,scefehjPrFP1eMRk+CVCzRjl5PQ=
-29,-50,/a370K/OfLccVBZuh2ORD4B6rV0=,scefehjPrFP1eMRk+CVCzRjl5PQ=
-28,-50,/a370K/OfLccVBZuh2ORD4B6rV0=,scefehjPrFP1eMRk+CVCzRjl5PQ=
-30,-59,/a370K/OfLccVBZuh2ORD4B6rV0=,scefehjPrFP1eMRk+CVCzRjl5PQ=
-29,-59,/a370K/OfLccVBZuh2ORD4B6rV0=,scefehjPrFP1eMRk+CVCzRjl5PQ=
-28,-59,/a370K/OfLccVBZuh2ORD4B6rV0=,scefehjPrFP1eMRk+CVCzRjl5PQ=
-27,-59,/a370K/OfLccVBZuh2ORD4B6rV0=,scefehjPrFP1eMRk+CVCzRjl5PQ=
-26,-59,/a370K/OfLccVBZuh2ORD4B6rV0=,scefehjPrFP1eMRk+CVCzRjl5PQ=
-25,-59,/a370K/OfLccVBZuh2ORD4B6rV0=,scefehjPrFP1eMRk+CVCzRjl5PQ=
-24,-59,/a370K/OfLccVBZuh2ORD4B6rV0=,scefehjPrFP1eMRk+CVCzRjl5PQ=
-23,-59,/a370K/OfLccVBZuh2ORD4B6rV0=,scefehjPrFP1eMRk+CVCzRjl5PQ=
-22,-59,/a370K/OfLccVBZuh2ORD4B6rV0=,scefehjPrFP1eMRk+CVCzRjl5PQ=
-21,-59,/a370K/OfLccVBZuh2ORD4B6rV0=,scefehjPrFP1eMRk+CVCzRjl5PQ=
-20,-59,/a370K/OfLccVBZuh2ORD4B6rV0=,scefehjPrFP1eMRk+CVCzRjl5PQ=
-19,-59,/a370K/OfLccVBZuh2ORD4B6rV0=,scefehjPrFP1eMRk+CVCzRjl5PQ=
-18,-59,/a370K/OfLccVBZuh2ORD4B6rV0=,scefehjPrFP1eMRk+CVCzRjl5PQ=
-24,-63,/a370K/OfLccVBZuh2ORD4B6rV0=,scefehjPrFP1eMRk+CVCzRjl5PQ=
-17,-59,/a370K/OfLccVBZuh2ORD4B6rV0=,scefehjPrFP1eMRk+CVCzRjl5PQ=
-24,-50,/a370K/OfLccVBZuh2ORD4B6rV0=,scefehjPrFP1eMRk+CVCzRjl5PQ=
-22,-49,/a370K/OfLccVBZuh2ORD4B6rV0=,scefehjPrFP1eMRk+CVCzRjl5PQ=
-32,-50,/a370K/OfLccVBZuh2ORD4B6rV0=,scefehjPrFP1eMRk+CVCzRjl5PQ=
-19,-50,/a370K/OfLccVBZuh2ORD4B6rV0=,scefehjPrFP1eMRk+CVCzRjl5PQ=
-30,-62,/a370K/OfLccVBZuh2ORD4B6rV0=,scefehjPrFP1eMRk+CVCzRjl5PQ=
-29,-63,/a370K/OfLccVBZuh2ORD4B6rV0=,scefehjPrFP1eMRk+CVCzRjl5PQ=
-32,-58,/a370K/OfLccVBZuh2ORD4B6rV0=,scefehjPrFP1eMRk+CVCzRjl5PQ=
-23,-62,/a370K/OfLccVBZuh2ORD4B6rV0=,scefehjPrFP1eMRk+CVCzRjl5PQ=
-24,-64,/a370K/OfLccVBZuh2ORD4B6rV0=,scefehjPrFP1eMRk+CVCzRjl5PQ=
-17,-51,/a370K/OfLccVBZuh2ORD4B6rV0=,scefehjPrFP1eMRk+CVCzRjl5PQ=
-20,-50,/a370K/OfLccVBZuh2ORD4B6rV0=,scefehjPrFP1eMRk+CVCzRjl5PQ=
-31,-58,/a370K/OfLccVBZuh2ORD4B6rV0=,scefehjPrFP1eMRk+CVCzRjl5PQ=
-30,-50,/a370K/OfLccVBZuh2ORD4B6rV0=,scefehjPrFP1eMRk+CVCzRjl5PQ=
-30,-58,/a370K/OfLccVBZuh2ORD4B6rV0=,scefehjPrFP1eMRk+CVCzRjl5PQ=
-20,-49,/a370K/OfLccVBZuh2ORD4B6rV0=,scefehjPrFP1eMRk+CVCzRjl5PQ=
-29,-58,/a370K/OfLccVBZuh2ORD4B6rV0=,scefehjPrFP1eMRk+CVCzRjl5PQ=
-28,-58,/a370K/OfLccVBZuh2ORD4B6rV0=,scefehjPrFP1eMRk+CVCzRjl5PQ=
-27,-58,/a370K/OfLccVBZuh2ORD4B6rV0=,scefehjPrFP1eMRk+CVCzRjl5PQ=
-26,-58,/a370K/OfLccVBZuh2ORD4B6rV0=,scefehjPrFP1eMRk+CVCzRjl5PQ=
-24,-58,/a370K/OfLccVBZuh2ORD4B6rV0=,scefehjPrFP1eMRk+CVCzRjl5PQ=
-25,-58,/a370K/OfLccVBZuh2ORD4B6rV0=,scefehjPrFP1eMRk+CVCzRjl5PQ=
-23,-58,/a370K/OfLccVBZuh2ORD4B6rV0=,scefehjPrFP1eMRk+CVCzRjl5PQ=
-22,-58,/a370K/OfLccVBZuh2ORD4B6rV0=,scefehjPrFP1eMRk+CVCzRjl5PQ=
-21,-58,/a370K/OfLccVBZuh2ORD4B6rV0=,scefehjPrFP1eMRk+CVCzRjl5PQ=
-20,-58,/a370K/OfLccVBZuh2ORD4B6rV0=,scefehjPrFP1eMRk+CVCzRjl5PQ=
-19,-58,/a370K/OfLccVBZuh2ORD4B6rV0=,scefehjPrFP1eMRk+CVCzRjl5PQ=
-18,-58,/a370K/OfLccVBZuh2ORD4B6rV0=,scefehjPrFP1eMRk+CVCzRjl5PQ=
-17,-58,/a370K/OfLccVBZuh2ORD4B6rV0=,scefehjPrFP1eMRk+CVCzRjl5PQ=
-23,-63,/a370K/OfLccVBZuh2ORD4B6rV0=,scefehjPrFP1eMRk+CVCzRjl5PQ=
-23,-64,/a370K/OfLccVBZuh2ORD4B6rV0=,scefehjPrFP1eMRk+CVCzRjl5PQ=
-32,-57,/a370K/OfLccVBZuh2ORD4B6rV0=,scefehjPrFP1eMRk+CVCzRjl5PQ=
-22,-62,/a370K/OfLccVBZuh2ORD4B6rV0=,scefehjPrFP1eMRk+CVCzRjl5PQ=
-22,-50,/a370K/OfLccVBZuh2ORD4B6rV0=,scefehjPrFP1eMRk+CVCzRjl5PQ=
-31,-57,/a370K/OfLccVBZuh2ORD4B6rV0=,scefehjPrFP1eMRk+CVCzRjl5PQ=
-19,-51,/a370K/OfLccVBZuh2ORD4B6rV0=,scefehjPrFP1eMRk+CVCzRjl5PQ=
-21,-51,/a370K/OfLccVBZuh2ORD4B6rV0=,scefehjPrFP1eMRk+CVCzRjl5PQ=
-22,-51,/a370K/OfLccVBZuh2ORD4B6rV0=,scefehjPrFP1eMRk+CVCzRjl5PQ=
-21,-50,/a370K/OfLccVBZuh2ORD4B6rV0=,scefehjPrFP1eMRk+CVCzRjl5PQ=
-18,-51,/a370K/OfLccVBZuh2ORD4B6rV0=,scefehjPrFP1eMRk+CVCzRjl5PQ=
-27,-51,/a370K/OfLccVBZuh2ORD4B6rV0=,scefehjPrFP1eMRk+CVCzRjl5PQ=
-26,-51,/a370K/OfLccVBZuh2ORD4B6rV0=,scefehjPrFP1eMRk+CVCzRjl5PQ=
-30,-57,/a370K/OfLccVBZuh2ORD4B6rV0=,scefehjPrFP1eMRk+CVCzRjl5PQ=
-29,-51,/a370K/OfLccVBZuh2ORD4B6rV0=,scefehjPrFP1eMRk+CVCzRjl5PQ=
-25,-51,/a370K/OfLccVBZuh2ORD4B6rV0=,scefehjPrFP1eMRk+CVCzRjl5PQ=
-21,-49,/a370K/OfLccVBZuh2ORD4B6rV0=,scefehjPrFP1eMRk+CVCzRjl5PQ=
-30,-63,/a370K/OfLccVBZuh2ORD4B6rV0=,scefehjPrFP1eMRk+CVCzRjl5PQ=
-23,-50,/a370K/OfLccVBZuh2ORD4B6rV0=,scefehjPrFP1eMRk+CVCzRjl5PQ=
-31,-62,/a370K/OfLccVBZuh2ORD4B6rV0=,scefehjPrFP1eMRk+CVCzRjl5PQ=
-32,-51,/a370K/OfLccVBZuh2ORD4B6rV0=,scefehjPrFP1eMRk+CVCzRjl5PQ=
-31,-50,/a370K/OfLccVBZuh2ORD4B6rV0=,scefehjPrFP1eMRk+CVCzRjl5PQ=
-17,-52,/a370K/OfLccVBZuh2ORD4B6rV0=,scefehjPrFP1eMRk+CVCzRjl5PQ=
-20,-51,/a370K/OfLccVBZuh2ORD4B6rV0=,scefehjPrFP1eMRk+CVCzRjl5PQ=
-30,-51,/a370K/OfLccVBZuh2ORD4B6rV0=,scefehjPrFP1eMRk+CVCzRjl5PQ=
-28,-51,/a370K/OfLccVBZuh2ORD4B6rV0=,scefehjPrFP1eMRk+CVCzRjl5PQ=
-24,-51,/a370K/OfLccVBZuh2ORD4B6rV0=,scefehjPrFP1eMRk+CVCzRjl5PQ=
-23,-51,/a370K/OfLccVBZuh2ORD4B6rV0=,scefehjPrFP1eMRk+CVCzRjl5PQ=
-31,-51,/a370K/OfLccVBZuh2ORD4B6rV0=,scefehjPrFP1eMRk+CVCzRjl5PQ=
-29,-57,/a370K/OfLccVBZuh2ORD4B6rV0=,scefehjPrFP1eMRk+CVCzRjl5PQ=
-23,-52,/a370K/OfLccVBZuh2ORD4B6rV0=,scefehjPrFP1eMRk+CVCzRjl5PQ=
-28,-57,/a370K/OfLccVBZuh2ORD4B6rV0=,scefehjPrFP1eMRk+CVCzRjl5PQ=
-27,-57,/a370K/OfLccVBZuh2ORD4B6rV0=,scefehjPrFP1eMRk+CVCzRjl5PQ=
-25,-57,/a370K/OfLccVBZuh2ORD4B6rV0=,scefehjPrFP1eMRk+CVCzRjl5PQ=
-22,-52,/a370K/OfLccVBZuh2ORD4B6rV0=,scefehjPrFP1eMRk+CVCzRjl5PQ=
-24,-57,/a370K/OfLccVBZuh2ORD4B6rV0=,scefehjPrFP1eMRk+CVCzRjl5PQ=
-26,-57,/a370K/OfLccVBZuh2ORD4B6rV0=,scefehjPrFP1eMRk+CVCzRjl5PQ=
-23,-57,/a370K/OfLccVBZuh2ORD4B6rV0=,scefehjPrFP1eMRk+CVCzRjl5PQ=
-21,-57,/a370K/OfLccVBZuh2ORD4B6rV0=,scefehjPrFP1eMRk+CVCzRjl5PQ=
-22,-57,/a370K/OfLccVBZuh2ORD4B6rV0=,scefehjPrFP1eMRk+CVCzRjl5PQ=
-20,-57,/a370K/OfLccVBZuh2ORD4B6rV0=,scefehjPrFP1eMRk+CVCzRjl5PQ=
-19,-57,/a370K/OfLccVBZuh2ORD4B6rV0=,scefehjPrFP1eMRk+CVCzRjl5PQ=
-18,-57,/a370K/OfLccVBZuh2ORD4B6rV0=,scefehjPrFP1eMRk+CVCzRjl5PQ=
-17,-57,/a370K/OfLccVBZuh2ORD4B6rV0=,scefehjPrFP1eMRk+CVCzRjl5PQ=
-21,-62,/a370K/OfLccVBZuh2ORD4B6rV0=,scefehjPrFP1eMRk+CVCzRjl5PQ=
-22,-63,/a370K/OfLccVBZuh2ORD4B6rV0=,scefehjPrFP1eMRk+CVCzRjl5PQ=
-22,-64,/a370K/OfLccVBZuh2ORD4B6rV0=,scefehjPrFP1eMRk+CVCzRjl5PQ=
-32,-56,/a370K/OfLccVBZuh2ORD4B6rV0=,scefehjPrFP1eMRk+CVCzRjl5PQ=
-25,-52,/a370K/OfLccVBZuh2ORD4B6rV0=,scefehjPrFP1eMRk+CVCzRjl5PQ=
-21,-52,/a370K/OfLccVBZuh2ORD4B6rV0=,scefehjPrFP1eMRk+CVCzRjl5PQ=
-26,-52,/a370K/OfLccVBZuh2ORD4B6rV0=,scefehjPrFP1eMRk+CVCzRjl5PQ=
-31,-63,/a370K/OfLccVBZuh2ORD4B6rV0=,scefehjPrFP1eMRk+CVCzRjl5PQ=
-31,-52,/a370K/OfLccVBZuh2ORD4B6rV0=,scefehjPrFP1eMRk+CVCzRjl5PQ=
-32,-63,/a370K/OfLccVBZuh2ORD4B6rV0=,scefehjPrFP1eMRk+CVCzRjl5PQ=
-30,-64,/a370K/OfLccVBZuh2ORD4B6rV0=,scefehjPrFP1eMRk+CVCzRjl5PQ=
-32,-52,/a370K/OfLccVBZuh2ORD4B6rV0=,scefehjPrFP1eMRk+CVCzRjl5PQ=
-17,-64,/a370K/OfLccVBZuh2ORD4B6rV0=,scefehjPrFP1eMRk+CVCzRjl5PQ=
-24,-52,/a370K/OfLccVBZuh2ORD4B6rV0=,scefehjPrFP1eMRk+CVCzRjl5PQ=
-17,-62,/a370K/OfLccVBZuh2ORD4B6rV0=,scefehjPrFP1eMRk+CVCzRjl5PQ=
-18,-64,/a370K/OfLccVBZuh2ORD4B6rV0=,scefehjPrFP1eMRk+CVCzRjl5PQ=
-17,-63,/a370K/OfLccVBZuh2ORD4B6rV0=,scefehjPrFP1eMRk+CVCzRjl5PQ=
-30,-52,/a370K/OfLccVBZuh2ORD4B6rV0=,scefehjPrFP1eMRk+CVCzRjl5PQ=
-18,-63,/a370K/OfLccVBZuh2ORD4B6rV0=,scefehjPrFP1eMRk+CVCzRjl5PQ=
-32,-61,/a370K/OfLccVBZuh2ORD4B6rV0=,scefehjPrFP1eMRk+CVCzRjl5PQ=
-31,-56,/a370K/OfLccVBZuh2ORD4B6rV0=,scefehjPrFP1eMRk+CVCzRjl5PQ=
-19,-53,/a370K/OfLccVBZuh2ORD4B6rV0=,scefehjPrFP1eMRk+CVCzRjl5PQ=
-30,-56,/a370K/OfLccVBZuh2ORD4B6rV0=,scefehjPrFP1eMRk+CVCzRjl5PQ=
-17,-53,/a370K/OfLccVBZuh2ORD4B6rV0=,scefehjPrFP1eMRk+CVCzRjl5PQ=
-18,-53,/a370K/OfLccVBZuh2ORD4B6rV0=,scefehjPrFP1eMRk+CVCzRjl5PQ=
-22,-53,/a370K/OfLccVBZuh2ORD4B6rV0=,scefehjPrFP1eMRk+CVCzRjl5PQ=
-23,-53,/a370K/OfLccVBZuh2ORD4B6rV0=,scefehjPrFP1eMRk+CVCzRjl5PQ=
-32,-62,/a370K/OfLccVBZuh2ORD4B6rV0=,scefehjPrFP1eMRk+CVCzRjl5PQ=
-24,-53,/a370K/OfLccVBZuh2ORD4B6rV0=,scefehjPrFP1eMRk+CVCzRjl5PQ=
-27,-52,/a370K/OfLccVBZuh2ORD4B6rV0=,scefehjPrFP1eMRk+CVCzRjl5PQ=
-18,-52,/a370K/OfLccVBZuh2ORD4B6rV0=,scefehjPrFP1eMRk+CVCzRjl5PQ=
-21,-53,/a370K/OfLccVBZuh2ORD4B6rV0=,scefehjPrFP1eMRk+CVCzRjl5PQ=
-20,-53,/a370K/OfLccVBZuh2ORD4B6rV0=,scefehjPrFP1eMRk+CVCzRjl5PQ=
-29,-56,/a370K/OfLccVBZuh2ORD4B6rV0=,scefehjPrFP1eMRk+CVCzRjl5PQ=
-28,-52,/a370K/OfLccVBZuh2ORD4B6rV0=,scefehjPrFP1eMRk+CVCzRjl5PQ=
-26,-53,/a370K/OfLccVBZuh2ORD4B6rV0=,scefehjPrFP1eMRk+CVCzRjl5PQ=
-19,-64,/a370K/OfLccVBZuh2ORD4B6rV0=,scefehjPrFP1eMRk+CVCzRjl5PQ=
-18,-62,/a370K/OfLccVBZuh2ORD4B6rV0=,scefehjPrFP1eMRk+CVCzRjl5PQ=
-32,-53,/a370K/OfLccVBZuh2ORD4B6rV0=,scefehjPrFP1eMRk+CVCzRjl5PQ=
-28,-56,/a370K/OfLccVBZuh2ORD4B6rV0=,scefehjPrFP1eMRk+CVCzRjl5PQ=
-27,-56,/a370K/OfLccVBZuh2ORD4B6rV0=,scefehjPrFP1eMRk+CVCzRjl5PQ=
-26,-56,/a370K/OfLccVBZuh2ORD4B6rV0=,scefehjPrFP1eMRk+CVCzRjl5PQ=
-25,-56,/a370K/OfLccVBZuh2ORD4B6rV0=,scefehjPrFP1eMRk+CVCzRjl5PQ=
-24,-56,/a370K/OfLccVBZuh2ORD4B6rV0=,scefehjPrFP1eMRk+CVCzRjl5PQ=
-23,-56,/a370K/OfLccVBZuh2ORD4B6rV0=,scefehjPrFP1eMRk+CVCzRjl5PQ=
-22,-56,/a370K/OfLccVBZuh2ORD4B6rV0=,scefehjPrFP1eMRk+CVCzRjl5PQ=
-21,-56,/a370K/OfLccVBZuh2ORD4B6rV0=,scefehjPrFP1eMRk+CVCzRjl5PQ=
-20,-56,/a370K/OfLccVBZuh2ORD4B6rV0=,scefehjPrFP1eMRk+CVCzRjl5PQ=
-19,-56,/a370K/OfLccVBZuh2ORD4B6rV0=,scefehjPrFP1eMRk+CVCzRjl5PQ=
-18,-56,/a370K/OfLccVBZuh2ORD4B6rV0=,scefehjPrFP1eMRk+CVCzRjl5PQ=
-17,-56,/a370K/OfLccVBZuh2ORD4B6rV0=,scefehjPrFP1eMRk+CVCzRjl5PQ=
-21,-63,/a370K/OfLccVBZuh2ORD4B6rV0=,scefehjPrFP1eMRk+CVCzRjl5PQ=
-20,-62,/a370K/OfLccVBZuh2ORD4B6rV0=,scefehjPrFP1eMRk+CVCzRjl5PQ=
-21,-64,/a370K/OfLccVBZuh2ORD4B6rV0=,scefehjPrFP1eMRk+CVCzRjl5PQ=
-32,-55,/a370K/OfLccVBZuh2ORD4B6rV0=,scefehjPrFP1eMRk+CVCzRjl5PQ=
-27,-53,/a370K/OfLccVBZuh2ORD4B6rV0=,scefehjPrFP1eMRk+CVCzRjl5PQ=
-19,-63,/a370K/OfLccVBZuh2ORD4B6rV0=,scefehjPrFP1eMRk+CVCzRjl5PQ=
-17,-54,/a370K/OfLccVBZuh2ORD4B6rV0=,scefehjPrFP1eMRk+CVCzRjl5PQ=
-19,-54,/a370K/OfLccVBZuh2ORD4B6rV0=,scefehjPrFP1eMRk+CVCzRjl5PQ=
-20,-54,/a370K/OfLccVBZuh2ORD4B6rV0=,scefehjPrFP1eMRk+CVCzRjl5PQ=
-22,-54,/a370K/OfLccVBZuh2ORD4B6rV0=,scefehjPrFP1eMRk+CVCzRjl5PQ=
-21,-54,/a370K/OfLccVBZuh2ORD4B6rV0=,scefehjPrFP1eMRk+CVCzRjl5PQ=
-23,-54,/a370K/OfLccVBZuh2ORD4B6rV0=,scefehjPrFP1eMRk+CVCzRjl5PQ=
-24,-54,/a370K/OfLccVBZuh2ORD4B6rV0=,scefehjPrFP1eMRk+CVCzRjl5PQ=
-18,-54,/a370K/OfLccVBZuh2ORD4B6rV0=,scefehjPrFP1eMRk+CVCzRjl5PQ=
-31,-53,/a370K/OfLccVBZuh2ORD4B6rV0=,scefehjPrFP1eMRk+CVCzRjl5PQ=
-30,-53,/a370K/OfLccVBZuh2ORD4B6rV0=,scefehjPrFP1eMRk+CVCzRjl5PQ=
-26,-54,/a370K/OfLccVBZuh2ORD4B6rV0=,scefehjPrFP1eMRk+CVCzRjl5PQ=
-27,-54,/a370K/OfLccVBZuh2ORD4B6rV0=,scefehjPrFP1eMRk+CVCzRjl5PQ=
-25,-53,/a370K/OfLccVBZuh2ORD4B6rV0=,scefehjPrFP1eMRk+CVCzRjl5PQ=
-25,-54,/a370K/OfLccVBZuh2ORD4B6rV0=,scefehjPrFP1eMRk+CVCzRjl5PQ=
-32,-54,/a370K/OfLccVBZuh2ORD4B6rV0=,scefehjPrFP1eMRk+CVCzRjl5PQ=
-31,-54,/a370K/OfLccVBZuh2ORD4B6rV0=,scefehjPrFP1eMRk+CVCzRjl5PQ=
-20,-64,/a370K/OfLccVBZuh2ORD4B6rV0=,scefehjPrFP1eMRk+CVCzRjl5PQ=
-19,-62,/a370K/OfLccVBZuh2ORD4B6rV0=,scefehjPrFP1eMRk+CVCzRjl5PQ=
-20,-63,/a370K/OfLccVBZuh2ORD4B6rV0=,scefehjPrFP1eMRk+CVCzRjl5PQ=
-17,-55,/a370K/OfLccVBZuh2ORD4B6rV0=,scefehjPrFP1eMRk+CVCzRjl5PQ=
-18,-55,/a370K/OfLccVBZuh2ORD4B6rV0=,scefehjPrFP1eMRk+CVCzRjl5PQ=
-19,-55,/a370K/OfLccVBZuh2ORD4B6rV0=,scefehjPrFP1eMRk+CVCzRjl5PQ=
-20,-55,/a370K/OfLccVBZuh2ORD4B6rV0=,scefehjPrFP1eMRk+CVCzRjl5PQ=
-21,-55,/a370K/OfLccVBZuh2ORD4B6rV0=,scefehjPrFP1eMRk+CVCzRjl5PQ=
-22,-55,/a370K/OfLccVBZuh2ORD4B6rV0=,scefehjPrFP1eMRk+CVCzRjl5PQ=
-23,-55,/a370K/OfLccVBZuh2ORD4B6rV0=,scefehjPrFP1eMRk+CVCzRjl5PQ=
-24,-55,/a370K/OfLccVBZuh2ORD4B6rV0=,scefehjPrFP1eMRk+CVCzRjl5PQ=
-25,-55,/a370K/OfLccVBZuh2ORD4B6rV0=,scefehjPrFP1eMRk+CVCzRjl5PQ=
-31,-55,/a370K/OfLccVBZuh2ORD4B6rV0=,scefehjPrFP1eMRk+CVCzRjl5PQ=
-27,-55,/a370K/OfLccVBZuh2ORD4B6rV0=,scefehjPrFP1eMRk+CVCzRjl5PQ=
-29,-53,/a370K/OfLccVBZuh2ORD4B6rV0=,scefehjPrFP1eMRk+CVCzRjl5PQ=
-28,-53,/a370K/OfLccVBZuh2ORD4B6rV0=,scefehjPrFP1eMRk+CVCzRjl5PQ=
-29,-52,/a370K/OfLccVBZuh2ORD4B6rV0=,scefehjPrFP1eMRk+CVCzRjl5PQ=
-28,-54,/a370K/OfLccVBZuh2ORD4B6rV0=,scefehjPrFP1eMRk+CVCzRjl5PQ=
-29,-55,/a370K/OfLccVBZuh2ORD4B6rV0=,scefehjPrFP1eMRk+CVCzRjl5PQ=
-30,-55,/a370K/OfLccVBZuh2ORD4B6rV0=,scefehjPrFP1eMRk+CVCzRjl5PQ=
-28,-55,/a370K/OfLccVBZuh2ORD4B6rV0=,scefehjPrFP1eMRk+CVCzRjl5PQ=
-20,-52,/a370K/OfLccVBZuh2ORD4B6rV0=,scefehjPrFP1eMRk+CVCzRjl5PQ=
-29,-54,/a370K/OfLccVBZuh2ORD4B6rV0=,scefehjPrFP1eMRk+CVCzRjl5PQ=
-26,-55,/a370K/OfLccVBZuh2ORD4B6rV0=,scefehjPrFP1eMRk+CVCzRjl5PQ=
-30,-54,/a370K/OfLccVBZuh2ORD4B6rV0=,scefehjPrFP1eMRk+CVCzRjl5PQ=
-19,-52,/a370K/OfLccVBZuh2ORD4B6rV0=,scefehjPrFP1eMRk+CVCzRjl5PQ=
-27,-46,/a370K/OfLccVBZuh2ORD4B6rV0=,OTOCIyH3VptH7ghVNMwaZNcuUBU=
-27,-48,/a370K/OfLccVBZuh2ORD4B6rV0=,OTOCIyH3VptH7ghVNMwaZNcuUBU=
-32,-48,/a370K/OfLccVBZuh2ORD4B6rV0=,OTOCIyH3VptH7ghVNMwaZNcuUBU=
-29,-48,/a370K/OfLccVBZuh2ORD4B6rV0=,OTOCIyH3VptH7ghVNMwaZNcuUBU=
-28,-45,/a370K/OfLccVBZuh2ORD4B6rV0=,OTOCIyH3VptH7ghVNMwaZNcuUBU=
-29,-45,/a370K/OfLccVBZuh2ORD4B6rV0=,OTOCIyH3VptH7ghVNMwaZNcuUBU=
-27,-47,/a370K/OfLccVBZuh2ORD4B6rV0=,OTOCIyH3VptH7ghVNMwaZNcuUBU=
-31,-48,/a370K/OfLccVBZuh2ORD4B6rV0=,OTOCIyH3VptH7ghVNMwaZNcuUBU=
-28,-46,/a370K/OfLccVBZuh2ORD4B6rV0=,OTOCIyH3VptH7ghVNMwaZNcuUBU=
-28,-47,/a370K/OfLccVBZuh2ORD4B6rV0=,OTOCIyH3VptH7ghVNMwaZNcuUBU=
-30,-45,/a370K/OfLccVBZuh2ORD4B6rV0=,OTOCIyH3VptH7ghVNMwaZNcuUBU=
-17,-33,/a370K/OfLccVBZuh2ORD4B6rV0=,OTOCIyH3VptH7ghVNMwaZNcuUBU=
-19,-33,/a370K/OfLccVBZuh2ORD4B6rV0=,OTOCIyH3VptH7ghVNMwaZNcuUBU=
-18,-33,/a370K/OfLccVBZuh2ORD4B6rV0=,OTOCIyH3VptH7ghVNMwaZNcuUBU=
-22,-33,/a370K/OfLccVBZuh2ORD4B6rV0=,OTOCIyH3VptH7ghVNMwaZNcuUBU=
-20,-33,/a370K/OfLccVBZuh2ORD4B6rV0=,OTOCIyH3VptH7ghVNMwaZNcuUBU=
-21,-33,/a370K/OfLccVBZuh2ORD4B6rV0=,OTOCIyH3VptH7ghVNMwaZNcuUBU=
-25,-33,/a370K/OfLccVBZuh2ORD4B6rV0=,OTOCIyH3VptH7ghVNMwaZNcuUBU=
-24,-33,/a370K/OfLccVBZuh2ORD4B6rV0=,OTOCIyH3VptH7ghVNMwaZNcuUBU=
-27,-33,/a370K/OfLccVBZuh2ORD4B6rV0=,OTOCIyH3VptH7ghVNMwaZNcuUBU=
-26,-33,/a370K/OfLccVBZuh2ORD4B6rV0=,OTOCIyH3VptH7ghVNMwaZNcuUBU=
-28,-33,/a370K/OfLccVBZuh2ORD4B6rV0=,OTOCIyH3VptH7ghVNMwaZNcuUBU=
-23,-33,/a370K/OfLccVBZuh2ORD4B6rV0=,OTOCIyH3VptH7ghVNMwaZNcuUBU=
-31,-33,/a370K/OfLccVBZuh2ORD4B6rV0=,OTOCIyH3VptH7ghVNMwaZNcuUBU=
-31,-45,/a370K/OfLccVBZuh2ORD4B6rV0=,OTOCIyH3VptH7ghVNMwaZNcuUBU=
-30,-33,/a370K/OfLccVBZuh2ORD4B6rV0=,OTOCIyH3VptH7ghVNMwaZNcuUBU=
-32,-33,/a370K/OfLccVBZuh2ORD4B6rV0=,OTOCIyH3VptH7ghVNMwaZNcuUBU=
-28,-48,/a370K/OfLccVBZuh2ORD4B6rV0=,OTOCIyH3VptH7ghVNMwaZNcuUBU=
-29,-33,/a370K/OfLccVBZuh2ORD4B6rV0=,OTOCIyH3VptH7ghVNMwaZNcuUBU=
-17,-34,/a370K/OfLccVBZuh2ORD4B6rV0=,OTOCIyH3VptH7ghVNMwaZNcuUBU=
-18,-34,/a370K/OfLccVBZuh2ORD4B6rV0=,OTOCIyH3VptH7ghVNMwaZNcuUBU=
-29,-46,/a370K/OfLccVBZuh2ORD4B6rV0=,OTOCIyH3VptH7ghVNMwaZNcuUBU=
-19,-34,/a370K/OfLccVBZuh2ORD4B6rV0=,OTOCIyH3VptH7ghVNMwaZNcuUBU=
-21,-34,/a370K/OfLccVBZuh2ORD4B6rV0=,OTOCIyH3VptH7ghVNMwaZNcuUBU=
-20,-34,/a370K/OfLccVBZuh2ORD4B6rV0=,OTOCIyH3VptH7ghVNMwaZNcuUBU=
-22,-34,/a370K/OfLccVBZuh2ORD4B6rV0=,OTOCIyH3VptH7ghVNMwaZNcuUBU=
-23,-34,/a370K/OfLccVBZuh2ORD4B6rV0=,OTOCIyH3VptH7ghVNMwaZNcuUBU=
-24,-34,/a370K/OfLccVBZuh2ORD4B6rV0=,OTOCIyH3VptH7ghVNMwaZNcuUBU=
-25,-34,/a370K/OfLccVBZuh2ORD4B6rV0=,OTOCIyH3VptH7ghVNMwaZNcuUBU=
-26,-34,/a370K/OfLccVBZuh2ORD4B6rV0=,OTOCIyH3VptH7ghVNMwaZNcuUBU=
-28,-34,/a370K/OfLccVBZuh2ORD4B6rV0=,OTOCIyH3VptH7ghVNMwaZNcuUBU=
-27,-34,/a370K/OfLccVBZuh2ORD4B6rV0=,OTOCIyH3VptH7ghVNMwaZNcuUBU=
-29,-34,/a370K/OfLccVBZuh2ORD4B6rV0=,OTOCIyH3VptH7ghVNMwaZNcuUBU=
-30,-34,/a370K/OfLccVBZuh2ORD4B6rV0=,OTOCIyH3VptH7ghVNMwaZNcuUBU=
-29,-47,/a370K/OfLccVBZuh2ORD4B6rV0=,OTOCIyH3VptH7ghVNMwaZNcuUBU=
-31,-34,/a370K/OfLccVBZuh2ORD4B6rV0=,OTOCIyH3VptH7ghVNMwaZNcuUBU=
-30,-46,/a370K/OfLccVBZuh2ORD4B6rV0=,OTOCIyH3VptH7ghVNMwaZNcuUBU=
-32,-34,/a370K/OfLccVBZuh2ORD4B6rV0=,OTOCIyH3VptH7ghVNMwaZNcuUBU=
-17,-35,/a370K/OfLccVBZuh2ORD4B6rV0=,OTOCIyH3VptH7ghVNMwaZNcuUBU=
-18,-35,/a370K/OfLccVBZuh2ORD4B6rV0=,OTOCIyH3VptH7ghVNMwaZNcuUBU=
-19,-35,/a370K/OfLccVBZuh2ORD4B6rV0=,OTOCIyH3VptH7ghVNMwaZNcuUBU=
-20,-35,/a370K/OfLccVBZuh2ORD4B6rV0=,OTOCIyH3VptH7ghVNMwaZNcuUBU=
-21,-35,/a370K/OfLccVBZuh2ORD4B6rV0=,OTOCIyH3VptH7ghVNMwaZNcuUBU=
-23,-35,/a370K/OfLccVBZuh2ORD4B6rV0=,OTOCIyH3VptH7ghVNMwaZNcuUBU=
-25,-35,/a370K/OfLccVBZuh2ORD4B6rV0=,OTOCIyH3VptH7ghVNMwaZNcuUBU=
-24,-35,/a370K/OfLccVBZuh2ORD4B6rV0=,OTOCIyH3VptH7ghVNMwaZNcuUBU=
-22,-35,/a370K/OfLccVBZuh2ORD4B6rV0=,OTOCIyH3VptH7ghVNMwaZNcuUBU=
-27,-35,/a370K/OfLccVBZuh2ORD4B6rV0=,OTOCIyH3VptH7ghVNMwaZNcuUBU=
-28,-35,/a370K/OfLccVBZuh2ORD4B6rV0=,OTOCIyH3VptH7ghVNMwaZNcuUBU=
-26,-35,/a370K/OfLccVBZuh2ORD4B6rV0=,OTOCIyH3VptH7ghVNMwaZNcuUBU=
-29,-35,/a370K/OfLccVBZuh2ORD4B6rV0=,OTOCIyH3VptH7ghVNMwaZNcuUBU=
-30,-35,/a370K/OfLccVBZuh2ORD4B6rV0=,OTOCIyH3VptH7ghVNMwaZNcuUBU=
-30,-47,/a370K/OfLccVBZuh2ORD4B6rV0=,OTOCIyH3VptH7ghVNMwaZNcuUBU=
-32,-35,/a370K/OfLccVBZuh2ORD4B6rV0=,OTOCIyH3VptH7ghVNMwaZNcuUBU=
-31,-46,/a370K/OfLccVBZuh2ORD4B6rV0=,OTOCIyH3VptH7ghVNMwaZNcuUBU=
-17,-36,/a370K/OfLccVBZuh2ORD4B6rV0=,OTOCIyH3VptH7ghVNMwaZNcuUBU=
-18,-36,/a370K/OfLccVBZuh2ORD4B6rV0=,OTOCIyH3VptH7ghVNMwaZNcuUBU=
-20,-36,/a370K/OfLccVBZuh2ORD4B6rV0=,OTOCIyH3VptH7ghVNMwaZNcuUBU=
-19,-36,/a370K/OfLccVBZuh2ORD4B6rV0=,OTOCIyH3VptH7ghVNMwaZNcuUBU=
-21,-36,/a370K/OfLccVBZuh2ORD4B6rV0=,OTOCIyH3VptH7ghVNMwaZNcuUBU=
-22,-36,/a370K/OfLccVBZuh2ORD4B6rV0=,OTOCIyH3VptH7ghVNMwaZNcuUBU=
-25,-36,/a370K/OfLccVBZuh2ORD4B6rV0=,OTOCIyH3VptH7ghVNMwaZNcuUBU=
-24,-36,/a370K/OfLccVBZuh2ORD4B6rV0=,OTOCIyH3VptH7ghVNMwaZNcuUBU=
-23,-36,/a370K/OfLccVBZuh2ORD4B6rV0=,OTOCIyH3VptH7ghVNMwaZNcuUBU=
-26,-36,/a370K/OfLccVBZuh2ORD4B6rV0=,OTOCIyH3VptH7ghVNMwaZNcuUBU=
-27,-36,/a370K/OfLccVBZuh2ORD4B6rV0=,OTOCIyH3VptH7ghVNMwaZNcuUBU=
-29,-36,/a370K/OfLccVBZuh2ORD4B6rV0=,OTOCIyH3VptH7ghVNMwaZNcuUBU=
-28,-36,/a370K/OfLccVBZuh2ORD4B6rV0=,OTOCIyH3VptH7ghVNMwaZNcuUBU=
-31,-47,/a370K/OfLccVBZuh2ORD4B6rV0=,OTOCIyH3VptH7ghVNMwaZNcuUBU=
-32,-47,/a370K/OfLccVBZuh2ORD4B6rV0=,OTOCIyH3VptH7ghVNMwaZNcuUBU=
-31,-35,/a370K/OfLccVBZuh2ORD4B6rV0=,OTOCIyH3VptH7ghVNMwaZNcuUBU=
-17,-48,/a370K/OfLccVBZuh2ORD4B6rV0=,OTOCIyH3VptH7ghVNMwaZNcuUBU=
-30,-48,/a370K/OfLccVBZuh2ORD4B6rV0=,OTOCIyH3VptH7ghVNMwaZNcuUBU=
-18,-48,/a370K/OfLccVBZuh2ORD4B6rV0=,OTOCIyH3VptH7ghVNMwaZNcuUBU=
-32,-45,/a370K/OfLccVBZuh2ORD4B6rV0=,OTOCIyH3VptH7ghVNMwaZNcuUBU=
-17,-46,/a370K/OfLccVBZuh2ORD4B6rV0=,OTOCIyH3VptH7ghVNMwaZNcuUBU=
-17,-47,/a370K/OfLccVBZuh2ORD4B6rV0=,OTOCIyH3VptH7ghVNMwaZNcuUBU=
-18,-47,/a370K/OfLccVBZuh2ORD4B6rV0=,OTOCIyH3VptH7ghVNMwaZNcuUBU=
-17,-37,/a370K/OfLccVBZuh2ORD4B6rV0=,OTOCIyH3VptH7ghVNMwaZNcuUBU=
-18,-37,/a370K/OfLccVBZuh2ORD4B6rV0=,OTOCIyH3VptH7ghVNMwaZNcuUBU=
-19,-37,/a370K/OfLccVBZuh2ORD4B6rV0=,OTOCIyH3VptH7ghVNMwaZNcuUBU=
-20,-37,/a370K/OfLccVBZuh2ORD4B6rV0=,OTOCIyH3VptH7ghVNMwaZNcuUBU=
-21,-37,/a370K/OfLccVBZuh2ORD4B6rV0=,OTOCIyH3VptH7ghVNMwaZNcuUBU=
-22,-37,/a370K/OfLccVBZuh2ORD4B6rV0=,OTOCIyH3VptH7ghVNMwaZNcuUBU=
-23,-37,/a370K/OfLccVBZuh2ORD4B6rV0=,OTOCIyH3VptH7ghVNMwaZNcuUBU=
-24,-37,/a370K/OfLccVBZuh2ORD4B6rV0=,OTOCIyH3VptH7ghVNMwaZNcuUBU=
-25,-37,/a370K/OfLccVBZuh2ORD4B6rV0=,OTOCIyH3VptH7ghVNMwaZNcuUBU=
-26,-37,/a370K/OfLccVBZuh2ORD4B6rV0=,OTOCIyH3VptH7ghVNMwaZNcuUBU=
-27,-37,/a370K/OfLccVBZuh2ORD4B6rV0=,OTOCIyH3VptH7ghVNMwaZNcuUBU=
-28,-37,/a370K/OfLccVBZuh2ORD4B6rV0=,OTOCIyH3VptH7ghVNMwaZNcuUBU=
-29,-37,/a370K/OfLccVBZuh2ORD4B6rV0=,OTOCIyH3VptH7ghVNMwaZNcuUBU=
-32,-36,/a370K/OfLccVBZuh2ORD4B6rV0=,OTOCIyH3VptH7ghVNMwaZNcuUBU=
-24,-45,/a370K/OfLccVBZuh2ORD4B6rV0=,OTOCIyH3VptH7ghVNMwaZNcuUBU=
-18,-46,/a370K/OfLccVBZuh2ORD4B6rV0=,OTOCIyH3VptH7ghVNMwaZNcuUBU=
-32,-46,/a370K/OfLccVBZuh2ORD4B6rV0=,OTOCIyH3VptH7ghVNMwaZNcuUBU=
-19,-48,/a370K/OfLccVBZuh2ORD4B6rV0=,OTOCIyH3VptH7ghVNMwaZNcuUBU=
-19,-47,/a370K/OfLccVBZuh2ORD4B6rV0=,OTOCIyH3VptH7ghVNMwaZNcuUBU=
-17,-38,/a370K/OfLccVBZuh2ORD4B6rV0=,OTOCIyH3VptH7ghVNMwaZNcuUBU=
-18,-38,/a370K/OfLccVBZuh2ORD4B6rV0=,OTOCIyH3VptH7ghVNMwaZNcuUBU=
-19,-38,/a370K/OfLccVBZuh2ORD4B6rV0=,OTOCIyH3VptH7ghVNMwaZNcuUBU=
-20,-38,/a370K/OfLccVBZuh2ORD4B6rV0=,OTOCIyH3VptH7ghVNMwaZNcuUBU=
-21,-38,/a370K/OfLccVBZuh2ORD4B6rV0=,OTOCIyH3VptH7ghVNMwaZNcuUBU=
-22,-38,/a370K/OfLccVBZuh2ORD4B6rV0=,OTOCIyH3VptH7ghVNMwaZNcuUBU=
-23,-38,/a370K/OfLccVBZuh2ORD4B6rV0=,OTOCIyH3VptH7ghVNMwaZNcuUBU=
-24,-38,/a370K/OfLccVBZuh2ORD4B6rV0=,OTOCIyH3VptH7ghVNMwaZNcuUBU=
-25,-38,/a370K/OfLccVBZuh2ORD4B6rV0=,OTOCIyH3VptH7ghVNMwaZNcuUBU=
-26,-38,/a370K/OfLccVBZuh2ORD4B6rV0=,OTOCIyH3VptH7ghVNMwaZNcuUBU=
-23,-45,/a370K/OfLccVBZuh2ORD4B6rV0=,OTOCIyH3VptH7ghVNMwaZNcuUBU=
-27,-38,/a370K/OfLccVBZuh2ORD4B6rV0=,OTOCIyH3VptH7ghVNMwaZNcuUBU=
-22,-45,/a370K/OfLccVBZuh2ORD4B6rV0=,OTOCIyH3VptH7ghVNMwaZNcuUBU=
-21,-45,/a370K/OfLccVBZuh2ORD4B6rV0=,OTOCIyH3VptH7ghVNMwaZNcuUBU=
-25,-45,/a370K/OfLccVBZuh2ORD4B6rV0=,OTOCIyH3VptH7ghVNMwaZNcuUBU=
-28,-38,/a370K/OfLccVBZuh2ORD4B6rV0=,OTOCIyH3VptH7ghVNMwaZNcuUBU=
-20,-48,/a370K/OfLccVBZuh2ORD4B6rV0=,OTOCIyH3VptH7ghVNMwaZNcuUBU=
-19,-46,/a370K/OfLccVBZuh2ORD4B6rV0=,OTOCIyH3VptH7ghVNMwaZNcuUBU=
-31,-36,/a370K/OfLccVBZuh2ORD4B6rV0=,OTOCIyH3VptH7ghVNMwaZNcuUBU=
-17,-39,/a370K/OfLccVBZuh2ORD4B6rV0=,OTOCIyH3VptH7ghVNMwaZNcuUBU=
-18,-39,/a370K/OfLccVBZuh2ORD4B6rV0=,OTOCIyH3VptH7ghVNMwaZNcuUBU=
-20,-47,/a370K/OfLccVBZuh2ORD4B6rV0=,OTOCIyH3VptH7ghVNMwaZNcuUBU=
-19,-39,/a370K/OfLccVBZuh2ORD4B6rV0=,OTOCIyH3VptH7ghVNMwaZNcuUBU=
-20,-39,/a370K/OfLccVBZuh2ORD4B6rV0=,OTOCIyH3VptH7ghVNMwaZNcuUBU=
-21,-39,/a370K/OfLccVBZuh2ORD4B6rV0=,OTOCIyH3VptH7ghVNMwaZNcuUBU=
-22,-39,/a370K/OfLccVBZuh2ORD4B6rV0=,OTOCIyH3VptH7ghVNMwaZNcuUBU=
-23,-39,/a370K/OfLccVBZuh2ORD4B6rV0=,OTOCIyH3VptH7ghVNMwaZNcuUBU=
-24,-39,/a370K/OfLccVBZuh2ORD4B6rV0=,OTOCIyH3VptH7ghVNMwaZNcuUBU=
-25,-39,/a370K/OfLccVBZuh2ORD4B6rV0=,OTOCIyH3VptH7ghVNMwaZNcuUBU=
-26,-39,/a370K/OfLccVBZuh2ORD4B6rV0=,OTOCIyH3VptH7ghVNMwaZNcuUBU=
-31,-37,/a370K/OfLccVBZuh2ORD4B6rV0=,OTOCIyH3VptH7ghVNMwaZNcuUBU=
-27,-39,/a370K/OfLccVBZuh2ORD4B6rV0=,OTOCIyH3VptH7ghVNMwaZNcuUBU=
-20,-45,/a370K/OfLccVBZuh2ORD4B6rV0=,OTOCIyH3VptH7ghVNMwaZNcuUBU=
-19,-45,/a370K/OfLccVBZuh2ORD4B6rV0=,OTOCIyH3VptH7ghVNMwaZNcuUBU=
-18,-45,/a370K/OfLccVBZuh2ORD4B6rV0=,OTOCIyH3VptH7ghVNMwaZNcuUBU=
-26,-47,/a370K/OfLccVBZuh2ORD4B6rV0=,OTOCIyH3VptH7ghVNMwaZNcuUBU=
-17,-45,/a370K/OfLccVBZuh2ORD4B6rV0=,OTOCIyH3VptH7ghVNMwaZNcuUBU=
-28,-39,/a370K/OfLccVBZuh2ORD4B6rV0=,OTOCIyH3VptH7ghVNMwaZNcuUBU=
-31,-39,/a370K/OfLccVBZuh2ORD4B6rV0=,OTOCIyH3VptH7ghVNMwaZNcuUBU=
-20,-46,/a370K/OfLccVBZuh2ORD4B6rV0=,OTOCIyH3VptH7ghVNMwaZNcuUBU=
-21,-48,/a370K/OfLccVBZuh2ORD4B6rV0=,OTOCIyH3VptH7ghVNMwaZNcuUBU=
-25,-46,/a370K/OfLccVBZuh2ORD4B6rV0=,OTOCIyH3VptH7ghVNMwaZNcuUBU=
-26,-48,/a370K/OfLccVBZuh2ORD4B6rV0=,OTOCIyH3VptH7ghVNMwaZNcuUBU=
-32,-44,/a370K/OfLccVBZuh2ORD4B6rV0=,OTOCIyH3VptH7ghVNMwaZNcuUBU=
-31,-44,/a370K/OfLccVBZuh2ORD4B6rV0=,OTOCIyH3VptH7ghVNMwaZNcuUBU=
-30,-44,/a370K/OfLccVBZuh2ORD4B6rV0=,OTOCIyH3VptH7ghVNMwaZNcuUBU=
-29,-44,/a370K/OfLccVBZuh2ORD4B6rV0=,OTOCIyH3VptH7ghVNMwaZNcuUBU=
-26,-46,/a370K/OfLccVBZuh2ORD4B6rV0=,OTOCIyH3VptH7ghVNMwaZNcuUBU=
-31,-38,/a370K/OfLccVBZuh2ORD4B6rV0=,OTOCIyH3VptH7ghVNMwaZNcuUBU=
-21,-47,/a370K/OfLccVBZuh2ORD4B6rV0=,OTOCIyH3VptH7ghVNMwaZNcuUBU=
-17,-40,/a370K/OfLccVBZuh2ORD4B6rV0=,OTOCIyH3VptH7ghVNMwaZNcuUBU=
-32,-39,/a370K/OfLccVBZuh2ORD4B6rV0=,OTOCIyH3VptH7ghVNMwaZNcuUBU=
-21,-40,/a370K/OfLccVBZuh2ORD4B6rV0=,OTOCIyH3VptH7ghVNMwaZNcuUBU=
-20,-40,/a370K/OfLccVBZuh2ORD4B6rV0=,OTOCIyH3VptH7ghVNMwaZNcuUBU=
-24,-40,/a370K/OfLccVBZuh2ORD4B6rV0=,OTOCIyH3VptH7ghVNMwaZNcuUBU=
-25,-40,/a370K/OfLccVBZuh2ORD4B6rV0=,OTOCIyH3VptH7ghVNMwaZNcuUBU=
-26,-40,/a370K/OfLccVBZuh2ORD4B6rV0=,OTOCIyH3VptH7ghVNMwaZNcuUBU=
-27,-40,/a370K/OfLccVBZuh2ORD4B6rV0=,OTOCIyH3VptH7ghVNMwaZNcuUBU=
-32,-38,/a370K/OfLccVBZuh2ORD4B6rV0=,OTOCIyH3VptH7ghVNMwaZNcuUBU=
-32,-37,/a370K/OfLccVBZuh2ORD4B6rV0=,OTOCIyH3VptH7ghVNMwaZNcuUBU=
-19,-40,/a370K/OfLccVBZuh2ORD4B6rV0=,OTOCIyH3VptH7ghVNMwaZNcuUBU=
-31,-40,/a370K/OfLccVBZuh2ORD4B6rV0=,OTOCIyH3VptH7ghVNMwaZNcuUBU=
-22,-48,/a370K/OfLccVBZuh2ORD4B6rV0=,OTOCIyH3VptH7ghVNMwaZNcuUBU=
-21,-46,/a370K/OfLccVBZuh2ORD4B6rV0=,OTOCIyH3VptH7ghVNMwaZNcuUBU=
-28,-40,/a370K/OfLccVBZuh2ORD4B6rV0=,OTOCIyH3VptH7ghVNMwaZNcuUBU=
-29,-38,/a370K/OfLccVBZuh2ORD4B6rV0=,OTOCIyH3VptH7ghVNMwaZNcuUBU=
-22,-47,/a370K/OfLccVBZuh2ORD4B6rV0=,OTOCIyH3VptH7ghVNMwaZNcuUBU=
-27,-45,/a370K/OfLccVBZuh2ORD4B6rV0=,OTOCIyH3VptH7ghVNMwaZNcuUBU=
-30,-37,/a370K/OfLccVBZuh2ORD4B6rV0=,OTOCIyH3VptH7ghVNMwaZNcuUBU=
-23,-41,/a370K/OfLccVBZuh2ORD4B6rV0=,OTOCIyH3VptH7ghVNMwaZNcuUBU=
-25,-41,/a370K/OfLccVBZuh2ORD4B6rV0=,OTOCIyH3VptH7ghVNMwaZNcuUBU=
-26,-41,/a370K/OfLccVBZuh2ORD4B6rV0=,OTOCIyH3VptH7ghVNMwaZNcuUBU=
-19,-41,/a370K/OfLccVBZuh2ORD4B6rV0=,OTOCIyH3VptH7ghVNMwaZNcuUBU=
-27,-41,/a370K/OfLccVBZuh2ORD4B6rV0=,OTOCIyH3VptH7ghVNMwaZNcuUBU=
-32,-40,/a370K/OfLccVBZuh2ORD4B6rV0=,OTOCIyH3VptH7ghVNMwaZNcuUBU=
-18,-41,/a370K/OfLccVBZuh2ORD4B6rV0=,OTOCIyH3VptH7ghVNMwaZNcuUBU=
-17,-41,/a370K/OfLccVBZuh2ORD4B6rV0=,OTOCIyH3VptH7ghVNMwaZNcuUBU=
-28,-44,/a370K/OfLccVBZuh2ORD4B6rV0=,OTOCIyH3VptH7ghVNMwaZNcuUBU=
-29,-39,/a370K/OfLccVBZuh2ORD4B6rV0=,OTOCIyH3VptH7ghVNMwaZNcuUBU=
-23,-48,/a370K/OfLccVBZuh2ORD4B6rV0=,OTOCIyH3VptH7ghVNMwaZNcuUBU=
-22,-46,/a370K/OfLccVBZuh2ORD4B6rV0=,OTOCIyH3VptH7ghVNMwaZNcuUBU=
-23,-40,/a370K/OfLccVBZuh2ORD4B6rV0=,OTOCIyH3VptH7ghVNMwaZNcuUBU=
-23,-47,/a370K/OfLccVBZuh2ORD4B6rV0=,OTOCIyH3VptH7ghVNMwaZNcuUBU=
-30,-40,/a370K/OfLccVBZuh2ORD4B6rV0=,OTOCIyH3VptH7ghVNMwaZNcuUBU=
-18,-40,/a370K/OfLccVBZuh2ORD4B6rV0=,OTOCIyH3VptH7ghVNMwaZNcuUBU=
-30,-41,/a370K/OfLccVBZuh2ORD4B6rV0=,OTOCIyH3VptH7ghVNMwaZNcuUBU=
-23,-42,/a370K/OfLccVBZuh2ORD4B6rV0=,OTOCIyH3VptH7ghVNMwaZNcuUBU=
-25,-42,/a370K/OfLccVBZuh2ORD4B6rV0=,OTOCIyH3VptH7ghVNMwaZNcuUBU=
-26,-42,/a370K/OfLccVBZuh2ORD4B6rV0=,OTOCIyH3VptH7ghVNMwaZNcuUBU=
-28,-42,/a370K/OfLccVBZuh2ORD4B6rV0=,OTOCIyH3VptH7ghVNMwaZNcuUBU=
-18,-42,/a370K/OfLccVBZuh2ORD4B6rV0=,OTOCIyH3VptH7ghVNMwaZNcuUBU=
-27,-42,/a370K/OfLccVBZuh2ORD4B6rV0=,OTOCIyH3VptH7ghVNMwaZNcuUBU=
-30,-42,/a370K/OfLccVBZuh2ORD4B6rV0=,OTOCIyH3VptH7ghVNMwaZNcuUBU=
-23,-46,/a370K/OfLccVBZuh2ORD4B6rV0=,OTOCIyH3VptH7ghVNMwaZNcuUBU=
-20,-41,/a370K/OfLccVBZuh2ORD4B6rV0=,OTOCIyH3VptH7ghVNMwaZNcuUBU=
-24,-47,/a370K/OfLccVBZuh2ORD4B6rV0=,OTOCIyH3VptH7ghVNMwaZNcuUBU=
-24,-48,/a370K/OfLccVBZuh2ORD4B6rV0=,OTOCIyH3VptH7ghVNMwaZNcuUBU=
-22,-42,/a370K/OfLccVBZuh2ORD4B6rV0=,OTOCIyH3VptH7ghVNMwaZNcuUBU=
-29,-42,/a370K/OfLccVBZuh2ORD4B6rV0=,OTOCIyH3VptH7ghVNMwaZNcuUBU=
-21,-42,/a370K/OfLccVBZuh2ORD4B6rV0=,OTOCIyH3VptH7ghVNMwaZNcuUBU=
-18,-43,/a370K/OfLccVBZuh2ORD4B6rV0=,OTOCIyH3VptH7ghVNMwaZNcuUBU=
-30,-36,/a370K/OfLccVBZuh2ORD4B6rV0=,OTOCIyH3VptH7ghVNMwaZNcuUBU=
-28,-41,/a370K/OfLccVBZuh2ORD4B6rV0=,OTOCIyH3VptH7ghVNMwaZNcuUBU=
-31,-41,/a370K/OfLccVBZuh2ORD4B6rV0=,OTOCIyH3VptH7ghVNMwaZNcuUBU=
-24,-43,/a370K/OfLccVBZuh2ORD4B6rV0=,OTOCIyH3VptH7ghVNMwaZNcuUBU=
-17,-43,/a370K/OfLccVBZuh2ORD4B6rV0=,OTOCIyH3VptH7ghVNMwaZNcuUBU=
-25,-43,/a370K/OfLccVBZuh2ORD4B6rV0=,OTOCIyH3VptH7ghVNMwaZNcuUBU=
-29,-41,/a370K/OfLccVBZuh2ORD4B6rV0=,OTOCIyH3VptH7ghVNMwaZNcuUBU=
-26,-45,/a370K/OfLccVBZuh2ORD4B6rV0=,OTOCIyH3VptH7ghVNMwaZNcuUBU=
-27,-43,/a370K/OfLccVBZuh2ORD4B6rV0=,OTOCIyH3VptH7ghVNMwaZNcuUBU=
-30,-43,/a370K/OfLccVBZuh2ORD4B6rV0=,OTOCIyH3VptH7ghVNMwaZNcuUBU=
-21,-41,/a370K/OfLccVBZuh2ORD4B6rV0=,OTOCIyH3VptH7ghVNMwaZNcuUBU=
-32,-41,/a370K/OfLccVBZuh2ORD4B6rV0=,OTOCIyH3VptH7ghVNMwaZNcuUBU=
-24,-46,/a370K/OfLccVBZuh2ORD4B6rV0=,OTOCIyH3VptH7ghVNMwaZNcuUBU=
-25,-48,/a370K/OfLccVBZuh2ORD4B6rV0=,OTOCIyH3VptH7ghVNMwaZNcuUBU=
-20,-42,/a370K/OfLccVBZuh2ORD4B6rV0=,OTOCIyH3VptH7ghVNMwaZNcuUBU=
-25,-47,/a370K/OfLccVBZuh2ORD4B6rV0=,OTOCIyH3VptH7ghVNMwaZNcuUBU=
-19,-42,/a370K/OfLccVBZuh2ORD4B6rV0=,OTOCIyH3VptH7ghVNMwaZNcuUBU=
-28,-43,/a370K/OfLccVBZuh2ORD4B6rV0=,OTOCIyH3VptH7ghVNMwaZNcuUBU=
-31,-43,/a370K/OfLccVBZuh2ORD4B6rV0=,OTOCIyH3VptH7ghVNMwaZNcuUBU=
-29,-43,/a370K/OfLccVBZuh2ORD4B6rV0=,OTOCIyH3VptH7ghVNMwaZNcuUBU=
-21,-44,/a370K/OfLccVBZuh2ORD4B6rV0=,OTOCIyH3VptH7ghVNMwaZNcuUBU=
-17,-44,/a370K/OfLccVBZuh2ORD4B6rV0=,OTOCIyH3VptH7ghVNMwaZNcuUBU=
-24,-44,/a370K/OfLccVBZuh2ORD4B6rV0=,OTOCIyH3VptH7ghVNMwaZNcuUBU=
-27,-44,/a370K/OfLccVBZuh2ORD4B6rV0=,OTOCIyH3VptH7ghVNMwaZNcuUBU=
-32,-43,/a370K/OfLccVBZuh2ORD4B6rV0=,OTOCIyH3VptH7ghVNMwaZNcuUBU=
-26,-43,/a370K/OfLccVBZuh2ORD4B6rV0=,OTOCIyH3VptH7ghVNMwaZNcuUBU=
-26,-44,/a370K/OfLccVBZuh2ORD4B6rV0=,OTOCIyH3VptH7ghVNMwaZNcuUBU=
-20,-44,/a370K/OfLccVBZuh2ORD4B6rV0=,OTOCIyH3VptH7ghVNMwaZNcuUBU=
-17,-42,/a370K/OfLccVBZuh2ORD4B6rV0=,OTOCIyH3VptH7ghVNMwaZNcuUBU=
-24,-41,/a370K/OfLccVBZuh2ORD4B6rV0=,OTOCIyH3VptH7ghVNMwaZNcuUBU=
-19,-43,/a370K/OfLccVBZuh2ORD4B6rV0=,OTOCIyH3VptH7ghVNMwaZNcuUBU=
-22,-43,/a370K/OfLccVBZuh2ORD4B6rV0=,OTOCIyH3VptH7ghVNMwaZNcuUBU=
-24,-42,/a370K/OfLccVBZuh2ORD4B6rV0=,OTOCIyH3VptH7ghVNMwaZNcuUBU=
-23,-43,/a370K/OfLccVBZuh2ORD4B6rV0=,OTOCIyH3VptH7ghVNMwaZNcuUBU=
-30,-39,/a370K/OfLccVBZuh2ORD4B6rV0=,OTOCIyH3VptH7ghVNMwaZNcuUBU=
-22,-40,/a370K/OfLccVBZuh2ORD4B6rV0=,OTOCIyH3VptH7ghVNMwaZNcuUBU=
-25,-44,/a370K/OfLccVBZuh2ORD4B6rV0=,OTOCIyH3VptH7ghVNMwaZNcuUBU=
-31,-42,/a370K/OfLccVBZuh2ORD4B6rV0=,OTOCIyH3VptH7ghVNMwaZNcuUBU=
-19,-44,/a370K/OfLccVBZuh2ORD4B6rV0=,OTOCIyH3VptH7ghVNMwaZNcuUBU=
-22,-44,/a370K/OfLccVBZuh2ORD4B6rV0=,OTOCIyH3VptH7ghVNMwaZNcuUBU=
-20,-43,/a370K/OfLccVBZuh2ORD4B6rV0=,OTOCIyH3VptH7ghVNMwaZNcuUBU=
-30,-38,/a370K/OfLccVBZuh2ORD4B6rV0=,OTOCIyH3VptH7ghVNMwaZNcuUBU=
-18,-44,/a370K/OfLccVBZuh2ORD4B6rV0=,OTOCIyH3VptH7ghVNMwaZNcuUBU=
-29,-40,/a370K/OfLccVBZuh2ORD4B6rV0=,OTOCIyH3VptH7ghVNMwaZNcuUBU=
-32,-42,/a370K/OfLccVBZuh2ORD4B6rV0=,OTOCIyH3VptH7ghVNMwaZNcuUBU=
-22,-41,/a370K/OfLccVBZuh2ORD4B6rV0=,OTOCIyH3VptH7ghVNMwaZNcuUBU=
-21,-43,/a370K/OfLccVBZuh2ORD4B6rV0=,OTOCIyH3VptH7ghVNMwaZNcuUBU=
-23,-44,/a370K/OfLccVBZuh2ORD4B6rV0=,OTOCIyH3VptH7ghVNMwaZNcuUBU=
