12,-6,gTlu3f6DdDLfsuJFVgnAn3KjZ5E=,bUH012MvMNsgCf0XFqbqmW7tl/k=
14,-2,gTlu3f6DdDLfsuJFVgnAn3KjZ5E=,bUH012MvMNsgCf0XFqbqmW7tl/k=
12,-5,gTlu3f6DdDLfsuJFVgnAn3KjZ5E=,bUH012MvMNsgCf0XFqbqmW7tl/k=
13,-5,gTlu3f6DdDLfsuJFVgnAn3KjZ5E=,bUH012MvMNsgCf0XFqbqmW7tl/k=
14,-5,gTlu3f6DdDLfsuJFVgnAn3KjZ5E=,bUH012MvMNsgCf0XFqbqmW7tl/k=
14,-3,gTlu3f6DdDLfsuJFVgnAn3KjZ5E=,bUH012MvMNsgCf0XFqbqmW7tl/k=
9,-4,gTlu3f6DdDLfsuJFVgnAn3KjZ5E=,bUH012MvMNsgCf0XFqbqmW7tl/k=
12,-4,gTlu3f6DdDLfsuJFVgnAn3KjZ5E=,bUH012MvMNsgCf0XFqbqmW7tl/k=
14,-6,gTlu3f6DdDLfsuJFVgnAn3KjZ5E=,bUH012MvMNsgCf0XFqbqmW7tl/k=
13,-6,gTlu3f6DdDLfsuJFVgnAn3KjZ5E=,bUH012MvMNsgCf0XFqbqmW7tl/k=
13,-2,gTlu3f6DdDLfsuJFVgnAn3KjZ5E=,bUH012MvMNsgCf0XFqbqmW7tl/k=
13,-3,gTlu3f6DdDLfsuJFVgnAn3KjZ5E=,bUH012MvMNsgCf0XFqbqmW7tl/k=
12,-3,gTlu3f6DdDLfsuJFVgnAn3KjZ5E=,bUH012MvMNsgCf0XFqbqmW7tl/k=
11,-3,gTlu3f6DdDLfsuJFVgnAn3KjZ5E=,bUH012MvMNsgCf0XFqbqmW7tl/k=
12,-2,gTlu3f6DdDLfsuJFVgnAn3KjZ5E=,bUH012MvMNsgCf0XFqbqmW7tl/k=
10,-3,gTlu3f6DdDLfsuJFVgnAn3KjZ5E=,bUH012MvMNsgCf0XFqbqmW7tl/k=
14,-7,gTlu3f6DdDLfsuJFVgnAn3KjZ5E=,bUH012MvMNsgCf0XFqbqmW7tl/k=
11,-2,gTlu3f6DdDLfsuJFVgnAn3KjZ5E=,bUH012MvMNsgCf0XFqbqmW7tl/k=
9,-3,gTlu3f6DdDLfsuJFVgnAn3KjZ5E=,bUH012MvMNsgCf0XFqbqmW7tl/k=
10,-2,gTlu3f6DdDLfsuJFVgnAn3KjZ5E=,bUH012MvMNsgCf0XFqbqmW7tl/k=
11,-4,gTlu3f6DdDLfsuJFVgnAn3KjZ5E=,bUH012MvMNsgCf0XFqbqmW7tl/k=
9,-2,gTlu3f6DdDLfsuJFVgnAn3KjZ5E=,bUH012MvMNsgCf0XFqbqmW7tl/k=
14,-4,gTlu3f6DdDLfsuJFVgnAn3KjZ5E=,bUH012MvMNsgCf0XFqbqmW7tl/k=
13,-4,gTlu3f6DdDLfsuJFVgnAn3KjZ5E=,bUH012MvMNsgCf0XFqbqmW7tl/k=
10,-4,gTlu3f6DdDLfsuJFVgnAn3KjZ5E=,bUH012MvMNsgCf0XFqbqmW7tl/k=
9,-14,gTlu3f6DdDLfsuJFVgnAn3KjZ5E=,NKda4qX18No2S2o5qIIiwRrbcas=
10,-14,gTlu3f6DdDLfsuJFVgnAn3KjZ5E=,NKda4qX18No2S2o5qIIiwRrbcas=
11,-14,gTlu3f6DdDLfsuJFVgnAn3KjZ5E=,NKda4qX18No2S2o5qIIiwRrbcas=
15,-14,gTlu3f6DdDLfsuJFVgnAn3KjZ5E=,NKda4qX18No2S2o5qIIiwRrbcas=
15,-13,gTlu3f6DdDLfsuJFVgnAn3KjZ5E=,NKda4qX18No2S2o5qIIiwRrbcas=
15,-15,gTlu3f6DdDLfsuJFVgnAn3KjZ5E=,NKda4qX18No2S2o5qIIiwRrbcas=
12,-14,gTlu3f6DdDLfsuJFVgnAn3KjZ5E=,NKda4qX18No2S2o5qIIiwRrbcas=
13,-14,gTlu3f6DdDLfsuJFVgnAn3KjZ5E=,NKda4qX18No2S2o5qIIiwRrbcas=
14,-14,gTlu3f6DdDLfsuJFVgnAn3KjZ5E=,NKda4qX18No2S2o5qIIiwRrbcas=
9,-13,gTlu3f6DdDLfsuJFVgnAn3KjZ5E=,NKda4qX18No2S2o5qIIiwRrbcas=
14,-15,gTlu3f6DdDLfsuJFVgnAn3KjZ5E=,NKda4qX18No2S2o5qIIiwRrbcas=
13,-15,gTlu3f6DdDLfsuJFVgnAn3KjZ5E=,NKda4qX18No2S2o5qIIiwRrbcas=
12,-15,gTlu3f6DdDLfsuJFVgnAn3KjZ5E=,NKda4qX18No2S2o5qIIiwRrbcas=
11,-15,gTlu3f6DdDLfsuJFVgnAn3KjZ5E=,NKda4qX18No2S2o5qIIiwRrbcas=
10,-15,gTlu3f6DdDLfsuJFVgnAn3KjZ5E=,NKda4qX18No2S2o5qIIiwRrbcas=
9,-15,gTlu3f6DdDLfsuJFVgnAn3KjZ5E=,NKda4qX18No2S2o5qIIiwRrbcas=
10,-13,gTlu3f6DdDLfsuJFVgnAn3KjZ5E=,NKda4qX18No2S2o5qIIiwRrbcas=
14,-8,gTlu3f6DdDLfsuJFVgnAn3KjZ5E=,bUH012MvMNsgCf0XFqbqmW7tl/k=
11,-13,gTlu3f6DdDLfsuJFVgnAn3KjZ5E=,NKda4qX18No2S2o5qIIiwRrbcas=
12,-13,gTlu3f6DdDLfsuJFVgnAn3KjZ5E=,NKda4qX18No2S2o5qIIiwRrbcas=
13,-13,gTlu3f6DdDLfsuJFVgnAn3KjZ5E=,NKda4qX18No2S2o5qIIiwRrbcas=
14,-13,gTlu3f6DdDLfsuJFVgnAn3KjZ5E=,NKda4qX18No2S2o5qIIiwRrbcas=
8,-14,12EHhdSakXKbCqVnEsFDvsUpMoQ=,NKda4qX18No2S2o5qIIiwRrbcas=
5,-16,12EHhdSakXKbCqVnEsFDvsUpMoQ=,sg1DsCqwlTaN08IVUhSUe1+38eU=
1,-16,12EHhdSakXKbCqVnEsFDvsUpMoQ=,sg1DsCqwlTaN08IVUhSUe1+38eU=
6,-16,12EHhdSakXKbCqVnEsFDvsUpMoQ=,sg1DsCqwlTaN08IVUhSUe1+38eU=
8,-15,12EHhdSakXKbCqVnEsFDvsUpMoQ=,NKda4qX18No2S2o5qIIiwRrbcas=
7,-13,12EHhdSakXKbCqVnEsFDvsUpMoQ=,sg1DsCqwlTaN08IVUhSUe1+38eU=
6,-13,12EHhdSakXKbCqVnEsFDvsUpMoQ=,sg1DsCqwlTaN08IVUhSUe1+38eU=
7,-14,12EHhdSakXKbCqVnEsFDvsUpMoQ=,sg1DsCqwlTaN08IVUhSUe1+38eU=
6,-14,12EHhdSakXKbCqVnEsFDvsUpMoQ=,sg1DsCqwlTaN08IVUhSUe1+38eU=
7,-15,12EHhdSakXKbCqVnEsFDvsUpMoQ=,sg1DsCqwlTaN08IVUhSUe1+38eU=
6,-15,12EHhdSakXKbCqVnEsFDvsUpMoQ=,sg1DsCqwlTaN08IVUhSUe1+38eU=
1,-15,12EHhdSakXKbCqVnEsFDvsUpMoQ=,sg1DsCqwlTaN08IVUhSUe1+38eU=
8,-13,12EHhdSakXKbCqVnEsFDvsUpMoQ=,NKda4qX18No2S2o5qIIiwRrbcas=
14,-1,12EHhdSakXKbCqVnEsFDvsUpMoQ=,bUH012MvMNsgCf0XFqbqmW7tl/k=
9,-1,12EHhdSakXKbCqVnEsFDvsUpMoQ=,bUH012MvMNsgCf0XFqbqmW7tl/k=
13,-1,12EHhdSakXKbCqVnEsFDvsUpMoQ=,bUH012MvMNsgCf0XFqbqmW7tl/k=
12,-1,12EHhdSakXKbCqVnEsFDvsUpMoQ=,bUH012MvMNsgCf0XFqbqmW7tl/k=
10,-1,12EHhdSakXKbCqVnEsFDvsUpMoQ=,bUH012MvMNsgCf0XFqbqmW7tl/k=
11,-1,12EHhdSakXKbCqVnEsFDvsUpMoQ=,bUH012MvMNsgCf0XFqbqmW7tl/k=
7,-3,12EHhdSakXKbCqVnEsFDvsUpMoQ=,qn4fkiimk+Ms2ITmyHoVCxmZFJA=
8,-5,12EHhdSakXKbCqVnEsFDvsUpMoQ=,bUH012MvMNsgCf0XFqbqmW7tl/k=
0,-10,12EHhdSakXKbCqVnEsFDvsUpMoQ=,sg1DsCqwlTaN08IVUhSUe1+38eU=
7,-5,12EHhdSakXKbCqVnEsFDvsUpMoQ=,qn4fkiimk+Ms2ITmyHoVCxmZFJA=
6,-5,12EHhdSakXKbCqVnEsFDvsUpMoQ=,qn4fkiimk+Ms2ITmyHoVCxmZFJA=
5,-5,12EHhdSakXKbCqVnEsFDvsUpMoQ=,qn4fkiimk+Ms2ITmyHoVCxmZFJA=
0,-11,12EHhdSakXKbCqVnEsFDvsUpMoQ=,sg1DsCqwlTaN08IVUhSUe1+38eU=
2,-5,12EHhdSakXKbCqVnEsFDvsUpMoQ=,qn4fkiimk+Ms2ITmyHoVCxmZFJA=
1,-5,12EHhdSakXKbCqVnEsFDvsUpMoQ=,qn4fkiimk+Ms2ITmyHoVCxmZFJA=
0,-5,12EHhdSakXKbCqVnEsFDvsUpMoQ=,qn4fkiimk+Ms2ITmyHoVCxmZFJA=
4,-5,12EHhdSakXKbCqVnEsFDvsUpMoQ=,qn4fkiimk+Ms2ITmyHoVCxmZFJA=
0,-12,12EHhdSakXKbCqVnEsFDvsUpMoQ=,sg1DsCqwlTaN08IVUhSUe1+38eU=
8,-12,12EHhdSakXKbCqVnEsFDvsUpMoQ=,NKda4qX18No2S2o5qIIiwRrbcas=
3,-5,12EHhdSakXKbCqVnEsFDvsUpMoQ=,qn4fkiimk+Ms2ITmyHoVCxmZFJA=
6,-6,12EHhdSakXKbCqVnEsFDvsUpMoQ=,qn4fkiimk+Ms2ITmyHoVCxmZFJA=
5,-6,12EHhdSakXKbCqVnEsFDvsUpMoQ=,qn4fkiimk+Ms2ITmyHoVCxmZFJA=
7,-6,12EHhdSakXKbCqVnEsFDvsUpMoQ=,qn4fkiimk+Ms2ITmyHoVCxmZFJA=
4,-6,12EHhdSakXKbCqVnEsFDvsUpMoQ=,qn4fkiimk+Ms2ITmyHoVCxmZFJA=
3,-6,12EHhdSakXKbCqVnEsFDvsUpMoQ=,qn4fkiimk+Ms2ITmyHoVCxmZFJA=
1,-6,12EHhdSakXKbCqVnEsFDvsUpMoQ=,qn4fkiimk+Ms2ITmyHoVCxmZFJA=
2,-6,12EHhdSakXKbCqVnEsFDvsUpMoQ=,qn4fkiimk+Ms2ITmyHoVCxmZFJA=
0,-6,12EHhdSakXKbCqVnEsFDvsUpMoQ=,qn4fkiimk+Ms2ITmyHoVCxmZFJA=
8,-7,12EHhdSakXKbCqVnEsFDvsUpMoQ=,bUH012MvMNsgCf0XFqbqmW7tl/k=
0,-13,12EHhdSakXKbCqVnEsFDvsUpMoQ=,sg1DsCqwlTaN08IVUhSUe1+38eU=
8,-11,12EHhdSakXKbCqVnEsFDvsUpMoQ=,NKda4qX18No2S2o5qIIiwRrbcas=
0,-14,12EHhdSakXKbCqVnEsFDvsUpMoQ=,sg1DsCqwlTaN08IVUhSUe1+38eU=
6,-7,12EHhdSakXKbCqVnEsFDvsUpMoQ=,qn4fkiimk+Ms2ITmyHoVCxmZFJA=
0,-15,12EHhdSakXKbCqVnEsFDvsUpMoQ=,sg1DsCqwlTaN08IVUhSUe1+38eU=
2,-15,12EHhdSakXKbCqVnEsFDvsUpMoQ=,sg1DsCqwlTaN08IVUhSUe1+38eU=
7,-7,12EHhdSakXKbCqVnEsFDvsUpMoQ=,qn4fkiimk+Ms2ITmyHoVCxmZFJA=
8,-3,12EHhdSakXKbCqVnEsFDvsUpMoQ=,bUH012MvMNsgCf0XFqbqmW7tl/k=
12,-11,12EHhdSakXKbCqVnEsFDvsUpMoQ=,NKda4qX18No2S2o5qIIiwRrbcas=
0,-16,12EHhdSakXKbCqVnEsFDvsUpMoQ=,sg1DsCqwlTaN08IVUhSUe1+38eU=
3,-16,12EHhdSakXKbCqVnEsFDvsUpMoQ=,sg1DsCqwlTaN08IVUhSUe1+38eU=
8,-9,12EHhdSakXKbCqVnEsFDvsUpMoQ=,NKda4qX18No2S2o5qIIiwRrbcas=
14,-12,12EHhdSakXKbCqVnEsFDvsUpMoQ=,NKda4qX18No2S2o5qIIiwRrbcas=
13,-12,12EHhdSakXKbCqVnEsFDvsUpMoQ=,NKda4qX18No2S2o5qIIiwRrbcas=
12,-12,12EHhdSakXKbCqVnEsFDvsUpMoQ=,NKda4qX18No2S2o5qIIiwRrbcas=
2,-16,12EHhdSakXKbCqVnEsFDvsUpMoQ=,sg1DsCqwlTaN08IVUhSUe1+38eU=
13,-11,12EHhdSakXKbCqVnEsFDvsUpMoQ=,NKda4qX18No2S2o5qIIiwRrbcas=
8,-10,12EHhdSakXKbCqVnEsFDvsUpMoQ=,NKda4qX18No2S2o5qIIiwRrbcas=
3,-15,12EHhdSakXKbCqVnEsFDvsUpMoQ=,sg1DsCqwlTaN08IVUhSUe1+38eU=
1,-14,12EHhdSakXKbCqVnEsFDvsUpMoQ=,sg1DsCqwlTaN08IVUhSUe1+38eU=
2,-14,12EHhdSakXKbCqVnEsFDvsUpMoQ=,sg1DsCqwlTaN08IVUhSUe1+38eU=
8,-2,12EHhdSakXKbCqVnEsFDvsUpMoQ=,bUH012MvMNsgCf0XFqbqmW7tl/k=
5,-7,12EHhdSakXKbCqVnEsFDvsUpMoQ=,qn4fkiimk+Ms2ITmyHoVCxmZFJA=
14,-11,12EHhdSakXKbCqVnEsFDvsUpMoQ=,NKda4qX18No2S2o5qIIiwRrbcas=
3,-14,12EHhdSakXKbCqVnEsFDvsUpMoQ=,sg1DsCqwlTaN08IVUhSUe1+38eU=
4,-7,12EHhdSakXKbCqVnEsFDvsUpMoQ=,qn4fkiimk+Ms2ITmyHoVCxmZFJA=
1,-13,12EHhdSakXKbCqVnEsFDvsUpMoQ=,sg1DsCqwlTaN08IVUhSUe1+38eU=
3,-7,12EHhdSakXKbCqVnEsFDvsUpMoQ=,qn4fkiimk+Ms2ITmyHoVCxmZFJA=
12,-10,12EHhdSakXKbCqVnEsFDvsUpMoQ=,NKda4qX18No2S2o5qIIiwRrbcas=
2,-13,12EHhdSakXKbCqVnEsFDvsUpMoQ=,sg1DsCqwlTaN08IVUhSUe1+38eU=
1,-12,12EHhdSakXKbCqVnEsFDvsUpMoQ=,sg1DsCqwlTaN08IVUhSUe1+38eU=
5,-3,12EHhdSakXKbCqVnEsFDvsUpMoQ=,qn4fkiimk+Ms2ITmyHoVCxmZFJA=
2,-12,12EHhdSakXKbCqVnEsFDvsUpMoQ=,sg1DsCqwlTaN08IVUhSUe1+38eU=
13,-10,12EHhdSakXKbCqVnEsFDvsUpMoQ=,NKda4qX18No2S2o5qIIiwRrbcas=
3,-12,12EHhdSakXKbCqVnEsFDvsUpMoQ=,sg1DsCqwlTaN08IVUhSUe1+38eU=
4,-12,12EHhdSakXKbCqVnEsFDvsUpMoQ=,sg1DsCqwlTaN08IVUhSUe1+38eU=
14,-10,12EHhdSakXKbCqVnEsFDvsUpMoQ=,NKda4qX18No2S2o5qIIiwRrbcas=
12,-9,12EHhdSakXKbCqVnEsFDvsUpMoQ=,NKda4qX18No2S2o5qIIiwRrbcas=
5,-12,12EHhdSakXKbCqVnEsFDvsUpMoQ=,sg1DsCqwlTaN08IVUhSUe1+38eU=
6,-12,12EHhdSakXKbCqVnEsFDvsUpMoQ=,sg1DsCqwlTaN08IVUhSUe1+38eU=
7,-12,12EHhdSakXKbCqVnEsFDvsUpMoQ=,sg1DsCqwlTaN08IVUhSUe1+38eU=
8,-1,12EHhdSakXKbCqVnEsFDvsUpMoQ=,bUH012MvMNsgCf0XFqbqmW7tl/k=
13,-9,12EHhdSakXKbCqVnEsFDvsUpMoQ=,NKda4qX18No2S2o5qIIiwRrbcas=
14,-9,12EHhdSakXKbCqVnEsFDvsUpMoQ=,NKda4qX18No2S2o5qIIiwRrbcas=
2,-7,12EHhdSakXKbCqVnEsFDvsUpMoQ=,qn4fkiimk+Ms2ITmyHoVCxmZFJA=
4,-1,12EHhdSakXKbCqVnEsFDvsUpMoQ=,qn4fkiimk+Ms2ITmyHoVCxmZFJA=
5,-1,12EHhdSakXKbCqVnEsFDvsUpMoQ=,qn4fkiimk+Ms2ITmyHoVCxmZFJA=
6,-1,12EHhdSakXKbCqVnEsFDvsUpMoQ=,qn4fkiimk+Ms2ITmyHoVCxmZFJA=
1,-7,12EHhdSakXKbCqVnEsFDvsUpMoQ=,qn4fkiimk+Ms2ITmyHoVCxmZFJA=
1,-11,12EHhdSakXKbCqVnEsFDvsUpMoQ=,sg1DsCqwlTaN08IVUhSUe1+38eU=
3,-13,12EHhdSakXKbCqVnEsFDvsUpMoQ=,sg1DsCqwlTaN08IVUhSUe1+38eU=
7,-1,12EHhdSakXKbCqVnEsFDvsUpMoQ=,qn4fkiimk+Ms2ITmyHoVCxmZFJA=
1,-4,12EHhdSakXKbCqVnEsFDvsUpMoQ=,qn4fkiimk+Ms2ITmyHoVCxmZFJA=
2,-11,12EHhdSakXKbCqVnEsFDvsUpMoQ=,sg1DsCqwlTaN08IVUhSUe1+38eU=
3,-1,12EHhdSakXKbCqVnEsFDvsUpMoQ=,qn4fkiimk+Ms2ITmyHoVCxmZFJA=
3,-11,12EHhdSakXKbCqVnEsFDvsUpMoQ=,sg1DsCqwlTaN08IVUhSUe1+38eU=
0,-4,12EHhdSakXKbCqVnEsFDvsUpMoQ=,qn4fkiimk+Ms2ITmyHoVCxmZFJA=
6,-3,12EHhdSakXKbCqVnEsFDvsUpMoQ=,qn4fkiimk+Ms2ITmyHoVCxmZFJA=
4,-11,12EHhdSakXKbCqVnEsFDvsUpMoQ=,sg1DsCqwlTaN08IVUhSUe1+38eU=
5,-11,12EHhdSakXKbCqVnEsFDvsUpMoQ=,sg1DsCqwlTaN08IVUhSUe1+38eU=
4,-4,12EHhdSakXKbCqVnEsFDvsUpMoQ=,qn4fkiimk+Ms2ITmyHoVCxmZFJA=
6,-11,12EHhdSakXKbCqVnEsFDvsUpMoQ=,sg1DsCqwlTaN08IVUhSUe1+38eU=
7,-11,12EHhdSakXKbCqVnEsFDvsUpMoQ=,sg1DsCqwlTaN08IVUhSUe1+38eU=
2,-1,12EHhdSakXKbCqVnEsFDvsUpMoQ=,qn4fkiimk+Ms2ITmyHoVCxmZFJA=
5,-4,12EHhdSakXKbCqVnEsFDvsUpMoQ=,qn4fkiimk+Ms2ITmyHoVCxmZFJA=
0,-7,12EHhdSakXKbCqVnEsFDvsUpMoQ=,qn4fkiimk+Ms2ITmyHoVCxmZFJA=
4,-3,12EHhdSakXKbCqVnEsFDvsUpMoQ=,qn4fkiimk+Ms2ITmyHoVCxmZFJA=
4,-15,12EHhdSakXKbCqVnEsFDvsUpMoQ=,sg1DsCqwlTaN08IVUhSUe1+38eU=
1,-10,12EHhdSakXKbCqVnEsFDvsUpMoQ=,sg1DsCqwlTaN08IVUhSUe1+38eU=
5,-15,12EHhdSakXKbCqVnEsFDvsUpMoQ=,sg1DsCqwlTaN08IVUhSUe1+38eU=
7,-4,12EHhdSakXKbCqVnEsFDvsUpMoQ=,qn4fkiimk+Ms2ITmyHoVCxmZFJA=
15,-10,12EHhdSakXKbCqVnEsFDvsUpMoQ=,NKda4qX18No2S2o5qIIiwRrbcas=
2,-10,12EHhdSakXKbCqVnEsFDvsUpMoQ=,sg1DsCqwlTaN08IVUhSUe1+38eU=
7,-8,12EHhdSakXKbCqVnEsFDvsUpMoQ=,qn4fkiimk+Ms2ITmyHoVCxmZFJA=
14,-16,12EHhdSakXKbCqVnEsFDvsUpMoQ=,NKda4qX18No2S2o5qIIiwRrbcas=
13,-16,12EHhdSakXKbCqVnEsFDvsUpMoQ=,NKda4qX18No2S2o5qIIiwRrbcas=
12,-16,12EHhdSakXKbCqVnEsFDvsUpMoQ=,NKda4qX18No2S2o5qIIiwRrbcas=
11,-16,12EHhdSakXKbCqVnEsFDvsUpMoQ=,NKda4qX18No2S2o5qIIiwRrbcas=
7,-16,12EHhdSakXKbCqVnEsFDvsUpMoQ=,sg1DsCqwlTaN08IVUhSUe1+38eU=
10,-16,12EHhdSakXKbCqVnEsFDvsUpMoQ=,NKda4qX18No2S2o5qIIiwRrbcas=
3,-10,12EHhdSakXKbCqVnEsFDvsUpMoQ=,sg1DsCqwlTaN08IVUhSUe1+38eU=
4,-10,12EHhdSakXKbCqVnEsFDvsUpMoQ=,sg1DsCqwlTaN08IVUhSUe1+38eU=
9,-16,12EHhdSakXKbCqVnEsFDvsUpMoQ=,NKda4qX18No2S2o5qIIiwRrbcas=
8,-16,12EHhdSakXKbCqVnEsFDvsUpMoQ=,NKda4qX18No2S2o5qIIiwRrbcas=
5,-10,12EHhdSakXKbCqVnEsFDvsUpMoQ=,sg1DsCqwlTaN08IVUhSUe1+38eU=
15,-16,12EHhdSakXKbCqVnEsFDvsUpMoQ=,NKda4qX18No2S2o5qIIiwRrbcas=
15,-1,12EHhdSakXKbCqVnEsFDvsUpMoQ=,bUH012MvMNsgCf0XFqbqmW7tl/k=
4,-16,12EHhdSakXKbCqVnEsFDvsUpMoQ=,sg1DsCqwlTaN08IVUhSUe1+38eU=
5,-13,12EHhdSakXKbCqVnEsFDvsUpMoQ=,sg1DsCqwlTaN08IVUhSUe1+38eU=
1,-1,12EHhdSakXKbCqVnEsFDvsUpMoQ=,qn4fkiimk+Ms2ITmyHoVCxmZFJA=
6,-10,12EHhdSakXKbCqVnEsFDvsUpMoQ=,sg1DsCqwlTaN08IVUhSUe1+38eU=
2,-4,12EHhdSakXKbCqVnEsFDvsUpMoQ=,qn4fkiimk+Ms2ITmyHoVCxmZFJA=
6,-4,12EHhdSakXKbCqVnEsFDvsUpMoQ=,qn4fkiimk+Ms2ITmyHoVCxmZFJA=
3,-4,12EHhdSakXKbCqVnEsFDvsUpMoQ=,qn4fkiimk+Ms2ITmyHoVCxmZFJA=
0,-1,12EHhdSakXKbCqVnEsFDvsUpMoQ=,qn4fkiimk+Ms2ITmyHoVCxmZFJA=
15,-11,12EHhdSakXKbCqVnEsFDvsUpMoQ=,NKda4qX18No2S2o5qIIiwRrbcas=
5,-14,12EHhdSakXKbCqVnEsFDvsUpMoQ=,sg1DsCqwlTaN08IVUhSUe1+38eU=
4,-13,12EHhdSakXKbCqVnEsFDvsUpMoQ=,sg1DsCqwlTaN08IVUhSUe1+38eU=
5,-8,12EHhdSakXKbCqVnEsFDvsUpMoQ=,qn4fkiimk+Ms2ITmyHoVCxmZFJA=
15,-6,12EHhdSakXKbCqVnEsFDvsUpMoQ=,bUH012MvMNsgCf0XFqbqmW7tl/k=
4,-14,12EHhdSakXKbCqVnEsFDvsUpMoQ=,sg1DsCqwlTaN08IVUhSUe1+38eU=
8,-4,12EHhdSakXKbCqVnEsFDvsUpMoQ=,bUH012MvMNsgCf0XFqbqmW7tl/k=
2,-8,12EHhdSakXKbCqVnEsFDvsUpMoQ=,qn4fkiimk+Ms2ITmyHoVCxmZFJA=
1,-8,12EHhdSakXKbCqVnEsFDvsUpMoQ=,qn4fkiimk+Ms2ITmyHoVCxmZFJA=
3,-8,12EHhdSakXKbCqVnEsFDvsUpMoQ=,qn4fkiimk+Ms2ITmyHoVCxmZFJA=
8,-8,12EHhdSakXKbCqVnEsFDvsUpMoQ=,bUH012MvMNsgCf0XFqbqmW7tl/k=
7,-9,12EHhdSakXKbCqVnEsFDvsUpMoQ=,sg1DsCqwlTaN08IVUhSUe1+38eU=
6,-8,12EHhdSakXKbCqVnEsFDvsUpMoQ=,qn4fkiimk+Ms2ITmyHoVCxmZFJA=
15,-7,12EHhdSakXKbCqVnEsFDvsUpMoQ=,bUH012MvMNsgCf0XFqbqmW7tl/k=
3,-3,12EHhdSakXKbCqVnEsFDvsUpMoQ=,qn4fkiimk+Ms2ITmyHoVCxmZFJA=
7,-10,12EHhdSakXKbCqVnEsFDvsUpMoQ=,sg1DsCqwlTaN08IVUhSUe1+38eU=
15,-12,12EHhdSakXKbCqVnEsFDvsUpMoQ=,NKda4qX18No2S2o5qIIiwRrbcas=
13,-8,12EHhdSakXKbCqVnEsFDvsUpMoQ=,bUH012MvMNsgCf0XFqbqmW7tl/k=
11,-11,12EHhdSakXKbCqVnEsFDvsUpMoQ=,NKda4qX18No2S2o5qIIiwRrbcas=
4,-8,12EHhdSakXKbCqVnEsFDvsUpMoQ=,qn4fkiimk+Ms2ITmyHoVCxmZFJA=
2,-3,12EHhdSakXKbCqVnEsFDvsUpMoQ=,qn4fkiimk+Ms2ITmyHoVCxmZFJA=
6,-9,12EHhdSakXKbCqVnEsFDvsUpMoQ=,sg1DsCqwlTaN08IVUhSUe1+38eU=
12,-8,12EHhdSakXKbCqVnEsFDvsUpMoQ=,bUH012MvMNsgCf0XFqbqmW7tl/k=
10,-11,12EHhdSakXKbCqVnEsFDvsUpMoQ=,NKda4qX18No2S2o5qIIiwRrbcas=
1,-3,12EHhdSakXKbCqVnEsFDvsUpMoQ=,qn4fkiimk+Ms2ITmyHoVCxmZFJA=
4,-9,12EHhdSakXKbCqVnEsFDvsUpMoQ=,sg1DsCqwlTaN08IVUhSUe1+38eU=
5,-9,12EHhdSakXKbCqVnEsFDvsUpMoQ=,sg1DsCqwlTaN08IVUhSUe1+38eU=
13,-7,12EHhdSakXKbCqVnEsFDvsUpMoQ=,bUH012MvMNsgCf0XFqbqmW7tl/k=
12,-7,12EHhdSakXKbCqVnEsFDvsUpMoQ=,bUH012MvMNsgCf0XFqbqmW7tl/k=
15,-5,12EHhdSakXKbCqVnEsFDvsUpMoQ=,bUH012MvMNsgCf0XFqbqmW7tl/k=
15,-3,12EHhdSakXKbCqVnEsFDvsUpMoQ=,bUH012MvMNsgCf0XFqbqmW7tl/k=
15,-2,12EHhdSakXKbCqVnEsFDvsUpMoQ=,bUH012MvMNsgCf0XFqbqmW7tl/k=
9,-11,12EHhdSakXKbCqVnEsFDvsUpMoQ=,NKda4qX18No2S2o5qIIiwRrbcas=
11,-12,12EHhdSakXKbCqVnEsFDvsUpMoQ=,NKda4qX18No2S2o5qIIiwRrbcas=
0,-8,12EHhdSakXKbCqVnEsFDvsUpMoQ=,qn4fkiimk+Ms2ITmyHoVCxmZFJA=
10,-12,12EHhdSakXKbCqVnEsFDvsUpMoQ=,NKda4qX18No2S2o5qIIiwRrbcas=
9,-12,12EHhdSakXKbCqVnEsFDvsUpMoQ=,NKda4qX18No2S2o5qIIiwRrbcas=
8,-6,12EHhdSakXKbCqVnEsFDvsUpMoQ=,bUH012MvMNsgCf0XFqbqmW7tl/k=
3,-9,12EHhdSakXKbCqVnEsFDvsUpMoQ=,sg1DsCqwlTaN08IVUhSUe1+38eU=
2,-9,12EHhdSakXKbCqVnEsFDvsUpMoQ=,sg1DsCqwlTaN08IVUhSUe1+38eU=
9,-10,12EHhdSakXKbCqVnEsFDvsUpMoQ=,NKda4qX18No2S2o5qIIiwRrbcas=
1,-9,12EHhdSakXKbCqVnEsFDvsUpMoQ=,sg1DsCqwlTaN08IVUhSUe1+38eU=
1,-2,12EHhdSakXKbCqVnEsFDvsUpMoQ=,qn4fkiimk+Ms2ITmyHoVCxmZFJA=
10,-10,12EHhdSakXKbCqVnEsFDvsUpMoQ=,NKda4qX18No2S2o5qIIiwRrbcas=
10,-8,12EHhdSakXKbCqVnEsFDvsUpMoQ=,bUH012MvMNsgCf0XFqbqmW7tl/k=
0,-3,12EHhdSakXKbCqVnEsFDvsUpMoQ=,qn4fkiimk+Ms2ITmyHoVCxmZFJA=
3,-2,12EHhdSakXKbCqVnEsFDvsUpMoQ=,qn4fkiimk+Ms2ITmyHoVCxmZFJA=
15,-4,12EHhdSakXKbCqVnEsFDvsUpMoQ=,bUH012MvMNsgCf0XFqbqmW7tl/k=
2,-2,12EHhdSakXKbCqVnEsFDvsUpMoQ=,qn4fkiimk+Ms2ITmyHoVCxmZFJA=
15,-8,12EHhdSakXKbCqVnEsFDvsUpMoQ=,bUH012MvMNsgCf0XFqbqmW7tl/k=
9,-8,12EHhdSakXKbCqVnEsFDvsUpMoQ=,bUH012MvMNsgCf0XFqbqmW7tl/k=
15,-9,12EHhdSakXKbCqVnEsFDvsUpMoQ=,NKda4qX18No2S2o5qIIiwRrbcas=
11,-10,12EHhdSakXKbCqVnEsFDvsUpMoQ=,NKda4qX18No2S2o5qIIiwRrbcas=
9,-9,12EHhdSakXKbCqVnEsFDvsUpMoQ=,NKda4qX18No2S2o5qIIiwRrbcas=
5,-2,12EHhdSakXKbCqVnEsFDvsUpMoQ=,qn4fkiimk+Ms2ITmyHoVCxmZFJA=
6,-2,12EHhdSakXKbCqVnEsFDvsUpMoQ=,qn4fkiimk+Ms2ITmyHoVCxmZFJA=
7,-2,12EHhdSakXKbCqVnEsFDvsUpMoQ=,qn4fkiimk+Ms2ITmyHoVCxmZFJA=
10,-9,12EHhdSakXKbCqVnEsFDvsUpMoQ=,NKda4qX18No2S2o5qIIiwRrbcas=
11,-9,12EHhdSakXKbCqVnEsFDvsUpMoQ=,NKda4qX18No2S2o5qIIiwRrbcas=
11,-8,12EHhdSakXKbCqVnEsFDvsUpMoQ=,bUH012MvMNsgCf0XFqbqmW7tl/k=
4,-2,12EHhdSakXKbCqVnEsFDvsUpMoQ=,qn4fkiimk+Ms2ITmyHoVCxmZFJA=
11,-6,pb41PYYGC9pU95yrwI6ILZo55Jo=,bUH012MvMNsgCf0XFqbqmW7tl/k=
11,-5,pb41PYYGC9pU95yrwI6ILZo55Jo=,bUH012MvMNsgCf0XFqbqmW7tl/k=
0,-9,pb41PYYGC9pU95yrwI6ILZo55Jo=,sg1DsCqwlTaN08IVUhSUe1+38eU=
0,-2,pb41PYYGC9pU95yrwI6ILZo55Jo=,qn4fkiimk+Ms2ITmyHoVCxmZFJA=
10,-5,pb41PYYGC9pU95yrwI6ILZo55Jo=,bUH012MvMNsgCf0XFqbqmW7tl/k=
10,-6,pb41PYYGC9pU95yrwI6ILZo55Jo=,bUH012MvMNsgCf0XFqbqmW7tl/k=
11,-7,pb41PYYGC9pU95yrwI6ILZo55Jo=,bUH012MvMNsgCf0XFqbqmW7tl/k=
9,-7,pb41PYYGC9pU95yrwI6ILZo55Jo=,bUH012MvMNsgCf0XFqbqmW7tl/k=
10,-7,pb41PYYGC9pU95yrwI6ILZo55Jo=,bUH012MvMNsgCf0XFqbqmW7tl/k=
9,-5,pb41PYYGC9pU95yrwI6ILZo55Jo=,bUH012MvMNsgCf0XFqbqmW7tl/k=
9,-6,pb41PYYGC9pU95yrwI6ILZo55Jo=,bUH012MvMNsgCf0XFqbqmW7tl/k=
30,-9,bXZX0rVFDS8dcd0eKvBNGSdieYM=,RxGg39laxbRemUiVay26PzYxJKE=
25,-14,bXZX0rVFDS8dcd0eKvBNGSdieYM=,RxGg39laxbRemUiVay26PzYxJKE=
29,-9,bXZX0rVFDS8dcd0eKvBNGSdieYM=,RxGg39laxbRemUiVay26PzYxJKE=
28,-9,bXZX0rVFDS8dcd0eKvBNGSdieYM=,RxGg39laxbRemUiVay26PzYxJKE=
27,-9,bXZX0rVFDS8dcd0eKvBNGSdieYM=,RxGg39laxbRemUiVay26PzYxJKE=
31,-15,bXZX0rVFDS8dcd0eKvBNGSdieYM=,RxGg39laxbRemUiVay26PzYxJKE=
26,-9,bXZX0rVFDS8dcd0eKvBNGSdieYM=,RxGg39laxbRemUiVay26PzYxJKE=
27,-13,bXZX0rVFDS8dcd0eKvBNGSdieYM=,RxGg39laxbRemUiVay26PzYxJKE=
29,-15,bXZX0rVFDS8dcd0eKvBNGSdieYM=,RxGg39laxbRemUiVay26PzYxJKE=
28,-15,bXZX0rVFDS8dcd0eKvBNGSdieYM=,RxGg39laxbRemUiVay26PzYxJKE=
30,-15,bXZX0rVFDS8dcd0eKvBNGSdieYM=,RxGg39laxbRemUiVay26PzYxJKE=
27,-15,bXZX0rVFDS8dcd0eKvBNGSdieYM=,RxGg39laxbRemUiVay26PzYxJKE=
25,-9,bXZX0rVFDS8dcd0eKvBNGSdieYM=,RxGg39laxbRemUiVay26PzYxJKE=
26,-13,bXZX0rVFDS8dcd0eKvBNGSdieYM=,RxGg39laxbRemUiVay26PzYxJKE=
25,-13,bXZX0rVFDS8dcd0eKvBNGSdieYM=,RxGg39laxbRemUiVay26PzYxJKE=
25,-16,bXZX0rVFDS8dcd0eKvBNGSdieYM=,RxGg39laxbRemUiVay26PzYxJKE=
31,-14,bXZX0rVFDS8dcd0eKvBNGSdieYM=,RxGg39laxbRemUiVay26PzYxJKE=
31,-13,bXZX0rVFDS8dcd0eKvBNGSdieYM=,RxGg39laxbRemUiVay26PzYxJKE=
16,-15,bXZX0rVFDS8dcd0eKvBNGSdieYM=,i0S9+PVOsBbdqwe5atKdW/57/rc=
17,-15,bXZX0rVFDS8dcd0eKvBNGSdieYM=,i0S9+PVOsBbdqwe5atKdW/57/rc=
16,-14,bXZX0rVFDS8dcd0eKvBNGSdieYM=,i0S9+PVOsBbdqwe5atKdW/57/rc=
17,-14,bXZX0rVFDS8dcd0eKvBNGSdieYM=,i0S9+PVOsBbdqwe5atKdW/57/rc=
18,-14,bXZX0rVFDS8dcd0eKvBNGSdieYM=,i0S9+PVOsBbdqwe5atKdW/57/rc=
19,-14,bXZX0rVFDS8dcd0eKvBNGSdieYM=,i0S9+PVOsBbdqwe5atKdW/57/rc=
20,-14,bXZX0rVFDS8dcd0eKvBNGSdieYM=,i0S9+PVOsBbdqwe5atKdW/57/rc=
21,-14,bXZX0rVFDS8dcd0eKvBNGSdieYM=,i0S9+PVOsBbdqwe5atKdW/57/rc=
22,-14,bXZX0rVFDS8dcd0eKvBNGSdieYM=,i0S9+PVOsBbdqwe5atKdW/57/rc=
23,-14,bXZX0rVFDS8dcd0eKvBNGSdieYM=,i0S9+PVOsBbdqwe5atKdW/57/rc=
24,-16,bXZX0rVFDS8dcd0eKvBNGSdieYM=,RxGg39laxbRemUiVay26PzYxJKE=
18,-15,bXZX0rVFDS8dcd0eKvBNGSdieYM=,i0S9+PVOsBbdqwe5atKdW/57/rc=
16,-16,bXZX0rVFDS8dcd0eKvBNGSdieYM=,i0S9+PVOsBbdqwe5atKdW/57/rc=
16,-13,bXZX0rVFDS8dcd0eKvBNGSdieYM=,i0S9+PVOsBbdqwe5atKdW/57/rc=
17,-13,bXZX0rVFDS8dcd0eKvBNGSdieYM=,i0S9+PVOsBbdqwe5atKdW/57/rc=
18,-13,bXZX0rVFDS8dcd0eKvBNGSdieYM=,i0S9+PVOsBbdqwe5atKdW/57/rc=
19,-13,bXZX0rVFDS8dcd0eKvBNGSdieYM=,i0S9+PVOsBbdqwe5atKdW/57/rc=
20,-13,bXZX0rVFDS8dcd0eKvBNGSdieYM=,i0S9+PVOsBbdqwe5atKdW/57/rc=
21,-13,bXZX0rVFDS8dcd0eKvBNGSdieYM=,i0S9+PVOsBbdqwe5atKdW/57/rc=
22,-13,bXZX0rVFDS8dcd0eKvBNGSdieYM=,i0S9+PVOsBbdqwe5atKdW/57/rc=
23,-13,bXZX0rVFDS8dcd0eKvBNGSdieYM=,i0S9+PVOsBbdqwe5atKdW/57/rc=
24,-15,bXZX0rVFDS8dcd0eKvBNGSdieYM=,RxGg39laxbRemUiVay26PzYxJKE=
17,-16,bXZX0rVFDS8dcd0eKvBNGSdieYM=,i0S9+PVOsBbdqwe5atKdW/57/rc=
18,-16,bXZX0rVFDS8dcd0eKvBNGSdieYM=,i0S9+PVOsBbdqwe5atKdW/57/rc=
19,-16,bXZX0rVFDS8dcd0eKvBNGSdieYM=,i0S9+PVOsBbdqwe5atKdW/57/rc=
16,-9,bXZX0rVFDS8dcd0eKvBNGSdieYM=,i0S9+PVOsBbdqwe5atKdW/57/rc=
18,-9,bXZX0rVFDS8dcd0eKvBNGSdieYM=,i0S9+PVOsBbdqwe5atKdW/57/rc=
19,-9,bXZX0rVFDS8dcd0eKvBNGSdieYM=,i0S9+PVOsBbdqwe5atKdW/57/rc=
20,-9,bXZX0rVFDS8dcd0eKvBNGSdieYM=,i0S9+PVOsBbdqwe5atKdW/57/rc=
21,-9,bXZX0rVFDS8dcd0eKvBNGSdieYM=,i0S9+PVOsBbdqwe5atKdW/57/rc=
22,-9,bXZX0rVFDS8dcd0eKvBNGSdieYM=,i0S9+PVOsBbdqwe5atKdW/57/rc=
23,-9,bXZX0rVFDS8dcd0eKvBNGSdieYM=,i0S9+PVOsBbdqwe5atKdW/57/rc=
19,-15,bXZX0rVFDS8dcd0eKvBNGSdieYM=,i0S9+PVOsBbdqwe5atKdW/57/rc=
17,-9,bXZX0rVFDS8dcd0eKvBNGSdieYM=,i0S9+PVOsBbdqwe5atKdW/57/rc=
29,-10,bXZX0rVFDS8dcd0eKvBNGSdieYM=,RxGg39laxbRemUiVay26PzYxJKE=
29,-11,bXZX0rVFDS8dcd0eKvBNGSdieYM=,RxGg39laxbRemUiVay26PzYxJKE=
23,-15,bXZX0rVFDS8dcd0eKvBNGSdieYM=,i0S9+PVOsBbdqwe5atKdW/57/rc=
28,-10,bXZX0rVFDS8dcd0eKvBNGSdieYM=,RxGg39laxbRemUiVay26PzYxJKE=
30,-14,bXZX0rVFDS8dcd0eKvBNGSdieYM=,RxGg39laxbRemUiVay26PzYxJKE=
29,-14,bXZX0rVFDS8dcd0eKvBNGSdieYM=,RxGg39laxbRemUiVay26PzYxJKE=
23,-10,bXZX0rVFDS8dcd0eKvBNGSdieYM=,i0S9+PVOsBbdqwe5atKdW/57/rc=
31,-10,bXZX0rVFDS8dcd0eKvBNGSdieYM=,RxGg39laxbRemUiVay26PzYxJKE=
23,-16,bXZX0rVFDS8dcd0eKvBNGSdieYM=,i0S9+PVOsBbdqwe5atKdW/57/rc=
26,-15,bXZX0rVFDS8dcd0eKvBNGSdieYM=,RxGg39laxbRemUiVay26PzYxJKE=
22,-15,bXZX0rVFDS8dcd0eKvBNGSdieYM=,i0S9+PVOsBbdqwe5atKdW/57/rc=
22,-10,bXZX0rVFDS8dcd0eKvBNGSdieYM=,i0S9+PVOsBbdqwe5atKdW/57/rc=
29,-12,bXZX0rVFDS8dcd0eKvBNGSdieYM=,RxGg39laxbRemUiVay26PzYxJKE=
21,-15,bXZX0rVFDS8dcd0eKvBNGSdieYM=,i0S9+PVOsBbdqwe5atKdW/57/rc=
20,-15,bXZX0rVFDS8dcd0eKvBNGSdieYM=,i0S9+PVOsBbdqwe5atKdW/57/rc=
24,-14,bXZX0rVFDS8dcd0eKvBNGSdieYM=,RxGg39laxbRemUiVay26PzYxJKE=
25,-15,bXZX0rVFDS8dcd0eKvBNGSdieYM=,RxGg39laxbRemUiVay26PzYxJKE=
24,-9,bXZX0rVFDS8dcd0eKvBNGSdieYM=,RxGg39laxbRemUiVay26PzYxJKE=
24,-13,bXZX0rVFDS8dcd0eKvBNGSdieYM=,RxGg39laxbRemUiVay26PzYxJKE=
24,-12,bXZX0rVFDS8dcd0eKvBNGSdieYM=,RxGg39laxbRemUiVay26PzYxJKE=
27,-11,bXZX0rVFDS8dcd0eKvBNGSdieYM=,RxGg39laxbRemUiVay26PzYxJKE=
22,-16,bXZX0rVFDS8dcd0eKvBNGSdieYM=,i0S9+PVOsBbdqwe5atKdW/57/rc=
21,-16,bXZX0rVFDS8dcd0eKvBNGSdieYM=,i0S9+PVOsBbdqwe5atKdW/57/rc=
28,-14,bXZX0rVFDS8dcd0eKvBNGSdieYM=,RxGg39laxbRemUiVay26PzYxJKE=
20,-16,bXZX0rVFDS8dcd0eKvBNGSdieYM=,i0S9+PVOsBbdqwe5atKdW/57/rc=
30,-10,bXZX0rVFDS8dcd0eKvBNGSdieYM=,RxGg39laxbRemUiVay26PzYxJKE=
28,-11,bXZX0rVFDS8dcd0eKvBNGSdieYM=,RxGg39laxbRemUiVay26PzYxJKE=
27,-10,bXZX0rVFDS8dcd0eKvBNGSdieYM=,RxGg39laxbRemUiVay26PzYxJKE=
31,-16,bXZX0rVFDS8dcd0eKvBNGSdieYM=,RxGg39laxbRemUiVay26PzYxJKE=
30,-13,bXZX0rVFDS8dcd0eKvBNGSdieYM=,RxGg39laxbRemUiVay26PzYxJKE=
30,-16,bXZX0rVFDS8dcd0eKvBNGSdieYM=,RxGg39laxbRemUiVay26PzYxJKE=
29,-16,bXZX0rVFDS8dcd0eKvBNGSdieYM=,RxGg39laxbRemUiVay26PzYxJKE=
28,-16,bXZX0rVFDS8dcd0eKvBNGSdieYM=,RxGg39laxbRemUiVay26PzYxJKE=
27,-16,bXZX0rVFDS8dcd0eKvBNGSdieYM=,RxGg39laxbRemUiVay26PzYxJKE=
26,-11,bXZX0rVFDS8dcd0eKvBNGSdieYM=,RxGg39laxbRemUiVay26PzYxJKE=
27,-14,bXZX0rVFDS8dcd0eKvBNGSdieYM=,RxGg39laxbRemUiVay26PzYxJKE=
26,-10,bXZX0rVFDS8dcd0eKvBNGSdieYM=,RxGg39laxbRemUiVay26PzYxJKE=
27,-12,bXZX0rVFDS8dcd0eKvBNGSdieYM=,RxGg39laxbRemUiVay26PzYxJKE=
25,-10,bXZX0rVFDS8dcd0eKvBNGSdieYM=,RxGg39laxbRemUiVay26PzYxJKE=
29,-13,bXZX0rVFDS8dcd0eKvBNGSdieYM=,RxGg39laxbRemUiVay26PzYxJKE=
26,-14,bXZX0rVFDS8dcd0eKvBNGSdieYM=,RxGg39laxbRemUiVay26PzYxJKE=
26,-16,bXZX0rVFDS8dcd0eKvBNGSdieYM=,RxGg39laxbRemUiVay26PzYxJKE=
25,-11,bXZX0rVFDS8dcd0eKvBNGSdieYM=,RxGg39laxbRemUiVay26PzYxJKE=
31,-12,bXZX0rVFDS8dcd0eKvBNGSdieYM=,RxGg39laxbRemUiVay26PzYxJKE=
28,-12,bXZX0rVFDS8dcd0eKvBNGSdieYM=,RxGg39laxbRemUiVay26PzYxJKE=
31,-9,bXZX0rVFDS8dcd0eKvBNGSdieYM=,RxGg39laxbRemUiVay26PzYxJKE=
25,-12,bXZX0rVFDS8dcd0eKvBNGSdieYM=,RxGg39laxbRemUiVay26PzYxJKE=
24,-10,bXZX0rVFDS8dcd0eKvBNGSdieYM=,RxGg39laxbRemUiVay26PzYxJKE=
28,-13,bXZX0rVFDS8dcd0eKvBNGSdieYM=,RxGg39laxbRemUiVay26PzYxJKE=
21,-10,bXZX0rVFDS8dcd0eKvBNGSdieYM=,i0S9+PVOsBbdqwe5atKdW/57/rc=
26,-12,bXZX0rVFDS8dcd0eKvBNGSdieYM=,RxGg39laxbRemUiVay26PzYxJKE=
24,-11,bXZX0rVFDS8dcd0eKvBNGSdieYM=,RxGg39laxbRemUiVay26PzYxJKE=
31,-11,bXZX0rVFDS8dcd0eKvBNGSdieYM=,RxGg39laxbRemUiVay26PzYxJKE=
30,-11,bXZX0rVFDS8dcd0eKvBNGSdieYM=,RxGg39laxbRemUiVay26PzYxJKE=
18,-12,bXZX0rVFDS8dcd0eKvBNGSdieYM=,i0S9+PVOsBbdqwe5atKdW/57/rc=
16,-12,bXZX0rVFDS8dcd0eKvBNGSdieYM=,i0S9+PVOsBbdqwe5atKdW/57/rc=
21,-12,bXZX0rVFDS8dcd0eKvBNGSdieYM=,i0S9+PVOsBbdqwe5atKdW/57/rc=
17,-12,bXZX0rVFDS8dcd0eKvBNGSdieYM=,i0S9+PVOsBbdqwe5atKdW/57/rc=
20,-12,bXZX0rVFDS8dcd0eKvBNGSdieYM=,i0S9+PVOsBbdqwe5atKdW/57/rc=
22,-12,bXZX0rVFDS8dcd0eKvBNGSdieYM=,i0S9+PVOsBbdqwe5atKdW/57/rc=
23,-12,bXZX0rVFDS8dcd0eKvBNGSdieYM=,i0S9+PVOsBbdqwe5atKdW/57/rc=
30,-12,bXZX0rVFDS8dcd0eKvBNGSdieYM=,RxGg39laxbRemUiVay26PzYxJKE=
19,-12,bXZX0rVFDS8dcd0eKvBNGSdieYM=,i0S9+PVOsBbdqwe5atKdW/57/rc=
16,-11,bXZX0rVFDS8dcd0eKvBNGSdieYM=,i0S9+PVOsBbdqwe5atKdW/57/rc=
23,-11,bXZX0rVFDS8dcd0eKvBNGSdieYM=,i0S9+PVOsBbdqwe5atKdW/57/rc=
22,-11,bXZX0rVFDS8dcd0eKvBNGSdieYM=,i0S9+PVOsBbdqwe5atKdW/57/rc=
20,-11,bXZX0rVFDS8dcd0eKvBNGSdieYM=,i0S9+PVOsBbdqwe5atKdW/57/rc=
21,-11,bXZX0rVFDS8dcd0eKvBNGSdieYM=,i0S9+PVOsBbdqwe5atKdW/57/rc=
19,-11,bXZX0rVFDS8dcd0eKvBNGSdieYM=,i0S9+PVOsBbdqwe5atKdW/57/rc=
17,-11,bXZX0rVFDS8dcd0eKvBNGSdieYM=,i0S9+PVOsBbdqwe5atKdW/57/rc=
17,-10,bXZX0rVFDS8dcd0eKvBNGSdieYM=,i0S9+PVOsBbdqwe5atKdW/57/rc=
16,-10,bXZX0rVFDS8dcd0eKvBNGSdieYM=,i0S9+PVOsBbdqwe5atKdW/57/rc=
18,-11,bXZX0rVFDS8dcd0eKvBNGSdieYM=,i0S9+PVOsBbdqwe5atKdW/57/rc=
19,-10,bXZX0rVFDS8dcd0eKvBNGSdieYM=,i0S9+PVOsBbdqwe5atKdW/57/rc=
18,-10,bXZX0rVFDS8dcd0eKvBNGSdieYM=,i0S9+PVOsBbdqwe5atKdW/57/rc=
20,-10,bXZX0rVFDS8dcd0eKvBNGSdieYM=,i0S9+PVOsBbdqwe5atKdW/57/rc=
1,-29,E37O5DPqnNZe2gEPx0nAxxna9MM=,cp4chrQFMOG1Z181lfRuXYonFi0=
3,-26,E37O5DPqnNZe2gEPx0nAxxna9MM=,cp4chrQFMOG1Z181lfRuXYonFi0=
7,-30,E37O5DPqnNZe2gEPx0nAxxna9MM=,cp4chrQFMOG1Z181lfRuXYonFi0=
7,-31,E37O5DPqnNZe2gEPx0nAxxna9MM=,cp4chrQFMOG1Z181lfRuXYonFi0=
1,-27,E37O5DPqnNZe2gEPx0nAxxna9MM=,cp4chrQFMOG1Z181lfRuXYonFi0=
2,-28,E37O5DPqnNZe2gEPx0nAxxna9MM=,cp4chrQFMOG1Z181lfRuXYonFi0=
1,-28,E37O5DPqnNZe2gEPx0nAxxna9MM=,cp4chrQFMOG1Z181lfRuXYonFi0=
2,-27,E37O5DPqnNZe2gEPx0nAxxna9MM=,cp4chrQFMOG1Z181lfRuXYonFi0=
2,-29,E37O5DPqnNZe2gEPx0nAxxna9MM=,cp4chrQFMOG1Z181lfRuXYonFi0=
3,-29,E37O5DPqnNZe2gEPx0nAxxna9MM=,cp4chrQFMOG1Z181lfRuXYonFi0=
2,-26,E37O5DPqnNZe2gEPx0nAxxna9MM=,cp4chrQFMOG1Z181lfRuXYonFi0=
3,-27,E37O5DPqnNZe2gEPx0nAxxna9MM=,cp4chrQFMOG1Z181lfRuXYonFi0=
3,-28,E37O5DPqnNZe2gEPx0nAxxna9MM=,cp4chrQFMOG1Z181lfRuXYonFi0=
4,-29,E37O5DPqnNZe2gEPx0nAxxna9MM=,cp4chrQFMOG1Z181lfRuXYonFi0=
1,-30,E37O5DPqnNZe2gEPx0nAxxna9MM=,cp4chrQFMOG1Z181lfRuXYonFi0=
7,-29,E37O5DPqnNZe2gEPx0nAxxna9MM=,cp4chrQFMOG1Z181lfRuXYonFi0=
1,-31,E37O5DPqnNZe2gEPx0nAxxna9MM=,cp4chrQFMOG1Z181lfRuXYonFi0=
6,-26,E37O5DPqnNZe2gEPx0nAxxna9MM=,cp4chrQFMOG1Z181lfRuXYonFi0=
2,-30,E37O5DPqnNZe2gEPx0nAxxna9MM=,cp4chrQFMOG1Z181lfRuXYonFi0=
3,-30,E37O5DPqnNZe2gEPx0nAxxna9MM=,cp4chrQFMOG1Z181lfRuXYonFi0=
7,-26,E37O5DPqnNZe2gEPx0nAxxna9MM=,cp4chrQFMOG1Z181lfRuXYonFi0=
6,-27,E37O5DPqnNZe2gEPx0nAxxna9MM=,cp4chrQFMOG1Z181lfRuXYonFi0=
7,-27,E37O5DPqnNZe2gEPx0nAxxna9MM=,cp4chrQFMOG1Z181lfRuXYonFi0=
7,-28,E37O5DPqnNZe2gEPx0nAxxna9MM=,cp4chrQFMOG1Z181lfRuXYonFi0=
1,-26,E37O5DPqnNZe2gEPx0nAxxna9MM=,cp4chrQFMOG1Z181lfRuXYonFi0=
7,-25,E37O5DPqnNZe2gEPx0nAxxna9MM=,cp4chrQFMOG1Z181lfRuXYonFi0=
1,-24,E37O5DPqnNZe2gEPx0nAxxna9MM=,2g7wYn2aoWhBhot+MgRN4opElkA=
2,-24,E37O5DPqnNZe2gEPx0nAxxna9MM=,2g7wYn2aoWhBhot+MgRN4opElkA=
6,-18,E37O5DPqnNZe2gEPx0nAxxna9MM=,2g7wYn2aoWhBhot+MgRN4opElkA=
7,-18,E37O5DPqnNZe2gEPx0nAxxna9MM=,2g7wYn2aoWhBhot+MgRN4opElkA=
7,-24,E37O5DPqnNZe2gEPx0nAxxna9MM=,2g7wYn2aoWhBhot+MgRN4opElkA=
1,-23,E37O5DPqnNZe2gEPx0nAxxna9MM=,2g7wYn2aoWhBhot+MgRN4opElkA=
7,-19,E37O5DPqnNZe2gEPx0nAxxna9MM=,2g7wYn2aoWhBhot+MgRN4opElkA=
3,-25,E37O5DPqnNZe2gEPx0nAxxna9MM=,cp4chrQFMOG1Z181lfRuXYonFi0=
2,-25,E37O5DPqnNZe2gEPx0nAxxna9MM=,cp4chrQFMOG1Z181lfRuXYonFi0=
2,-19,E37O5DPqnNZe2gEPx0nAxxna9MM=,2g7wYn2aoWhBhot+MgRN4opElkA=
1,-19,E37O5DPqnNZe2gEPx0nAxxna9MM=,2g7wYn2aoWhBhot+MgRN4opElkA=
1,-25,E37O5DPqnNZe2gEPx0nAxxna9MM=,cp4chrQFMOG1Z181lfRuXYonFi0=
7,-20,E37O5DPqnNZe2gEPx0nAxxna9MM=,2g7wYn2aoWhBhot+MgRN4opElkA=
2,-20,E37O5DPqnNZe2gEPx0nAxxna9MM=,2g7wYn2aoWhBhot+MgRN4opElkA=
1,-20,E37O5DPqnNZe2gEPx0nAxxna9MM=,2g7wYn2aoWhBhot+MgRN4opElkA=
7,-21,E37O5DPqnNZe2gEPx0nAxxna9MM=,2g7wYn2aoWhBhot+MgRN4opElkA=
6,-21,E37O5DPqnNZe2gEPx0nAxxna9MM=,2g7wYn2aoWhBhot+MgRN4opElkA=
0,-25,E37O5DPqnNZe2gEPx0nAxxna9MM=,cp4chrQFMOG1Z181lfRuXYonFi0=
0,-27,E37O5DPqnNZe2gEPx0nAxxna9MM=,cp4chrQFMOG1Z181lfRuXYonFi0=
5,-21,E37O5DPqnNZe2gEPx0nAxxna9MM=,2g7wYn2aoWhBhot+MgRN4opElkA=
0,-23,E37O5DPqnNZe2gEPx0nAxxna9MM=,2g7wYn2aoWhBhot+MgRN4opElkA=
4,-21,E37O5DPqnNZe2gEPx0nAxxna9MM=,2g7wYn2aoWhBhot+MgRN4opElkA=
2,-21,E37O5DPqnNZe2gEPx0nAxxna9MM=,2g7wYn2aoWhBhot+MgRN4opElkA=
6,-24,E37O5DPqnNZe2gEPx0nAxxna9MM=,2g7wYn2aoWhBhot+MgRN4opElkA=
1,-21,E37O5DPqnNZe2gEPx0nAxxna9MM=,2g7wYn2aoWhBhot+MgRN4opElkA=
0,-28,E37O5DPqnNZe2gEPx0nAxxna9MM=,cp4chrQFMOG1Z181lfRuXYonFi0=
3,-21,E37O5DPqnNZe2gEPx0nAxxna9MM=,2g7wYn2aoWhBhot+MgRN4opElkA=
4,-27,E37O5DPqnNZe2gEPx0nAxxna9MM=,cp4chrQFMOG1Z181lfRuXYonFi0=
4,-28,E37O5DPqnNZe2gEPx0nAxxna9MM=,cp4chrQFMOG1Z181lfRuXYonFi0=
7,-22,E37O5DPqnNZe2gEPx0nAxxna9MM=,2g7wYn2aoWhBhot+MgRN4opElkA=
6,-22,E37O5DPqnNZe2gEPx0nAxxna9MM=,2g7wYn2aoWhBhot+MgRN4opElkA=
5,-22,E37O5DPqnNZe2gEPx0nAxxna9MM=,2g7wYn2aoWhBhot+MgRN4opElkA=
0,-21,E37O5DPqnNZe2gEPx0nAxxna9MM=,2g7wYn2aoWhBhot+MgRN4opElkA=
5,-26,E37O5DPqnNZe2gEPx0nAxxna9MM=,cp4chrQFMOG1Z181lfRuXYonFi0=
3,-22,E37O5DPqnNZe2gEPx0nAxxna9MM=,2g7wYn2aoWhBhot+MgRN4opElkA=
4,-22,E37O5DPqnNZe2gEPx0nAxxna9MM=,2g7wYn2aoWhBhot+MgRN4opElkA=
5,-24,E37O5DPqnNZe2gEPx0nAxxna9MM=,2g7wYn2aoWhBhot+MgRN4opElkA=
4,-26,E37O5DPqnNZe2gEPx0nAxxna9MM=,cp4chrQFMOG1Z181lfRuXYonFi0=
2,-22,E37O5DPqnNZe2gEPx0nAxxna9MM=,2g7wYn2aoWhBhot+MgRN4opElkA=
1,-22,E37O5DPqnNZe2gEPx0nAxxna9MM=,2g7wYn2aoWhBhot+MgRN4opElkA=
5,-28,E37O5DPqnNZe2gEPx0nAxxna9MM=,cp4chrQFMOG1Z181lfRuXYonFi0=
5,-27,E37O5DPqnNZe2gEPx0nAxxna9MM=,cp4chrQFMOG1Z181lfRuXYonFi0=
4,-24,E37O5DPqnNZe2gEPx0nAxxna9MM=,2g7wYn2aoWhBhot+MgRN4opElkA=
3,-24,E37O5DPqnNZe2gEPx0nAxxna9MM=,2g7wYn2aoWhBhot+MgRN4opElkA=
0,-26,E37O5DPqnNZe2gEPx0nAxxna9MM=,cp4chrQFMOG1Z181lfRuXYonFi0=
6,-28,E37O5DPqnNZe2gEPx0nAxxna9MM=,cp4chrQFMOG1Z181lfRuXYonFi0=
7,-23,E37O5DPqnNZe2gEPx0nAxxna9MM=,2g7wYn2aoWhBhot+MgRN4opElkA=
6,-23,E37O5DPqnNZe2gEPx0nAxxna9MM=,2g7wYn2aoWhBhot+MgRN4opElkA=
0,-22,E37O5DPqnNZe2gEPx0nAxxna9MM=,2g7wYn2aoWhBhot+MgRN4opElkA=
0,-24,E37O5DPqnNZe2gEPx0nAxxna9MM=,2g7wYn2aoWhBhot+MgRN4opElkA=
4,-25,E37O5DPqnNZe2gEPx0nAxxna9MM=,cp4chrQFMOG1Z181lfRuXYonFi0=
3,-23,E37O5DPqnNZe2gEPx0nAxxna9MM=,2g7wYn2aoWhBhot+MgRN4opElkA=
2,-23,E37O5DPqnNZe2gEPx0nAxxna9MM=,2g7wYn2aoWhBhot+MgRN4opElkA=
6,-25,E37O5DPqnNZe2gEPx0nAxxna9MM=,cp4chrQFMOG1Z181lfRuXYonFi0=
5,-25,E37O5DPqnNZe2gEPx0nAxxna9MM=,cp4chrQFMOG1Z181lfRuXYonFi0=
5,-23,E37O5DPqnNZe2gEPx0nAxxna9MM=,2g7wYn2aoWhBhot+MgRN4opElkA=
4,-23,E37O5DPqnNZe2gEPx0nAxxna9MM=,2g7wYn2aoWhBhot+MgRN4opElkA=
7,-32,E37O5DPqnNZe2gEPx0nAxxna9MM=,cp4chrQFMOG1Z181lfRuXYonFi0=
1,-32,E37O5DPqnNZe2gEPx0nAxxna9MM=,cp4chrQFMOG1Z181lfRuXYonFi0=
6,-32,E37O5DPqnNZe2gEPx0nAxxna9MM=,cp4chrQFMOG1Z181lfRuXYonFi0=
6,-31,E37O5DPqnNZe2gEPx0nAxxna9MM=,cp4chrQFMOG1Z181lfRuXYonFi0=
5,-32,E37O5DPqnNZe2gEPx0nAxxna9MM=,cp4chrQFMOG1Z181lfRuXYonFi0=
4,-32,E37O5DPqnNZe2gEPx0nAxxna9MM=,cp4chrQFMOG1Z181lfRuXYonFi0=
4,-30,E37O5DPqnNZe2gEPx0nAxxna9MM=,cp4chrQFMOG1Z181lfRuXYonFi0=
6,-30,E37O5DPqnNZe2gEPx0nAxxna9MM=,cp4chrQFMOG1Z181lfRuXYonFi0=
5,-31,E37O5DPqnNZe2gEPx0nAxxna9MM=,cp4chrQFMOG1Z181lfRuXYonFi0=
5,-29,E37O5DPqnNZe2gEPx0nAxxna9MM=,cp4chrQFMOG1Z181lfRuXYonFi0=
6,-29,E37O5DPqnNZe2gEPx0nAxxna9MM=,cp4chrQFMOG1Z181lfRuXYonFi0=
4,-31,E37O5DPqnNZe2gEPx0nAxxna9MM=,cp4chrQFMOG1Z181lfRuXYonFi0=
0,-32,E37O5DPqnNZe2gEPx0nAxxna9MM=,cp4chrQFMOG1Z181lfRuXYonFi0=
2,-32,E37O5DPqnNZe2gEPx0nAxxna9MM=,cp4chrQFMOG1Z181lfRuXYonFi0=
3,-32,E37O5DPqnNZe2gEPx0nAxxna9MM=,cp4chrQFMOG1Z181lfRuXYonFi0=
3,-31,E37O5DPqnNZe2gEPx0nAxxna9MM=,cp4chrQFMOG1Z181lfRuXYonFi0=
2,-31,E37O5DPqnNZe2gEPx0nAxxna9MM=,cp4chrQFMOG1Z181lfRuXYonFi0=
5,-17,E37O5DPqnNZe2gEPx0nAxxna9MM=,2g7wYn2aoWhBhot+MgRN4opElkA=
6,-17,E37O5DPqnNZe2gEPx0nAxxna9MM=,2g7wYn2aoWhBhot+MgRN4opElkA=
7,-17,E37O5DPqnNZe2gEPx0nAxxna9MM=,2g7wYn2aoWhBhot+MgRN4opElkA=
0,-29,E37O5DPqnNZe2gEPx0nAxxna9MM=,cp4chrQFMOG1Z181lfRuXYonFi0=
4,-17,E37O5DPqnNZe2gEPx0nAxxna9MM=,2g7wYn2aoWhBhot+MgRN4opElkA=
5,-30,E37O5DPqnNZe2gEPx0nAxxna9MM=,cp4chrQFMOG1Z181lfRuXYonFi0=
0,-31,E37O5DPqnNZe2gEPx0nAxxna9MM=,cp4chrQFMOG1Z181lfRuXYonFi0=
1,-18,E37O5DPqnNZe2gEPx0nAxxna9MM=,2g7wYn2aoWhBhot+MgRN4opElkA=
0,-18,E37O5DPqnNZe2gEPx0nAxxna9MM=,2g7wYn2aoWhBhot+MgRN4opElkA=
2,-18,E37O5DPqnNZe2gEPx0nAxxna9MM=,2g7wYn2aoWhBhot+MgRN4opElkA=
5,-18,E37O5DPqnNZe2gEPx0nAxxna9MM=,2g7wYn2aoWhBhot+MgRN4opElkA=
6,-19,E37O5DPqnNZe2gEPx0nAxxna9MM=,2g7wYn2aoWhBhot+MgRN4opElkA=
5,-19,E37O5DPqnNZe2gEPx0nAxxna9MM=,2g7wYn2aoWhBhot+MgRN4opElkA=
3,-18,E37O5DPqnNZe2gEPx0nAxxna9MM=,2g7wYn2aoWhBhot+MgRN4opElkA=
4,-19,E37O5DPqnNZe2gEPx0nAxxna9MM=,2g7wYn2aoWhBhot+MgRN4opElkA=
3,-19,E37O5DPqnNZe2gEPx0nAxxna9MM=,2g7wYn2aoWhBhot+MgRN4opElkA=
6,-20,E37O5DPqnNZe2gEPx0nAxxna9MM=,2g7wYn2aoWhBhot+MgRN4opElkA=
0,-19,E37O5DPqnNZe2gEPx0nAxxna9MM=,2g7wYn2aoWhBhot+MgRN4opElkA=
4,-20,E37O5DPqnNZe2gEPx0nAxxna9MM=,2g7wYn2aoWhBhot+MgRN4opElkA=
3,-20,E37O5DPqnNZe2gEPx0nAxxna9MM=,2g7wYn2aoWhBhot+MgRN4opElkA=
5,-20,E37O5DPqnNZe2gEPx0nAxxna9MM=,2g7wYn2aoWhBhot+MgRN4opElkA=
4,-18,E37O5DPqnNZe2gEPx0nAxxna9MM=,2g7wYn2aoWhBhot+MgRN4opElkA=
0,-30,E37O5DPqnNZe2gEPx0nAxxna9MM=,cp4chrQFMOG1Z181lfRuXYonFi0=
0,-17,E37O5DPqnNZe2gEPx0nAxxna9MM=,2g7wYn2aoWhBhot+MgRN4opElkA=
1,-17,E37O5DPqnNZe2gEPx0nAxxna9MM=,2g7wYn2aoWhBhot+MgRN4opElkA=
3,-17,E37O5DPqnNZe2gEPx0nAxxna9MM=,2g7wYn2aoWhBhot+MgRN4opElkA=
2,-17,E37O5DPqnNZe2gEPx0nAxxna9MM=,2g7wYn2aoWhBhot+MgRN4opElkA=
0,-20,E37O5DPqnNZe2gEPx0nAxxna9MM=,2g7wYn2aoWhBhot+MgRN4opElkA=
