5,2450,YMfbhJxG/aXCVdPvDdHcJvSei8s=,w2DOPPfJ24u5irUWNeMdpTdFdcE=
5,2448,YMfbhJxG/aXCVdPvDdHcJvSei8s=,w2DOPPfJ24u5irUWNeMdpTdFdcE=
6,2451,YMfbhJxG/aXCVdPvDdHcJvSei8s=,w2DOPPfJ24u5irUWNeMdpTdFdcE=
6,2450,YMfbhJxG/aXCVdPvDdHcJvSei8s=,w2DOPPfJ24u5irUWNeMdpTdFdcE=
5,2451,YMfbhJxG/aXCVdPvDdHcJvSei8s=,w2DOPPfJ24u5irUWNeMdpTdFdcE=
3,2448,YMfbhJxG/aXCVdPvDdHcJvSei8s=,w2DOPPfJ24u5irUWNeMdpTdFdcE=
4,2451,YMfbhJxG/aXCVdPvDdHcJvSei8s=,w2DOPPfJ24u5irUWNeMdpTdFdcE=
5,2449,YMfbhJxG/aXCVdPvDdHcJvSei8s=,w2DOPPfJ24u5irUWNeMdpTdFdcE=
4,2449,YMfbhJxG/aXCVdPvDdHcJvSei8s=,w2DOPPfJ24u5irUWNeMdpTdFdcE=
4,2450,YMfbhJxG/aXCVdPvDdHcJvSei8s=,w2DOPPfJ24u5irUWNeMdpTdFdcE=
15,2463,YMfbhJxG/aXCVdPvDdHcJvSei8s=,w2DOPPfJ24u5irUWNeMdpTdFdcE=
3,2451,YMfbhJxG/aXCVdPvDdHcJvSei8s=,w2DOPPfJ24u5irUWNeMdpTdFdcE=
12,2463,YMfbhJxG/aXCVdPvDdHcJvSei8s=,w2DOPPfJ24u5irUWNeMdpTdFdcE=
14,2463,YMfbhJxG/aXCVdPvDdHcJvSei8s=,w2DOPPfJ24u5irUWNeMdpTdFdcE=
13,2463,YMfbhJxG/aXCVdPvDdHcJvSei8s=,w2DOPPfJ24u5irUWNeMdpTdFdcE=
11,2463,YMfbhJxG/aXCVdPvDdHcJvSei8s=,w2DOPPfJ24u5irUWNeMdpTdFdcE=
10,2463,YMfbhJxG/aXCVdPvDdHcJvSei8s=,w2DOPPfJ24u5irUWNeMdpTdFdcE=
9,2463,YMfbhJxG/aXCVdPvDdHcJvSei8s=,w2DOPPfJ24u5irUWNeMdpTdFdcE=
7,2463,YMfbhJxG/aXCVdPvDdHcJvSei8s=,w2DOPPfJ24u5irUWNeMdpTdFdcE=
2,2451,YMfbhJxG/aXCVdPvDdHcJvSei8s=,w2DOPPfJ24u5irUWNeMdpTdFdcE=
1,2448,YMfbhJxG/aXCVdPvDdHcJvSei8s=,w2DOPPfJ24u5irUWNeMdpTdFdcE=
1,2451,YMfbhJxG/aXCVdPvDdHcJvSei8s=,w2DOPPfJ24u5irUWNeMdpTdFdcE=
8,2463,YMfbhJxG/aXCVdPvDdHcJvSei8s=,w2DOPPfJ24u5irUWNeMdpTdFdcE=
4,2448,YMfbhJxG/aXCVdPvDdHcJvSei8s=,w2DOPPfJ24u5irUWNeMdpTdFdcE=
13,2462,YMfbhJxG/aXCVdPvDdHcJvSei8s=,w2DOPPfJ24u5irUWNeMdpTdFdcE=
14,2462,YMfbhJxG/aXCVdPvDdHcJvSei8s=,w2DOPPfJ24u5irUWNeMdpTdFdcE=
3,2450,YMfbhJxG/aXCVdPvDdHcJvSei8s=,w2DOPPfJ24u5irUWNeMdpTdFdcE=
12,2462,YMfbhJxG/aXCVdPvDdHcJvSei8s=,w2DOPPfJ24u5irUWNeMdpTdFdcE=
15,2462,YMfbhJxG/aXCVdPvDdHcJvSei8s=,w2DOPPfJ24u5irUWNeMdpTdFdcE=
11,2462,YMfbhJxG/aXCVdPvDdHcJvSei8s=,w2DOPPfJ24u5irUWNeMdpTdFdcE=
9,2462,YMfbhJxG/aXCVdPvDdHcJvSei8s=,w2DOPPfJ24u5irUWNeMdpTdFdcE=
10,2462,YMfbhJxG/aXCVdPvDdHcJvSei8s=,w2DOPPfJ24u5irUWNeMdpTdFdcE=
7,2462,YMfbhJxG/aXCVdPvDdHcJvSei8s=,w2DOPPfJ24u5irUWNeMdpTdFdcE=
6,2462,YMfbhJxG/aXCVdPvDdHcJvSei8s=,w2DOPPfJ24u5irUWNeMdpTdFdcE=
7,2451,YMfbhJxG/aXCVdPvDdHcJvSei8s=,w2DOPPfJ24u5irUWNeMdpTdFdcE=
8,2462,YMfbhJxG/aXCVdPvDdHcJvSei8s=,w2DOPPfJ24u5irUWNeMdpTdFdcE=
3,2449,YMfbhJxG/aXCVdPvDdHcJvSei8s=,w2DOPPfJ24u5irUWNeMdpTdFdcE=
8,2451,YMfbhJxG/aXCVdPvDdHcJvSei8s=,w2DOPPfJ24u5irUWNeMdpTdFdcE=
9,2451,YMfbhJxG/aXCVdPvDdHcJvSei8s=,w2DOPPfJ24u5irUWNeMdpTdFdcE=
2,2450,YMfbhJxG/aXCVdPvDdHcJvSei8s=,w2DOPPfJ24u5irUWNeMdpTdFdcE=
10,2451,YMfbhJxG/aXCVdPvDdHcJvSei8s=,w2DOPPfJ24u5irUWNeMdpTdFdcE=
11,2451,YMfbhJxG/aXCVdPvDdHcJvSei8s=,w2DOPPfJ24u5irUWNeMdpTdFdcE=
12,2451,YMfbhJxG/aXCVdPvDdHcJvSei8s=,w2DOPPfJ24u5irUWNeMdpTdFdcE=
13,2451,YMfbhJxG/aXCVdPvDdHcJvSei8s=,w2DOPPfJ24u5irUWNeMdpTdFdcE=
14,2451,YMfbhJxG/aXCVdPvDdHcJvSei8s=,w2DOPPfJ24u5irUWNeMdpTdFdcE=
6,2449,YMfbhJxG/aXCVdPvDdHcJvSei8s=,w2DOPPfJ24u5irUWNeMdpTdFdcE=
15,2451,YMfbhJxG/aXCVdPvDdHcJvSei8s=,w2DOPPfJ24u5irUWNeMdpTdFdcE=
7,2450,YMfbhJxG/aXCVdPvDdHcJvSei8s=,w2DOPPfJ24u5irUWNeMdpTdFdcE=
6,2448,YMfbhJxG/aXCVdPvDdHcJvSei8s=,w2DOPPfJ24u5irUWNeMdpTdFdcE=
0,2452,YMfbhJxG/aXCVdPvDdHcJvSei8s=,w2DOPPfJ24u5irUWNeMdpTdFdcE=
1,2452,YMfbhJxG/aXCVdPvDdHcJvSei8s=,w2DOPPfJ24u5irUWNeMdpTdFdcE=
2,2452,YMfbhJxG/aXCVdPvDdHcJvSei8s=,w2DOPPfJ24u5irUWNeMdpTdFdcE=
3,2452,YMfbhJxG/aXCVdPvDdHcJvSei8s=,w2DOPPfJ24u5irUWNeMdpTdFdcE=
4,2452,YMfbhJxG/aXCVdPvDdHcJvSei8s=,w2DOPPfJ24u5irUWNeMdpTdFdcE=
5,2452,YMfbhJxG/aXCVdPvDdHcJvSei8s=,w2DOPPfJ24u5irUWNeMdpTdFdcE=
6,2452,YMfbhJxG/aXCVdPvDdHcJvSei8s=,w2DOPPfJ24u5irUWNeMdpTdFdcE=
8,2452,YMfbhJxG/aXCVdPvDdHcJvSei8s=,w2DOPPfJ24u5irUWNeMdpTdFdcE=
7,2452,YMfbhJxG/aXCVdPvDdHcJvSei8s=,w2DOPPfJ24u5irUWNeMdpTdFdcE=
9,2452,YMfbhJxG/aXCVdPvDdHcJvSei8s=,w2DOPPfJ24u5irUWNeMdpTdFdcE=
10,2452,YMfbhJxG/aXCVdPvDdHcJvSei8s=,w2DOPPfJ24u5irUWNeMdpTdFdcE=
11,2452,YMfbhJxG/aXCVdPvDdHcJvSei8s=,w2DOPPfJ24u5irUWNeMdpTdFdcE=
12,2452,YMfbhJxG/aXCVdPvDdHcJvSei8s=,w2DOPPfJ24u5irUWNeMdpTdFdcE=
13,2452,YMfbhJxG/aXCVdPvDdHcJvSei8s=,w2DOPPfJ24u5irUWNeMdpTdFdcE=
14,2452,YMfbhJxG/aXCVdPvDdHcJvSei8s=,w2DOPPfJ24u5irUWNeMdpTdFdcE=
15,2452,YMfbhJxG/aXCVdPvDdHcJvSei8s=,w2DOPPfJ24u5irUWNeMdpTdFdcE=
7,2449,YMfbhJxG/aXCVdPvDdHcJvSei8s=,w2DOPPfJ24u5irUWNeMdpTdFdcE=
8,2450,YMfbhJxG/aXCVdPvDdHcJvSei8s=,w2DOPPfJ24u5irUWNeMdpTdFdcE=
0,2453,YMfbhJxG/aXCVdPvDdHcJvSei8s=,w2DOPPfJ24u5irUWNeMdpTdFdcE=
7,2448,YMfbhJxG/aXCVdPvDdHcJvSei8s=,w2DOPPfJ24u5irUWNeMdpTdFdcE=
1,2453,YMfbhJxG/aXCVdPvDdHcJvSei8s=,w2DOPPfJ24u5irUWNeMdpTdFdcE=
2,2453,YMfbhJxG/aXCVdPvDdHcJvSei8s=,w2DOPPfJ24u5irUWNeMdpTdFdcE=
3,2453,YMfbhJxG/aXCVdPvDdHcJvSei8s=,w2DOPPfJ24u5irUWNeMdpTdFdcE=
5,2453,YMfbhJxG/aXCVdPvDdHcJvSei8s=,w2DOPPfJ24u5irUWNeMdpTdFdcE=
6,2453,YMfbhJxG/aXCVdPvDdHcJvSei8s=,w2DOPPfJ24u5irUWNeMdpTdFdcE=
4,2453,YMfbhJxG/aXCVdPvDdHcJvSei8s=,w2DOPPfJ24u5irUWNeMdpTdFdcE=
7,2453,YMfbhJxG/aXCVdPvDdHcJvSei8s=,w2DOPPfJ24u5irUWNeMdpTdFdcE=
8,2453,YMfbhJxG/aXCVdPvDdHcJvSei8s=,w2DOPPfJ24u5irUWNeMdpTdFdcE=
9,2453,YMfbhJxG/aXCVdPvDdHcJvSei8s=,w2DOPPfJ24u5irUWNeMdpTdFdcE=
10,2453,YMfbhJxG/aXCVdPvDdHcJvSei8s=,w2DOPPfJ24u5irUWNeMdpTdFdcE=
11,2453,YMfbhJxG/aXCVdPvDdHcJvSei8s=,w2DOPPfJ24u5irUWNeMdpTdFdcE=
12,2453,YMfbhJxG/aXCVdPvDdHcJvSei8s=,w2DOPPfJ24u5irUWNeMdpTdFdcE=
13,2453,YMfbhJxG/aXCVdPvDdHcJvSei8s=,w2DOPPfJ24u5irUWNeMdpTdFdcE=
14,2453,YMfbhJxG/aXCVdPvDdHcJvSei8s=,w2DOPPfJ24u5irUWNeMdpTdFdcE=
15,2453,YMfbhJxG/aXCVdPvDdHcJvSei8s=,w2DOPPfJ24u5irUWNeMdpTdFdcE=
8,2449,YMfbhJxG/aXCVdPvDdHcJvSei8s=,w2DOPPfJ24u5irUWNeMdpTdFdcE=
0,2454,YMfbhJxG/aXCVdPvDdHcJvSei8s=,w2DOPPfJ24u5irUWNeMdpTdFdcE=
9,2450,YMfbhJxG/aXCVdPvDdHcJvSei8s=,w2DOPPfJ24u5irUWNeMdpTdFdcE=
8,2448,YMfbhJxG/aXCVdPvDdHcJvSei8s=,w2DOPPfJ24u5irUWNeMdpTdFdcE=
1,2454,YMfbhJxG/aXCVdPvDdHcJvSei8s=,w2DOPPfJ24u5irUWNeMdpTdFdcE=
2,2454,YMfbhJxG/aXCVdPvDdHcJvSei8s=,w2DOPPfJ24u5irUWNeMdpTdFdcE=
3,2454,YMfbhJxG/aXCVdPvDdHcJvSei8s=,w2DOPPfJ24u5irUWNeMdpTdFdcE=
15,2461,YMfbhJxG/aXCVdPvDdHcJvSei8s=,w2DOPPfJ24u5irUWNeMdpTdFdcE=
14,2461,YMfbhJxG/aXCVdPvDdHcJvSei8s=,w2DOPPfJ24u5irUWNeMdpTdFdcE=
13,2461,YMfbhJxG/aXCVdPvDdHcJvSei8s=,w2DOPPfJ24u5irUWNeMdpTdFdcE=
12,2461,YMfbhJxG/aXCVdPvDdHcJvSei8s=,w2DOPPfJ24u5irUWNeMdpTdFdcE=
11,2461,YMfbhJxG/aXCVdPvDdHcJvSei8s=,w2DOPPfJ24u5irUWNeMdpTdFdcE=
10,2461,YMfbhJxG/aXCVdPvDdHcJvSei8s=,w2DOPPfJ24u5irUWNeMdpTdFdcE=
9,2461,YMfbhJxG/aXCVdPvDdHcJvSei8s=,w2DOPPfJ24u5irUWNeMdpTdFdcE=
8,2461,YMfbhJxG/aXCVdPvDdHcJvSei8s=,w2DOPPfJ24u5irUWNeMdpTdFdcE=
7,2461,YMfbhJxG/aXCVdPvDdHcJvSei8s=,w2DOPPfJ24u5irUWNeMdpTdFdcE=
6,2461,YMfbhJxG/aXCVdPvDdHcJvSei8s=,w2DOPPfJ24u5irUWNeMdpTdFdcE=
5,2461,YMfbhJxG/aXCVdPvDdHcJvSei8s=,w2DOPPfJ24u5irUWNeMdpTdFdcE=
4,2454,YMfbhJxG/aXCVdPvDdHcJvSei8s=,w2DOPPfJ24u5irUWNeMdpTdFdcE=
5,2454,YMfbhJxG/aXCVdPvDdHcJvSei8s=,w2DOPPfJ24u5irUWNeMdpTdFdcE=
6,2454,YMfbhJxG/aXCVdPvDdHcJvSei8s=,w2DOPPfJ24u5irUWNeMdpTdFdcE=
7,2454,YMfbhJxG/aXCVdPvDdHcJvSei8s=,w2DOPPfJ24u5irUWNeMdpTdFdcE=
8,2454,YMfbhJxG/aXCVdPvDdHcJvSei8s=,w2DOPPfJ24u5irUWNeMdpTdFdcE=
9,2454,YMfbhJxG/aXCVdPvDdHcJvSei8s=,w2DOPPfJ24u5irUWNeMdpTdFdcE=
10,2454,YMfbhJxG/aXCVdPvDdHcJvSei8s=,w2DOPPfJ24u5irUWNeMdpTdFdcE=
11,2454,YMfbhJxG/aXCVdPvDdHcJvSei8s=,w2DOPPfJ24u5irUWNeMdpTdFdcE=
12,2454,YMfbhJxG/aXCVdPvDdHcJvSei8s=,w2DOPPfJ24u5irUWNeMdpTdFdcE=
13,2454,YMfbhJxG/aXCVdPvDdHcJvSei8s=,w2DOPPfJ24u5irUWNeMdpTdFdcE=
14,2454,YMfbhJxG/aXCVdPvDdHcJvSei8s=,w2DOPPfJ24u5irUWNeMdpTdFdcE=
15,2454,YMfbhJxG/aXCVdPvDdHcJvSei8s=,w2DOPPfJ24u5irUWNeMdpTdFdcE=
9,2449,YMfbhJxG/aXCVdPvDdHcJvSei8s=,w2DOPPfJ24u5irUWNeMdpTdFdcE=
0,2455,YMfbhJxG/aXCVdPvDdHcJvSei8s=,w2DOPPfJ24u5irUWNeMdpTdFdcE=
9,2448,YMfbhJxG/aXCVdPvDdHcJvSei8s=,w2DOPPfJ24u5irUWNeMdpTdFdcE=
10,2450,YMfbhJxG/aXCVdPvDdHcJvSei8s=,w2DOPPfJ24u5irUWNeMdpTdFdcE=
1,2455,YMfbhJxG/aXCVdPvDdHcJvSei8s=,w2DOPPfJ24u5irUWNeMdpTdFdcE=
2,2455,YMfbhJxG/aXCVdPvDdHcJvSei8s=,w2DOPPfJ24u5irUWNeMdpTdFdcE=
3,2455,YMfbhJxG/aXCVdPvDdHcJvSei8s=,w2DOPPfJ24u5irUWNeMdpTdFdcE=
3,2462,YMfbhJxG/aXCVdPvDdHcJvSei8s=,w2DOPPfJ24u5irUWNeMdpTdFdcE=
4,2462,YMfbhJxG/aXCVdPvDdHcJvSei8s=,w2DOPPfJ24u5irUWNeMdpTdFdcE=
5,2462,YMfbhJxG/aXCVdPvDdHcJvSei8s=,w2DOPPfJ24u5irUWNeMdpTdFdcE=
5,2463,YMfbhJxG/aXCVdPvDdHcJvSei8s=,w2DOPPfJ24u5irUWNeMdpTdFdcE=
2,2449,YMfbhJxG/aXCVdPvDdHcJvSei8s=,w2DOPPfJ24u5irUWNeMdpTdFdcE=
1,2450,YMfbhJxG/aXCVdPvDdHcJvSei8s=,w2DOPPfJ24u5irUWNeMdpTdFdcE=
2,2463,YMfbhJxG/aXCVdPvDdHcJvSei8s=,w2DOPPfJ24u5irUWNeMdpTdFdcE=
15,2460,YMfbhJxG/aXCVdPvDdHcJvSei8s=,w2DOPPfJ24u5irUWNeMdpTdFdcE=
14,2460,YMfbhJxG/aXCVdPvDdHcJvSei8s=,w2DOPPfJ24u5irUWNeMdpTdFdcE=
13,2460,YMfbhJxG/aXCVdPvDdHcJvSei8s=,w2DOPPfJ24u5irUWNeMdpTdFdcE=
12,2460,YMfbhJxG/aXCVdPvDdHcJvSei8s=,w2DOPPfJ24u5irUWNeMdpTdFdcE=
11,2460,YMfbhJxG/aXCVdPvDdHcJvSei8s=,w2DOPPfJ24u5irUWNeMdpTdFdcE=
10,2460,YMfbhJxG/aXCVdPvDdHcJvSei8s=,w2DOPPfJ24u5irUWNeMdpTdFdcE=
9,2460,YMfbhJxG/aXCVdPvDdHcJvSei8s=,w2DOPPfJ24u5irUWNeMdpTdFdcE=
8,2460,YMfbhJxG/aXCVdPvDdHcJvSei8s=,w2DOPPfJ24u5irUWNeMdpTdFdcE=
7,2460,YMfbhJxG/aXCVdPvDdHcJvSei8s=,w2DOPPfJ24u5irUWNeMdpTdFdcE=
6,2460,YMfbhJxG/aXCVdPvDdHcJvSei8s=,w2DOPPfJ24u5irUWNeMdpTdFdcE=
5,2460,YMfbhJxG/aXCVdPvDdHcJvSei8s=,w2DOPPfJ24u5irUWNeMdpTdFdcE=
2,2462,YMfbhJxG/aXCVdPvDdHcJvSei8s=,w2DOPPfJ24u5irUWNeMdpTdFdcE=
6,2463,YMfbhJxG/aXCVdPvDdHcJvSei8s=,w2DOPPfJ24u5irUWNeMdpTdFdcE=
4,2455,YMfbhJxG/aXCVdPvDdHcJvSei8s=,w2DOPPfJ24u5irUWNeMdpTdFdcE=
4,2463,YMfbhJxG/aXCVdPvDdHcJvSei8s=,w2DOPPfJ24u5irUWNeMdpTdFdcE=
1,2449,YMfbhJxG/aXCVdPvDdHcJvSei8s=,w2DOPPfJ24u5irUWNeMdpTdFdcE=
1,2463,YMfbhJxG/aXCVdPvDdHcJvSei8s=,w2DOPPfJ24u5irUWNeMdpTdFdcE=
3,2463,YMfbhJxG/aXCVdPvDdHcJvSei8s=,w2DOPPfJ24u5irUWNeMdpTdFdcE=
0,2449,YMfbhJxG/aXCVdPvDdHcJvSei8s=,w2DOPPfJ24u5irUWNeMdpTdFdcE=
0,2448,YMfbhJxG/aXCVdPvDdHcJvSei8s=,w2DOPPfJ24u5irUWNeMdpTdFdcE=
0,2451,YMfbhJxG/aXCVdPvDdHcJvSei8s=,w2DOPPfJ24u5irUWNeMdpTdFdcE=
2,2448,YMfbhJxG/aXCVdPvDdHcJvSei8s=,w2DOPPfJ24u5irUWNeMdpTdFdcE=
15,2448,YMfbhJxG/aXCVdPvDdHcJvSei8s=,w2DOPPfJ24u5irUWNeMdpTdFdcE=
15,2450,YMfbhJxG/aXCVdPvDdHcJvSei8s=,w2DOPPfJ24u5irUWNeMdpTdFdcE=
14,2448,YMfbhJxG/aXCVdPvDdHcJvSei8s=,w2DOPPfJ24u5irUWNeMdpTdFdcE=
0,2450,YMfbhJxG/aXCVdPvDdHcJvSei8s=,w2DOPPfJ24u5irUWNeMdpTdFdcE=
15,2449,YMfbhJxG/aXCVdPvDdHcJvSei8s=,w2DOPPfJ24u5irUWNeMdpTdFdcE=
15,2459,YMfbhJxG/aXCVdPvDdHcJvSei8s=,w2DOPPfJ24u5irUWNeMdpTdFdcE=
14,2449,YMfbhJxG/aXCVdPvDdHcJvSei8s=,w2DOPPfJ24u5irUWNeMdpTdFdcE=
14,2459,YMfbhJxG/aXCVdPvDdHcJvSei8s=,w2DOPPfJ24u5irUWNeMdpTdFdcE=
13,2459,YMfbhJxG/aXCVdPvDdHcJvSei8s=,w2DOPPfJ24u5irUWNeMdpTdFdcE=
12,2459,YMfbhJxG/aXCVdPvDdHcJvSei8s=,w2DOPPfJ24u5irUWNeMdpTdFdcE=
11,2459,YMfbhJxG/aXCVdPvDdHcJvSei8s=,w2DOPPfJ24u5irUWNeMdpTdFdcE=
10,2459,YMfbhJxG/aXCVdPvDdHcJvSei8s=,w2DOPPfJ24u5irUWNeMdpTdFdcE=
9,2459,YMfbhJxG/aXCVdPvDdHcJvSei8s=,w2DOPPfJ24u5irUWNeMdpTdFdcE=
8,2459,YMfbhJxG/aXCVdPvDdHcJvSei8s=,w2DOPPfJ24u5irUWNeMdpTdFdcE=
7,2459,YMfbhJxG/aXCVdPvDdHcJvSei8s=,w2DOPPfJ24u5irUWNeMdpTdFdcE=
6,2459,YMfbhJxG/aXCVdPvDdHcJvSei8s=,w2DOPPfJ24u5irUWNeMdpTdFdcE=
5,2459,YMfbhJxG/aXCVdPvDdHcJvSei8s=,w2DOPPfJ24u5irUWNeMdpTdFdcE=
0,2461,YMfbhJxG/aXCVdPvDdHcJvSei8s=,w2DOPPfJ24u5irUWNeMdpTdFdcE=
0,2463,YMfbhJxG/aXCVdPvDdHcJvSei8s=,w2DOPPfJ24u5irUWNeMdpTdFdcE=
5,2455,YMfbhJxG/aXCVdPvDdHcJvSei8s=,w2DOPPfJ24u5irUWNeMdpTdFdcE=
6,2455,YMfbhJxG/aXCVdPvDdHcJvSei8s=,w2DOPPfJ24u5irUWNeMdpTdFdcE=
7,2455,YMfbhJxG/aXCVdPvDdHcJvSei8s=,w2DOPPfJ24u5irUWNeMdpTdFdcE=
9,2455,YMfbhJxG/aXCVdPvDdHcJvSei8s=,w2DOPPfJ24u5irUWNeMdpTdFdcE=
8,2455,YMfbhJxG/aXCVdPvDdHcJvSei8s=,w2DOPPfJ24u5irUWNeMdpTdFdcE=
10,2455,YMfbhJxG/aXCVdPvDdHcJvSei8s=,w2DOPPfJ24u5irUWNeMdpTdFdcE=
11,2455,YMfbhJxG/aXCVdPvDdHcJvSei8s=,w2DOPPfJ24u5irUWNeMdpTdFdcE=
12,2455,YMfbhJxG/aXCVdPvDdHcJvSei8s=,w2DOPPfJ24u5irUWNeMdpTdFdcE=
13,2455,YMfbhJxG/aXCVdPvDdHcJvSei8s=,w2DOPPfJ24u5irUWNeMdpTdFdcE=
14,2455,YMfbhJxG/aXCVdPvDdHcJvSei8s=,w2DOPPfJ24u5irUWNeMdpTdFdcE=
15,2455,YMfbhJxG/aXCVdPvDdHcJvSei8s=,w2DOPPfJ24u5irUWNeMdpTdFdcE=
10,2449,YMfbhJxG/aXCVdPvDdHcJvSei8s=,w2DOPPfJ24u5irUWNeMdpTdFdcE=
0,2456,YMfbhJxG/aXCVdPvDdHcJvSei8s=,w2DOPPfJ24u5irUWNeMdpTdFdcE=
10,2448,YMfbhJxG/aXCVdPvDdHcJvSei8s=,w2DOPPfJ24u5irUWNeMdpTdFdcE=
11,2450,YMfbhJxG/aXCVdPvDdHcJvSei8s=,w2DOPPfJ24u5irUWNeMdpTdFdcE=
1,2456,YMfbhJxG/aXCVdPvDdHcJvSei8s=,w2DOPPfJ24u5irUWNeMdpTdFdcE=
2,2456,YMfbhJxG/aXCVdPvDdHcJvSei8s=,w2DOPPfJ24u5irUWNeMdpTdFdcE=
2,2460,YMfbhJxG/aXCVdPvDdHcJvSei8s=,w2DOPPfJ24u5irUWNeMdpTdFdcE=
1,2462,YMfbhJxG/aXCVdPvDdHcJvSei8s=,w2DOPPfJ24u5irUWNeMdpTdFdcE=
13,2448,YMfbhJxG/aXCVdPvDdHcJvSei8s=,w2DOPPfJ24u5irUWNeMdpTdFdcE=
14,2450,YMfbhJxG/aXCVdPvDdHcJvSei8s=,w2DOPPfJ24u5irUWNeMdpTdFdcE=
0,2459,YMfbhJxG/aXCVdPvDdHcJvSei8s=,w2DOPPfJ24u5irUWNeMdpTdFdcE=
13,2449,YMfbhJxG/aXCVdPvDdHcJvSei8s=,w2DOPPfJ24u5irUWNeMdpTdFdcE=
15,2458,YMfbhJxG/aXCVdPvDdHcJvSei8s=,w2DOPPfJ24u5irUWNeMdpTdFdcE=
14,2458,YMfbhJxG/aXCVdPvDdHcJvSei8s=,w2DOPPfJ24u5irUWNeMdpTdFdcE=
13,2458,YMfbhJxG/aXCVdPvDdHcJvSei8s=,w2DOPPfJ24u5irUWNeMdpTdFdcE=
12,2458,YMfbhJxG/aXCVdPvDdHcJvSei8s=,w2DOPPfJ24u5irUWNeMdpTdFdcE=
11,2458,YMfbhJxG/aXCVdPvDdHcJvSei8s=,w2DOPPfJ24u5irUWNeMdpTdFdcE=
10,2458,YMfbhJxG/aXCVdPvDdHcJvSei8s=,w2DOPPfJ24u5irUWNeMdpTdFdcE=
9,2458,YMfbhJxG/aXCVdPvDdHcJvSei8s=,w2DOPPfJ24u5irUWNeMdpTdFdcE=
8,2458,YMfbhJxG/aXCVdPvDdHcJvSei8s=,w2DOPPfJ24u5irUWNeMdpTdFdcE=
7,2458,YMfbhJxG/aXCVdPvDdHcJvSei8s=,w2DOPPfJ24u5irUWNeMdpTdFdcE=
1,2459,YMfbhJxG/aXCVdPvDdHcJvSei8s=,w2DOPPfJ24u5irUWNeMdpTdFdcE=
3,2456,YMfbhJxG/aXCVdPvDdHcJvSei8s=,w2DOPPfJ24u5irUWNeMdpTdFdcE=
4,2460,YMfbhJxG/aXCVdPvDdHcJvSei8s=,w2DOPPfJ24u5irUWNeMdpTdFdcE=
6,2458,YMfbhJxG/aXCVdPvDdHcJvSei8s=,w2DOPPfJ24u5irUWNeMdpTdFdcE=
1,2460,YMfbhJxG/aXCVdPvDdHcJvSei8s=,w2DOPPfJ24u5irUWNeMdpTdFdcE=
2,2459,YMfbhJxG/aXCVdPvDdHcJvSei8s=,w2DOPPfJ24u5irUWNeMdpTdFdcE=
4,2461,YMfbhJxG/aXCVdPvDdHcJvSei8s=,w2DOPPfJ24u5irUWNeMdpTdFdcE=
12,2448,YMfbhJxG/aXCVdPvDdHcJvSei8s=,w2DOPPfJ24u5irUWNeMdpTdFdcE=
13,2450,YMfbhJxG/aXCVdPvDdHcJvSei8s=,w2DOPPfJ24u5irUWNeMdpTdFdcE=
0,2458,YMfbhJxG/aXCVdPvDdHcJvSei8s=,w2DOPPfJ24u5irUWNeMdpTdFdcE=
12,2449,YMfbhJxG/aXCVdPvDdHcJvSei8s=,w2DOPPfJ24u5irUWNeMdpTdFdcE=
15,2457,YMfbhJxG/aXCVdPvDdHcJvSei8s=,w2DOPPfJ24u5irUWNeMdpTdFdcE=
14,2457,YMfbhJxG/aXCVdPvDdHcJvSei8s=,w2DOPPfJ24u5irUWNeMdpTdFdcE=
13,2457,YMfbhJxG/aXCVdPvDdHcJvSei8s=,w2DOPPfJ24u5irUWNeMdpTdFdcE=
12,2457,YMfbhJxG/aXCVdPvDdHcJvSei8s=,w2DOPPfJ24u5irUWNeMdpTdFdcE=
11,2457,YMfbhJxG/aXCVdPvDdHcJvSei8s=,w2DOPPfJ24u5irUWNeMdpTdFdcE=
10,2457,YMfbhJxG/aXCVdPvDdHcJvSei8s=,w2DOPPfJ24u5irUWNeMdpTdFdcE=
9,2457,YMfbhJxG/aXCVdPvDdHcJvSei8s=,w2DOPPfJ24u5irUWNeMdpTdFdcE=
8,2457,YMfbhJxG/aXCVdPvDdHcJvSei8s=,w2DOPPfJ24u5irUWNeMdpTdFdcE=
7,2457,YMfbhJxG/aXCVdPvDdHcJvSei8s=,w2DOPPfJ24u5irUWNeMdpTdFdcE=
6,2457,YMfbhJxG/aXCVdPvDdHcJvSei8s=,w2DOPPfJ24u5irUWNeMdpTdFdcE=
1,2458,YMfbhJxG/aXCVdPvDdHcJvSei8s=,w2DOPPfJ24u5irUWNeMdpTdFdcE=
5,2458,YMfbhJxG/aXCVdPvDdHcJvSei8s=,w2DOPPfJ24u5irUWNeMdpTdFdcE=
3,2457,YMfbhJxG/aXCVdPvDdHcJvSei8s=,w2DOPPfJ24u5irUWNeMdpTdFdcE=
2,2457,YMfbhJxG/aXCVdPvDdHcJvSei8s=,w2DOPPfJ24u5irUWNeMdpTdFdcE=
1,2457,YMfbhJxG/aXCVdPvDdHcJvSei8s=,w2DOPPfJ24u5irUWNeMdpTdFdcE=
12,2450,YMfbhJxG/aXCVdPvDdHcJvSei8s=,w2DOPPfJ24u5irUWNeMdpTdFdcE=
11,2448,YMfbhJxG/aXCVdPvDdHcJvSei8s=,w2DOPPfJ24u5irUWNeMdpTdFdcE=
0,2457,YMfbhJxG/aXCVdPvDdHcJvSei8s=,w2DOPPfJ24u5irUWNeMdpTdFdcE=
11,2449,YMfbhJxG/aXCVdPvDdHcJvSei8s=,w2DOPPfJ24u5irUWNeMdpTdFdcE=
15,2456,YMfbhJxG/aXCVdPvDdHcJvSei8s=,w2DOPPfJ24u5irUWNeMdpTdFdcE=
14,2456,YMfbhJxG/aXCVdPvDdHcJvSei8s=,w2DOPPfJ24u5irUWNeMdpTdFdcE=
13,2456,YMfbhJxG/aXCVdPvDdHcJvSei8s=,w2DOPPfJ24u5irUWNeMdpTdFdcE=
12,2456,YMfbhJxG/aXCVdPvDdHcJvSei8s=,w2DOPPfJ24u5irUWNeMdpTdFdcE=
11,2456,YMfbhJxG/aXCVdPvDdHcJvSei8s=,w2DOPPfJ24u5irUWNeMdpTdFdcE=
10,2456,YMfbhJxG/aXCVdPvDdHcJvSei8s=,w2DOPPfJ24u5irUWNeMdpTdFdcE=
9,2456,YMfbhJxG/aXCVdPvDdHcJvSei8s=,w2DOPPfJ24u5irUWNeMdpTdFdcE=
8,2456,YMfbhJxG/aXCVdPvDdHcJvSei8s=,w2DOPPfJ24u5irUWNeMdpTdFdcE=
7,2456,YMfbhJxG/aXCVdPvDdHcJvSei8s=,w2DOPPfJ24u5irUWNeMdpTdFdcE=
0,2460,YMfbhJxG/aXCVdPvDdHcJvSei8s=,w2DOPPfJ24u5irUWNeMdpTdFdcE=
3,2459,YMfbhJxG/aXCVdPvDdHcJvSei8s=,w2DOPPfJ24u5irUWNeMdpTdFdcE=
6,2456,YMfbhJxG/aXCVdPvDdHcJvSei8s=,w2DOPPfJ24u5irUWNeMdpTdFdcE=
3,2460,YMfbhJxG/aXCVdPvDdHcJvSei8s=,w2DOPPfJ24u5irUWNeMdpTdFdcE=
3,2458,YMfbhJxG/aXCVdPvDdHcJvSei8s=,w2DOPPfJ24u5irUWNeMdpTdFdcE=
3,2461,YMfbhJxG/aXCVdPvDdHcJvSei8s=,w2DOPPfJ24u5irUWNeMdpTdFdcE=
0,2462,YMfbhJxG/aXCVdPvDdHcJvSei8s=,w2DOPPfJ24u5irUWNeMdpTdFdcE=
2,2458,YMfbhJxG/aXCVdPvDdHcJvSei8s=,w2DOPPfJ24u5irUWNeMdpTdFdcE=
5,2457,YMfbhJxG/aXCVdPvDdHcJvSei8s=,w2DOPPfJ24u5irUWNeMdpTdFdcE=
4,2457,YMfbhJxG/aXCVdPvDdHcJvSei8s=,w2DOPPfJ24u5irUWNeMdpTdFdcE=
4,2458,YMfbhJxG/aXCVdPvDdHcJvSei8s=,w2DOPPfJ24u5irUWNeMdpTdFdcE=
4,2459,YMfbhJxG/aXCVdPvDdHcJvSei8s=,w2DOPPfJ24u5irUWNeMdpTdFdcE=
2,2461,YMfbhJxG/aXCVdPvDdHcJvSei8s=,w2DOPPfJ24u5irUWNeMdpTdFdcE=
5,2456,YMfbhJxG/aXCVdPvDdHcJvSei8s=,w2DOPPfJ24u5irUWNeMdpTdFdcE=
4,2456,YMfbhJxG/aXCVdPvDdHcJvSei8s=,w2DOPPfJ24u5irUWNeMdpTdFdcE=
1,2461,YMfbhJxG/aXCVdPvDdHcJvSei8s=,w2DOPPfJ24u5irUWNeMdpTdFdcE=
