-81,129,YSPBATMnU/y+V+uroQC2vw/IFxQ=,Rf2eUrH544RSVpupoX989uULU20=
-93,128,YSPBATMnU/y+V+uroQC2vw/IFxQ=,Rf2eUrH544RSVpupoX989uULU20=
-83,130,YSPBATMnU/y+V+uroQC2vw/IFxQ=,Rf2eUrH544RSVpupoX989uULU20=
-81,143,YSPBATMnU/y+V+uroQC2vw/IFxQ=,Rf2eUrH544RSVpupoX989uULU20=
-85,130,YSPBATMnU/y+V+uroQC2vw/IFxQ=,Rf2eUrH544RSVpupoX989uULU20=
-84,130,YSPBATMnU/y+V+uroQC2vw/IFxQ=,Rf2eUrH544RSVpupoX989uULU20=
-88,130,YSPBATMnU/y+V+uroQC2vw/IFxQ=,Rf2eUrH544RSVpupoX989uULU20=
-87,130,YSPBATMnU/y+V+uroQC2vw/IFxQ=,Rf2eUrH544RSVpupoX989uULU20=
-86,130,YSPBATMnU/y+V+uroQC2vw/IFxQ=,Rf2eUrH544RSVpupoX989uULU20=
-89,130,YSPBATMnU/y+V+uroQC2vw/IFxQ=,Rf2eUrH544RSVpupoX989uULU20=
-91,130,YSPBATMnU/y+V+uroQC2vw/IFxQ=,Rf2eUrH544RSVpupoX989uULU20=
-92,130,YSPBATMnU/y+V+uroQC2vw/IFxQ=,Rf2eUrH544RSVpupoX989uULU20=
-94,130,YSPBATMnU/y+V+uroQC2vw/IFxQ=,Rf2eUrH544RSVpupoX989uULU20=
-93,130,YSPBATMnU/y+V+uroQC2vw/IFxQ=,Rf2eUrH544RSVpupoX989uULU20=
-90,130,YSPBATMnU/y+V+uroQC2vw/IFxQ=,Rf2eUrH544RSVpupoX989uULU20=
-85,131,YSPBATMnU/y+V+uroQC2vw/IFxQ=,Rf2eUrH544RSVpupoX989uULU20=
-84,131,YSPBATMnU/y+V+uroQC2vw/IFxQ=,Rf2eUrH544RSVpupoX989uULU20=
-95,130,YSPBATMnU/y+V+uroQC2vw/IFxQ=,Rf2eUrH544RSVpupoX989uULU20=
-82,143,YSPBATMnU/y+V+uroQC2vw/IFxQ=,Rf2eUrH544RSVpupoX989uULU20=
-82,130,YSPBATMnU/y+V+uroQC2vw/IFxQ=,Rf2eUrH544RSVpupoX989uULU20=
-96,130,YSPBATMnU/y+V+uroQC2vw/IFxQ=,Rf2eUrH544RSVpupoX989uULU20=
-85,143,YSPBATMnU/y+V+uroQC2vw/IFxQ=,Rf2eUrH544RSVpupoX989uULU20=
-92,128,YSPBATMnU/y+V+uroQC2vw/IFxQ=,Rf2eUrH544RSVpupoX989uULU20=
-83,131,YSPBATMnU/y+V+uroQC2vw/IFxQ=,Rf2eUrH544RSVpupoX989uULU20=
-86,143,YSPBATMnU/y+V+uroQC2vw/IFxQ=,Rf2eUrH544RSVpupoX989uULU20=
-82,131,YSPBATMnU/y+V+uroQC2vw/IFxQ=,Rf2eUrH544RSVpupoX989uULU20=
-81,131,YSPBATMnU/y+V+uroQC2vw/IFxQ=,Rf2eUrH544RSVpupoX989uULU20=
-96,132,YSPBATMnU/y+V+uroQC2vw/IFxQ=,Rf2eUrH544RSVpupoX989uULU20=
-90,143,YSPBATMnU/y+V+uroQC2vw/IFxQ=,Rf2eUrH544RSVpupoX989uULU20=
-91,128,YSPBATMnU/y+V+uroQC2vw/IFxQ=,Rf2eUrH544RSVpupoX989uULU20=
-92,143,YSPBATMnU/y+V+uroQC2vw/IFxQ=,Rf2eUrH544RSVpupoX989uULU20=
-94,129,YSPBATMnU/y+V+uroQC2vw/IFxQ=,Rf2eUrH544RSVpupoX989uULU20=
-93,143,YSPBATMnU/y+V+uroQC2vw/IFxQ=,Rf2eUrH544RSVpupoX989uULU20=
-91,143,YSPBATMnU/y+V+uroQC2vw/IFxQ=,Rf2eUrH544RSVpupoX989uULU20=
-95,132,YSPBATMnU/y+V+uroQC2vw/IFxQ=,Rf2eUrH544RSVpupoX989uULU20=
-94,143,YSPBATMnU/y+V+uroQC2vw/IFxQ=,Rf2eUrH544RSVpupoX989uULU20=
-86,131,YSPBATMnU/y+V+uroQC2vw/IFxQ=,Rf2eUrH544RSVpupoX989uULU20=
-94,132,YSPBATMnU/y+V+uroQC2vw/IFxQ=,Rf2eUrH544RSVpupoX989uULU20=
-95,143,YSPBATMnU/y+V+uroQC2vw/IFxQ=,Rf2eUrH544RSVpupoX989uULU20=
-82,129,YSPBATMnU/y+V+uroQC2vw/IFxQ=,Rf2eUrH544RSVpupoX989uULU20=
-94,128,YSPBATMnU/y+V+uroQC2vw/IFxQ=,Rf2eUrH544RSVpupoX989uULU20=
-81,142,YSPBATMnU/y+V+uroQC2vw/IFxQ=,Rf2eUrH544RSVpupoX989uULU20=
-93,132,YSPBATMnU/y+V+uroQC2vw/IFxQ=,Rf2eUrH544RSVpupoX989uULU20=
-82,142,YSPBATMnU/y+V+uroQC2vw/IFxQ=,Rf2eUrH544RSVpupoX989uULU20=
-83,142,YSPBATMnU/y+V+uroQC2vw/IFxQ=,Rf2eUrH544RSVpupoX989uULU20=
-92,132,YSPBATMnU/y+V+uroQC2vw/IFxQ=,Rf2eUrH544RSVpupoX989uULU20=
-96,143,YSPBATMnU/y+V+uroQC2vw/IFxQ=,Rf2eUrH544RSVpupoX989uULU20=
-84,142,YSPBATMnU/y+V+uroQC2vw/IFxQ=,Rf2eUrH544RSVpupoX989uULU20=
-85,142,YSPBATMnU/y+V+uroQC2vw/IFxQ=,Rf2eUrH544RSVpupoX989uULU20=
-87,142,YSPBATMnU/y+V+uroQC2vw/IFxQ=,Rf2eUrH544RSVpupoX989uULU20=
-88,142,YSPBATMnU/y+V+uroQC2vw/IFxQ=,Rf2eUrH544RSVpupoX989uULU20=
-86,142,YSPBATMnU/y+V+uroQC2vw/IFxQ=,Rf2eUrH544RSVpupoX989uULU20=
-90,142,YSPBATMnU/y+V+uroQC2vw/IFxQ=,Rf2eUrH544RSVpupoX989uULU20=
-89,142,YSPBATMnU/y+V+uroQC2vw/IFxQ=,Rf2eUrH544RSVpupoX989uULU20=
-91,132,YSPBATMnU/y+V+uroQC2vw/IFxQ=,Rf2eUrH544RSVpupoX989uULU20=
-92,142,YSPBATMnU/y+V+uroQC2vw/IFxQ=,Rf2eUrH544RSVpupoX989uULU20=
-91,142,YSPBATMnU/y+V+uroQC2vw/IFxQ=,Rf2eUrH544RSVpupoX989uULU20=
-90,132,YSPBATMnU/y+V+uroQC2vw/IFxQ=,Rf2eUrH544RSVpupoX989uULU20=
-93,142,YSPBATMnU/y+V+uroQC2vw/IFxQ=,Rf2eUrH544RSVpupoX989uULU20=
-95,129,YSPBATMnU/y+V+uroQC2vw/IFxQ=,Rf2eUrH544RSVpupoX989uULU20=
-87,131,YSPBATMnU/y+V+uroQC2vw/IFxQ=,Rf2eUrH544RSVpupoX989uULU20=
-94,142,YSPBATMnU/y+V+uroQC2vw/IFxQ=,Rf2eUrH544RSVpupoX989uULU20=
-89,132,YSPBATMnU/y+V+uroQC2vw/IFxQ=,Rf2eUrH544RSVpupoX989uULU20=
-96,129,YSPBATMnU/y+V+uroQC2vw/IFxQ=,Rf2eUrH544RSVpupoX989uULU20=
-96,142,YSPBATMnU/y+V+uroQC2vw/IFxQ=,Rf2eUrH544RSVpupoX989uULU20=
-95,142,YSPBATMnU/y+V+uroQC2vw/IFxQ=,Rf2eUrH544RSVpupoX989uULU20=
-95,128,YSPBATMnU/y+V+uroQC2vw/IFxQ=,Rf2eUrH544RSVpupoX989uULU20=
-81,141,YSPBATMnU/y+V+uroQC2vw/IFxQ=,Rf2eUrH544RSVpupoX989uULU20=
-88,132,YSPBATMnU/y+V+uroQC2vw/IFxQ=,Rf2eUrH544RSVpupoX989uULU20=
-83,141,YSPBATMnU/y+V+uroQC2vw/IFxQ=,Rf2eUrH544RSVpupoX989uULU20=
-84,141,YSPBATMnU/y+V+uroQC2vw/IFxQ=,Rf2eUrH544RSVpupoX989uULU20=
-82,141,YSPBATMnU/y+V+uroQC2vw/IFxQ=,Rf2eUrH544RSVpupoX989uULU20=
-87,132,YSPBATMnU/y+V+uroQC2vw/IFxQ=,Rf2eUrH544RSVpupoX989uULU20=
-85,141,YSPBATMnU/y+V+uroQC2vw/IFxQ=,Rf2eUrH544RSVpupoX989uULU20=
-86,132,YSPBATMnU/y+V+uroQC2vw/IFxQ=,Rf2eUrH544RSVpupoX989uULU20=
-86,141,YSPBATMnU/y+V+uroQC2vw/IFxQ=,Rf2eUrH544RSVpupoX989uULU20=
-88,141,YSPBATMnU/y+V+uroQC2vw/IFxQ=,Rf2eUrH544RSVpupoX989uULU20=
-87,141,YSPBATMnU/y+V+uroQC2vw/IFxQ=,Rf2eUrH544RSVpupoX989uULU20=
-89,141,YSPBATMnU/y+V+uroQC2vw/IFxQ=,Rf2eUrH544RSVpupoX989uULU20=
-85,132,YSPBATMnU/y+V+uroQC2vw/IFxQ=,Rf2eUrH544RSVpupoX989uULU20=
-90,141,YSPBATMnU/y+V+uroQC2vw/IFxQ=,Rf2eUrH544RSVpupoX989uULU20=
-92,141,YSPBATMnU/y+V+uroQC2vw/IFxQ=,Rf2eUrH544RSVpupoX989uULU20=
-91,141,YSPBATMnU/y+V+uroQC2vw/IFxQ=,Rf2eUrH544RSVpupoX989uULU20=
-81,130,YSPBATMnU/y+V+uroQC2vw/IFxQ=,Rf2eUrH544RSVpupoX989uULU20=
-81,128,YSPBATMnU/y+V+uroQC2vw/IFxQ=,Rf2eUrH544RSVpupoX989uULU20=
-90,128,YSPBATMnU/y+V+uroQC2vw/IFxQ=,Rf2eUrH544RSVpupoX989uULU20=
-83,129,YSPBATMnU/y+V+uroQC2vw/IFxQ=,Rf2eUrH544RSVpupoX989uULU20=
-88,131,YSPBATMnU/y+V+uroQC2vw/IFxQ=,Rf2eUrH544RSVpupoX989uULU20=
-84,132,YSPBATMnU/y+V+uroQC2vw/IFxQ=,Rf2eUrH544RSVpupoX989uULU20=
-93,141,YSPBATMnU/y+V+uroQC2vw/IFxQ=,Rf2eUrH544RSVpupoX989uULU20=
-94,141,YSPBATMnU/y+V+uroQC2vw/IFxQ=,Rf2eUrH544RSVpupoX989uULU20=
-95,141,YSPBATMnU/y+V+uroQC2vw/IFxQ=,Rf2eUrH544RSVpupoX989uULU20=
-84,129,YSPBATMnU/y+V+uroQC2vw/IFxQ=,Rf2eUrH544RSVpupoX989uULU20=
-96,141,YSPBATMnU/y+V+uroQC2vw/IFxQ=,Rf2eUrH544RSVpupoX989uULU20=
-81,140,YSPBATMnU/y+V+uroQC2vw/IFxQ=,Rf2eUrH544RSVpupoX989uULU20=
-83,132,YSPBATMnU/y+V+uroQC2vw/IFxQ=,Rf2eUrH544RSVpupoX989uULU20=
-84,140,YSPBATMnU/y+V+uroQC2vw/IFxQ=,Rf2eUrH544RSVpupoX989uULU20=
-82,140,YSPBATMnU/y+V+uroQC2vw/IFxQ=,Rf2eUrH544RSVpupoX989uULU20=
-82,132,YSPBATMnU/y+V+uroQC2vw/IFxQ=,Rf2eUrH544RSVpupoX989uULU20=
-85,140,YSPBATMnU/y+V+uroQC2vw/IFxQ=,Rf2eUrH544RSVpupoX989uULU20=
-83,140,YSPBATMnU/y+V+uroQC2vw/IFxQ=,Rf2eUrH544RSVpupoX989uULU20=
-81,132,YSPBATMnU/y+V+uroQC2vw/IFxQ=,Rf2eUrH544RSVpupoX989uULU20=
-87,140,YSPBATMnU/y+V+uroQC2vw/IFxQ=,Rf2eUrH544RSVpupoX989uULU20=
-86,140,YSPBATMnU/y+V+uroQC2vw/IFxQ=,Rf2eUrH544RSVpupoX989uULU20=
-88,140,YSPBATMnU/y+V+uroQC2vw/IFxQ=,Rf2eUrH544RSVpupoX989uULU20=
-89,140,YSPBATMnU/y+V+uroQC2vw/IFxQ=,Rf2eUrH544RSVpupoX989uULU20=
-91,140,YSPBATMnU/y+V+uroQC2vw/IFxQ=,Rf2eUrH544RSVpupoX989uULU20=
-90,140,YSPBATMnU/y+V+uroQC2vw/IFxQ=,Rf2eUrH544RSVpupoX989uULU20=
-92,140,YSPBATMnU/y+V+uroQC2vw/IFxQ=,Rf2eUrH544RSVpupoX989uULU20=
-89,131,YSPBATMnU/y+V+uroQC2vw/IFxQ=,Rf2eUrH544RSVpupoX989uULU20=
-93,140,YSPBATMnU/y+V+uroQC2vw/IFxQ=,Rf2eUrH544RSVpupoX989uULU20=
-82,128,YSPBATMnU/y+V+uroQC2vw/IFxQ=,Rf2eUrH544RSVpupoX989uULU20=
-94,140,YSPBATMnU/y+V+uroQC2vw/IFxQ=,Rf2eUrH544RSVpupoX989uULU20=
-96,133,YSPBATMnU/y+V+uroQC2vw/IFxQ=,Rf2eUrH544RSVpupoX989uULU20=
-95,140,YSPBATMnU/y+V+uroQC2vw/IFxQ=,Rf2eUrH544RSVpupoX989uULU20=
-93,129,YSPBATMnU/y+V+uroQC2vw/IFxQ=,Rf2eUrH544RSVpupoX989uULU20=
-81,139,YSPBATMnU/y+V+uroQC2vw/IFxQ=,Rf2eUrH544RSVpupoX989uULU20=
-96,140,YSPBATMnU/y+V+uroQC2vw/IFxQ=,Rf2eUrH544RSVpupoX989uULU20=
-85,129,YSPBATMnU/y+V+uroQC2vw/IFxQ=,Rf2eUrH544RSVpupoX989uULU20=
-82,139,YSPBATMnU/y+V+uroQC2vw/IFxQ=,Rf2eUrH544RSVpupoX989uULU20=
-95,133,YSPBATMnU/y+V+uroQC2vw/IFxQ=,Rf2eUrH544RSVpupoX989uULU20=
-83,139,YSPBATMnU/y+V+uroQC2vw/IFxQ=,Rf2eUrH544RSVpupoX989uULU20=
-85,139,YSPBATMnU/y+V+uroQC2vw/IFxQ=,Rf2eUrH544RSVpupoX989uULU20=
-84,139,YSPBATMnU/y+V+uroQC2vw/IFxQ=,Rf2eUrH544RSVpupoX989uULU20=
-94,133,YSPBATMnU/y+V+uroQC2vw/IFxQ=,Rf2eUrH544RSVpupoX989uULU20=
-86,139,YSPBATMnU/y+V+uroQC2vw/IFxQ=,Rf2eUrH544RSVpupoX989uULU20=
-88,139,YSPBATMnU/y+V+uroQC2vw/IFxQ=,Rf2eUrH544RSVpupoX989uULU20=
-93,133,YSPBATMnU/y+V+uroQC2vw/IFxQ=,Rf2eUrH544RSVpupoX989uULU20=
-87,139,YSPBATMnU/y+V+uroQC2vw/IFxQ=,Rf2eUrH544RSVpupoX989uULU20=
-89,139,YSPBATMnU/y+V+uroQC2vw/IFxQ=,Rf2eUrH544RSVpupoX989uULU20=
-84,143,YSPBATMnU/y+V+uroQC2vw/IFxQ=,Rf2eUrH544RSVpupoX989uULU20=
-91,139,YSPBATMnU/y+V+uroQC2vw/IFxQ=,Rf2eUrH544RSVpupoX989uULU20=
-90,139,YSPBATMnU/y+V+uroQC2vw/IFxQ=,Rf2eUrH544RSVpupoX989uULU20=
-83,128,YSPBATMnU/y+V+uroQC2vw/IFxQ=,Rf2eUrH544RSVpupoX989uULU20=
-96,128,YSPBATMnU/y+V+uroQC2vw/IFxQ=,Rf2eUrH544RSVpupoX989uULU20=
-90,131,YSPBATMnU/y+V+uroQC2vw/IFxQ=,Rf2eUrH544RSVpupoX989uULU20=
-92,139,YSPBATMnU/y+V+uroQC2vw/IFxQ=,Rf2eUrH544RSVpupoX989uULU20=
-93,139,YSPBATMnU/y+V+uroQC2vw/IFxQ=,Rf2eUrH544RSVpupoX989uULU20=
-94,139,YSPBATMnU/y+V+uroQC2vw/IFxQ=,Rf2eUrH544RSVpupoX989uULU20=
-95,139,YSPBATMnU/y+V+uroQC2vw/IFxQ=,Rf2eUrH544RSVpupoX989uULU20=
-92,133,YSPBATMnU/y+V+uroQC2vw/IFxQ=,Rf2eUrH544RSVpupoX989uULU20=
-86,129,YSPBATMnU/y+V+uroQC2vw/IFxQ=,Rf2eUrH544RSVpupoX989uULU20=
-96,139,YSPBATMnU/y+V+uroQC2vw/IFxQ=,Rf2eUrH544RSVpupoX989uULU20=
-82,138,YSPBATMnU/y+V+uroQC2vw/IFxQ=,Rf2eUrH544RSVpupoX989uULU20=
-81,138,YSPBATMnU/y+V+uroQC2vw/IFxQ=,Rf2eUrH544RSVpupoX989uULU20=
-83,138,YSPBATMnU/y+V+uroQC2vw/IFxQ=,Rf2eUrH544RSVpupoX989uULU20=
-91,133,YSPBATMnU/y+V+uroQC2vw/IFxQ=,Rf2eUrH544RSVpupoX989uULU20=
-84,138,YSPBATMnU/y+V+uroQC2vw/IFxQ=,Rf2eUrH544RSVpupoX989uULU20=
-85,138,YSPBATMnU/y+V+uroQC2vw/IFxQ=,Rf2eUrH544RSVpupoX989uULU20=
-86,138,YSPBATMnU/y+V+uroQC2vw/IFxQ=,Rf2eUrH544RSVpupoX989uULU20=
-87,138,YSPBATMnU/y+V+uroQC2vw/IFxQ=,Rf2eUrH544RSVpupoX989uULU20=
-90,133,YSPBATMnU/y+V+uroQC2vw/IFxQ=,Rf2eUrH544RSVpupoX989uULU20=
-88,138,YSPBATMnU/y+V+uroQC2vw/IFxQ=,Rf2eUrH544RSVpupoX989uULU20=
-84,128,YSPBATMnU/y+V+uroQC2vw/IFxQ=,Rf2eUrH544RSVpupoX989uULU20=
-90,138,YSPBATMnU/y+V+uroQC2vw/IFxQ=,Rf2eUrH544RSVpupoX989uULU20=
-89,133,YSPBATMnU/y+V+uroQC2vw/IFxQ=,Rf2eUrH544RSVpupoX989uULU20=
-89,138,YSPBATMnU/y+V+uroQC2vw/IFxQ=,Rf2eUrH544RSVpupoX989uULU20=
-91,131,YSPBATMnU/y+V+uroQC2vw/IFxQ=,Rf2eUrH544RSVpupoX989uULU20=
-92,138,YSPBATMnU/y+V+uroQC2vw/IFxQ=,Rf2eUrH544RSVpupoX989uULU20=
-91,138,YSPBATMnU/y+V+uroQC2vw/IFxQ=,Rf2eUrH544RSVpupoX989uULU20=
-93,138,YSPBATMnU/y+V+uroQC2vw/IFxQ=,Rf2eUrH544RSVpupoX989uULU20=
-95,138,YSPBATMnU/y+V+uroQC2vw/IFxQ=,Rf2eUrH544RSVpupoX989uULU20=
-96,138,YSPBATMnU/y+V+uroQC2vw/IFxQ=,Rf2eUrH544RSVpupoX989uULU20=
-88,133,YSPBATMnU/y+V+uroQC2vw/IFxQ=,Rf2eUrH544RSVpupoX989uULU20=
-87,129,YSPBATMnU/y+V+uroQC2vw/IFxQ=,Rf2eUrH544RSVpupoX989uULU20=
-87,133,YSPBATMnU/y+V+uroQC2vw/IFxQ=,Rf2eUrH544RSVpupoX989uULU20=
-94,138,YSPBATMnU/y+V+uroQC2vw/IFxQ=,Rf2eUrH544RSVpupoX989uULU20=
-81,137,YSPBATMnU/y+V+uroQC2vw/IFxQ=,Rf2eUrH544RSVpupoX989uULU20=
-82,137,YSPBATMnU/y+V+uroQC2vw/IFxQ=,Rf2eUrH544RSVpupoX989uULU20=
-83,137,YSPBATMnU/y+V+uroQC2vw/IFxQ=,Rf2eUrH544RSVpupoX989uULU20=
-84,137,YSPBATMnU/y+V+uroQC2vw/IFxQ=,Rf2eUrH544RSVpupoX989uULU20=
-86,133,YSPBATMnU/y+V+uroQC2vw/IFxQ=,Rf2eUrH544RSVpupoX989uULU20=
-86,137,YSPBATMnU/y+V+uroQC2vw/IFxQ=,Rf2eUrH544RSVpupoX989uULU20=
-88,137,YSPBATMnU/y+V+uroQC2vw/IFxQ=,Rf2eUrH544RSVpupoX989uULU20=
-87,137,YSPBATMnU/y+V+uroQC2vw/IFxQ=,Rf2eUrH544RSVpupoX989uULU20=
-85,137,YSPBATMnU/y+V+uroQC2vw/IFxQ=,Rf2eUrH544RSVpupoX989uULU20=
-85,128,YSPBATMnU/y+V+uroQC2vw/IFxQ=,Rf2eUrH544RSVpupoX989uULU20=
-96,131,YSPBATMnU/y+V+uroQC2vw/IFxQ=,Rf2eUrH544RSVpupoX989uULU20=
-92,131,YSPBATMnU/y+V+uroQC2vw/IFxQ=,Rf2eUrH544RSVpupoX989uULU20=
-89,137,YSPBATMnU/y+V+uroQC2vw/IFxQ=,Rf2eUrH544RSVpupoX989uULU20=
-92,137,YSPBATMnU/y+V+uroQC2vw/IFxQ=,Rf2eUrH544RSVpupoX989uULU20=
-92,129,YSPBATMnU/y+V+uroQC2vw/IFxQ=,Rf2eUrH544RSVpupoX989uULU20=
-90,137,YSPBATMnU/y+V+uroQC2vw/IFxQ=,Rf2eUrH544RSVpupoX989uULU20=
-91,137,YSPBATMnU/y+V+uroQC2vw/IFxQ=,Rf2eUrH544RSVpupoX989uULU20=
-94,137,YSPBATMnU/y+V+uroQC2vw/IFxQ=,Rf2eUrH544RSVpupoX989uULU20=
-93,137,YSPBATMnU/y+V+uroQC2vw/IFxQ=,Rf2eUrH544RSVpupoX989uULU20=
-95,137,YSPBATMnU/y+V+uroQC2vw/IFxQ=,Rf2eUrH544RSVpupoX989uULU20=
-89,128,YSPBATMnU/y+V+uroQC2vw/IFxQ=,Rf2eUrH544RSVpupoX989uULU20=
-81,136,YSPBATMnU/y+V+uroQC2vw/IFxQ=,Rf2eUrH544RSVpupoX989uULU20=
-96,137,YSPBATMnU/y+V+uroQC2vw/IFxQ=,Rf2eUrH544RSVpupoX989uULU20=
-88,129,YSPBATMnU/y+V+uroQC2vw/IFxQ=,Rf2eUrH544RSVpupoX989uULU20=
-85,133,YSPBATMnU/y+V+uroQC2vw/IFxQ=,Rf2eUrH544RSVpupoX989uULU20=
-82,136,YSPBATMnU/y+V+uroQC2vw/IFxQ=,Rf2eUrH544RSVpupoX989uULU20=
-83,136,YSPBATMnU/y+V+uroQC2vw/IFxQ=,Rf2eUrH544RSVpupoX989uULU20=
-84,136,YSPBATMnU/y+V+uroQC2vw/IFxQ=,Rf2eUrH544RSVpupoX989uULU20=
-86,136,YSPBATMnU/y+V+uroQC2vw/IFxQ=,Rf2eUrH544RSVpupoX989uULU20=
-85,136,YSPBATMnU/y+V+uroQC2vw/IFxQ=,Rf2eUrH544RSVpupoX989uULU20=
-88,136,YSPBATMnU/y+V+uroQC2vw/IFxQ=,Rf2eUrH544RSVpupoX989uULU20=
-86,128,YSPBATMnU/y+V+uroQC2vw/IFxQ=,Rf2eUrH544RSVpupoX989uULU20=
-87,136,YSPBATMnU/y+V+uroQC2vw/IFxQ=,Rf2eUrH544RSVpupoX989uULU20=
-93,131,YSPBATMnU/y+V+uroQC2vw/IFxQ=,Rf2eUrH544RSVpupoX989uULU20=
-90,136,YSPBATMnU/y+V+uroQC2vw/IFxQ=,Rf2eUrH544RSVpupoX989uULU20=
-84,133,YSPBATMnU/y+V+uroQC2vw/IFxQ=,Rf2eUrH544RSVpupoX989uULU20=
-89,136,YSPBATMnU/y+V+uroQC2vw/IFxQ=,Rf2eUrH544RSVpupoX989uULU20=
-91,136,YSPBATMnU/y+V+uroQC2vw/IFxQ=,Rf2eUrH544RSVpupoX989uULU20=
-92,136,YSPBATMnU/y+V+uroQC2vw/IFxQ=,Rf2eUrH544RSVpupoX989uULU20=
-93,136,YSPBATMnU/y+V+uroQC2vw/IFxQ=,Rf2eUrH544RSVpupoX989uULU20=
-83,133,YSPBATMnU/y+V+uroQC2vw/IFxQ=,Rf2eUrH544RSVpupoX989uULU20=
-94,136,YSPBATMnU/y+V+uroQC2vw/IFxQ=,Rf2eUrH544RSVpupoX989uULU20=
-95,136,YSPBATMnU/y+V+uroQC2vw/IFxQ=,Rf2eUrH544RSVpupoX989uULU20=
-89,129,YSPBATMnU/y+V+uroQC2vw/IFxQ=,Rf2eUrH544RSVpupoX989uULU20=
-81,135,YSPBATMnU/y+V+uroQC2vw/IFxQ=,Rf2eUrH544RSVpupoX989uULU20=
-82,135,YSPBATMnU/y+V+uroQC2vw/IFxQ=,Rf2eUrH544RSVpupoX989uULU20=
-82,133,YSPBATMnU/y+V+uroQC2vw/IFxQ=,Rf2eUrH544RSVpupoX989uULU20=
-96,136,YSPBATMnU/y+V+uroQC2vw/IFxQ=,Rf2eUrH544RSVpupoX989uULU20=
-84,135,YSPBATMnU/y+V+uroQC2vw/IFxQ=,Rf2eUrH544RSVpupoX989uULU20=
-85,135,YSPBATMnU/y+V+uroQC2vw/IFxQ=,Rf2eUrH544RSVpupoX989uULU20=
-83,135,YSPBATMnU/y+V+uroQC2vw/IFxQ=,Rf2eUrH544RSVpupoX989uULU20=
-86,135,YSPBATMnU/y+V+uroQC2vw/IFxQ=,Rf2eUrH544RSVpupoX989uULU20=
-87,135,YSPBATMnU/y+V+uroQC2vw/IFxQ=,Rf2eUrH544RSVpupoX989uULU20=
-87,128,YSPBATMnU/y+V+uroQC2vw/IFxQ=,Rf2eUrH544RSVpupoX989uULU20=
-81,133,YSPBATMnU/y+V+uroQC2vw/IFxQ=,Rf2eUrH544RSVpupoX989uULU20=
-94,131,YSPBATMnU/y+V+uroQC2vw/IFxQ=,Rf2eUrH544RSVpupoX989uULU20=
-88,135,YSPBATMnU/y+V+uroQC2vw/IFxQ=,Rf2eUrH544RSVpupoX989uULU20=
-89,135,YSPBATMnU/y+V+uroQC2vw/IFxQ=,Rf2eUrH544RSVpupoX989uULU20=
-90,135,YSPBATMnU/y+V+uroQC2vw/IFxQ=,Rf2eUrH544RSVpupoX989uULU20=
-91,129,YSPBATMnU/y+V+uroQC2vw/IFxQ=,Rf2eUrH544RSVpupoX989uULU20=
-91,135,YSPBATMnU/y+V+uroQC2vw/IFxQ=,Rf2eUrH544RSVpupoX989uULU20=
-92,135,YSPBATMnU/y+V+uroQC2vw/IFxQ=,Rf2eUrH544RSVpupoX989uULU20=
-93,135,YSPBATMnU/y+V+uroQC2vw/IFxQ=,Rf2eUrH544RSVpupoX989uULU20=
-96,134,YSPBATMnU/y+V+uroQC2vw/IFxQ=,Rf2eUrH544RSVpupoX989uULU20=
-94,135,YSPBATMnU/y+V+uroQC2vw/IFxQ=,Rf2eUrH544RSVpupoX989uULU20=
-90,129,YSPBATMnU/y+V+uroQC2vw/IFxQ=,Rf2eUrH544RSVpupoX989uULU20=
-95,135,YSPBATMnU/y+V+uroQC2vw/IFxQ=,Rf2eUrH544RSVpupoX989uULU20=
-96,135,YSPBATMnU/y+V+uroQC2vw/IFxQ=,Rf2eUrH544RSVpupoX989uULU20=
-81,134,YSPBATMnU/y+V+uroQC2vw/IFxQ=,Rf2eUrH544RSVpupoX989uULU20=
-82,134,YSPBATMnU/y+V+uroQC2vw/IFxQ=,Rf2eUrH544RSVpupoX989uULU20=
-83,134,YSPBATMnU/y+V+uroQC2vw/IFxQ=,Rf2eUrH544RSVpupoX989uULU20=
-95,134,YSPBATMnU/y+V+uroQC2vw/IFxQ=,Rf2eUrH544RSVpupoX989uULU20=
-84,134,YSPBATMnU/y+V+uroQC2vw/IFxQ=,Rf2eUrH544RSVpupoX989uULU20=
-85,134,YSPBATMnU/y+V+uroQC2vw/IFxQ=,Rf2eUrH544RSVpupoX989uULU20=
-94,134,YSPBATMnU/y+V+uroQC2vw/IFxQ=,Rf2eUrH544RSVpupoX989uULU20=
-88,128,YSPBATMnU/y+V+uroQC2vw/IFxQ=,Rf2eUrH544RSVpupoX989uULU20=
-93,134,YSPBATMnU/y+V+uroQC2vw/IFxQ=,Rf2eUrH544RSVpupoX989uULU20=
-87,134,YSPBATMnU/y+V+uroQC2vw/IFxQ=,Rf2eUrH544RSVpupoX989uULU20=
-88,134,YSPBATMnU/y+V+uroQC2vw/IFxQ=,Rf2eUrH544RSVpupoX989uULU20=
-86,134,YSPBATMnU/y+V+uroQC2vw/IFxQ=,Rf2eUrH544RSVpupoX989uULU20=
-89,134,YSPBATMnU/y+V+uroQC2vw/IFxQ=,Rf2eUrH544RSVpupoX989uULU20=
-87,143,YSPBATMnU/y+V+uroQC2vw/IFxQ=,Rf2eUrH544RSVpupoX989uULU20=
-92,134,YSPBATMnU/y+V+uroQC2vw/IFxQ=,Rf2eUrH544RSVpupoX989uULU20=
-90,134,YSPBATMnU/y+V+uroQC2vw/IFxQ=,Rf2eUrH544RSVpupoX989uULU20=
-95,131,YSPBATMnU/y+V+uroQC2vw/IFxQ=,Rf2eUrH544RSVpupoX989uULU20=
-91,134,YSPBATMnU/y+V+uroQC2vw/IFxQ=,Rf2eUrH544RSVpupoX989uULU20=
-88,143,YSPBATMnU/y+V+uroQC2vw/IFxQ=,Rf2eUrH544RSVpupoX989uULU20=
-83,143,YSPBATMnU/y+V+uroQC2vw/IFxQ=,Rf2eUrH544RSVpupoX989uULU20=
-89,143,YSPBATMnU/y+V+uroQC2vw/IFxQ=,Rf2eUrH544RSVpupoX989uULU20=
-93,144,YSPBATMnU/y+V+uroQC2vw/IFxQ=,H1ltPZRPmygWEtS/LN3wTlcc73o=
-82,159,YSPBATMnU/y+V+uroQC2vw/IFxQ=,H1ltPZRPmygWEtS/LN3wTlcc73o=
-86,159,YSPBATMnU/y+V+uroQC2vw/IFxQ=,H1ltPZRPmygWEtS/LN3wTlcc73o=
-87,159,YSPBATMnU/y+V+uroQC2vw/IFxQ=,H1ltPZRPmygWEtS/LN3wTlcc73o=
-88,159,YSPBATMnU/y+V+uroQC2vw/IFxQ=,H1ltPZRPmygWEtS/LN3wTlcc73o=
-89,159,YSPBATMnU/y+V+uroQC2vw/IFxQ=,H1ltPZRPmygWEtS/LN3wTlcc73o=
-90,159,YSPBATMnU/y+V+uroQC2vw/IFxQ=,H1ltPZRPmygWEtS/LN3wTlcc73o=
-91,159,YSPBATMnU/y+V+uroQC2vw/IFxQ=,H1ltPZRPmygWEtS/LN3wTlcc73o=
-93,159,YSPBATMnU/y+V+uroQC2vw/IFxQ=,H1ltPZRPmygWEtS/LN3wTlcc73o=
-92,159,YSPBATMnU/y+V+uroQC2vw/IFxQ=,H1ltPZRPmygWEtS/LN3wTlcc73o=
-94,159,YSPBATMnU/y+V+uroQC2vw/IFxQ=,H1ltPZRPmygWEtS/LN3wTlcc73o=
-95,145,YSPBATMnU/y+V+uroQC2vw/IFxQ=,H1ltPZRPmygWEtS/LN3wTlcc73o=
-95,159,YSPBATMnU/y+V+uroQC2vw/IFxQ=,H1ltPZRPmygWEtS/LN3wTlcc73o=
-83,146,YSPBATMnU/y+V+uroQC2vw/IFxQ=,H1ltPZRPmygWEtS/LN3wTlcc73o=
-82,146,YSPBATMnU/y+V+uroQC2vw/IFxQ=,H1ltPZRPmygWEtS/LN3wTlcc73o=
-81,146,YSPBATMnU/y+V+uroQC2vw/IFxQ=,H1ltPZRPmygWEtS/LN3wTlcc73o=
-96,147,YSPBATMnU/y+V+uroQC2vw/IFxQ=,H1ltPZRPmygWEtS/LN3wTlcc73o=
-95,147,YSPBATMnU/y+V+uroQC2vw/IFxQ=,H1ltPZRPmygWEtS/LN3wTlcc73o=
-94,147,YSPBATMnU/y+V+uroQC2vw/IFxQ=,H1ltPZRPmygWEtS/LN3wTlcc73o=
-96,146,YSPBATMnU/y+V+uroQC2vw/IFxQ=,H1ltPZRPmygWEtS/LN3wTlcc73o=
-92,144,YSPBATMnU/y+V+uroQC2vw/IFxQ=,H1ltPZRPmygWEtS/LN3wTlcc73o=
-93,147,YSPBATMnU/y+V+uroQC2vw/IFxQ=,H1ltPZRPmygWEtS/LN3wTlcc73o=
-92,147,YSPBATMnU/y+V+uroQC2vw/IFxQ=,H1ltPZRPmygWEtS/LN3wTlcc73o=
-85,159,YSPBATMnU/y+V+uroQC2vw/IFxQ=,H1ltPZRPmygWEtS/LN3wTlcc73o=
-81,145,YSPBATMnU/y+V+uroQC2vw/IFxQ=,H1ltPZRPmygWEtS/LN3wTlcc73o=
-82,145,YSPBATMnU/y+V+uroQC2vw/IFxQ=,H1ltPZRPmygWEtS/LN3wTlcc73o=
-83,145,YSPBATMnU/y+V+uroQC2vw/IFxQ=,H1ltPZRPmygWEtS/LN3wTlcc73o=
-85,145,YSPBATMnU/y+V+uroQC2vw/IFxQ=,H1ltPZRPmygWEtS/LN3wTlcc73o=
-84,145,YSPBATMnU/y+V+uroQC2vw/IFxQ=,H1ltPZRPmygWEtS/LN3wTlcc73o=
-91,145,YSPBATMnU/y+V+uroQC2vw/IFxQ=,H1ltPZRPmygWEtS/LN3wTlcc73o=
-92,145,YSPBATMnU/y+V+uroQC2vw/IFxQ=,H1ltPZRPmygWEtS/LN3wTlcc73o=
-96,159,YSPBATMnU/y+V+uroQC2vw/IFxQ=,H1ltPZRPmygWEtS/LN3wTlcc73o=
-84,159,YSPBATMnU/y+V+uroQC2vw/IFxQ=,H1ltPZRPmygWEtS/LN3wTlcc73o=
-93,145,YSPBATMnU/y+V+uroQC2vw/IFxQ=,H1ltPZRPmygWEtS/LN3wTlcc73o=
-94,145,YSPBATMnU/y+V+uroQC2vw/IFxQ=,H1ltPZRPmygWEtS/LN3wTlcc73o=
-82,158,YSPBATMnU/y+V+uroQC2vw/IFxQ=,H1ltPZRPmygWEtS/LN3wTlcc73o=
-94,144,YSPBATMnU/y+V+uroQC2vw/IFxQ=,H1ltPZRPmygWEtS/LN3wTlcc73o=
-86,145,YSPBATMnU/y+V+uroQC2vw/IFxQ=,H1ltPZRPmygWEtS/LN3wTlcc73o=
-84,146,YSPBATMnU/y+V+uroQC2vw/IFxQ=,H1ltPZRPmygWEtS/LN3wTlcc73o=
-87,145,YSPBATMnU/y+V+uroQC2vw/IFxQ=,H1ltPZRPmygWEtS/LN3wTlcc73o=
-81,159,YSPBATMnU/y+V+uroQC2vw/IFxQ=,H1ltPZRPmygWEtS/LN3wTlcc73o=
-86,158,YSPBATMnU/y+V+uroQC2vw/IFxQ=,H1ltPZRPmygWEtS/LN3wTlcc73o=
-87,158,YSPBATMnU/y+V+uroQC2vw/IFxQ=,H1ltPZRPmygWEtS/LN3wTlcc73o=
-88,158,YSPBATMnU/y+V+uroQC2vw/IFxQ=,H1ltPZRPmygWEtS/LN3wTlcc73o=
-89,158,YSPBATMnU/y+V+uroQC2vw/IFxQ=,H1ltPZRPmygWEtS/LN3wTlcc73o=
-90,158,YSPBATMnU/y+V+uroQC2vw/IFxQ=,H1ltPZRPmygWEtS/LN3wTlcc73o=
-91,158,YSPBATMnU/y+V+uroQC2vw/IFxQ=,H1ltPZRPmygWEtS/LN3wTlcc73o=
-92,158,YSPBATMnU/y+V+uroQC2vw/IFxQ=,H1ltPZRPmygWEtS/LN3wTlcc73o=
-93,158,YSPBATMnU/y+V+uroQC2vw/IFxQ=,H1ltPZRPmygWEtS/LN3wTlcc73o=
-94,158,YSPBATMnU/y+V+uroQC2vw/IFxQ=,H1ltPZRPmygWEtS/LN3wTlcc73o=
-95,158,YSPBATMnU/y+V+uroQC2vw/IFxQ=,H1ltPZRPmygWEtS/LN3wTlcc73o=
-84,158,YSPBATMnU/y+V+uroQC2vw/IFxQ=,H1ltPZRPmygWEtS/LN3wTlcc73o=
-96,158,YSPBATMnU/y+V+uroQC2vw/IFxQ=,H1ltPZRPmygWEtS/LN3wTlcc73o=
-96,145,YSPBATMnU/y+V+uroQC2vw/IFxQ=,H1ltPZRPmygWEtS/LN3wTlcc73o=
-82,157,YSPBATMnU/y+V+uroQC2vw/IFxQ=,H1ltPZRPmygWEtS/LN3wTlcc73o=
-83,158,YSPBATMnU/y+V+uroQC2vw/IFxQ=,H1ltPZRPmygWEtS/LN3wTlcc73o=
-83,157,YSPBATMnU/y+V+uroQC2vw/IFxQ=,H1ltPZRPmygWEtS/LN3wTlcc73o=
-91,147,YSPBATMnU/y+V+uroQC2vw/IFxQ=,H1ltPZRPmygWEtS/LN3wTlcc73o=
-81,158,YSPBATMnU/y+V+uroQC2vw/IFxQ=,H1ltPZRPmygWEtS/LN3wTlcc73o=
-83,159,YSPBATMnU/y+V+uroQC2vw/IFxQ=,H1ltPZRPmygWEtS/LN3wTlcc73o=
-81,157,YSPBATMnU/y+V+uroQC2vw/IFxQ=,H1ltPZRPmygWEtS/LN3wTlcc73o=
-85,146,YSPBATMnU/y+V+uroQC2vw/IFxQ=,H1ltPZRPmygWEtS/LN3wTlcc73o=
-84,157,YSPBATMnU/y+V+uroQC2vw/IFxQ=,H1ltPZRPmygWEtS/LN3wTlcc73o=
-88,157,YSPBATMnU/y+V+uroQC2vw/IFxQ=,H1ltPZRPmygWEtS/LN3wTlcc73o=
-89,157,YSPBATMnU/y+V+uroQC2vw/IFxQ=,H1ltPZRPmygWEtS/LN3wTlcc73o=
-90,157,YSPBATMnU/y+V+uroQC2vw/IFxQ=,H1ltPZRPmygWEtS/LN3wTlcc73o=
-91,157,YSPBATMnU/y+V+uroQC2vw/IFxQ=,H1ltPZRPmygWEtS/LN3wTlcc73o=
-92,157,YSPBATMnU/y+V+uroQC2vw/IFxQ=,H1ltPZRPmygWEtS/LN3wTlcc73o=
-93,157,YSPBATMnU/y+V+uroQC2vw/IFxQ=,H1ltPZRPmygWEtS/LN3wTlcc73o=
-94,157,YSPBATMnU/y+V+uroQC2vw/IFxQ=,H1ltPZRPmygWEtS/LN3wTlcc73o=
-95,144,YSPBATMnU/y+V+uroQC2vw/IFxQ=,H1ltPZRPmygWEtS/LN3wTlcc73o=
-95,157,YSPBATMnU/y+V+uroQC2vw/IFxQ=,H1ltPZRPmygWEtS/LN3wTlcc73o=
-96,157,YSPBATMnU/y+V+uroQC2vw/IFxQ=,H1ltPZRPmygWEtS/LN3wTlcc73o=
-89,145,YSPBATMnU/y+V+uroQC2vw/IFxQ=,H1ltPZRPmygWEtS/LN3wTlcc73o=
-82,156,YSPBATMnU/y+V+uroQC2vw/IFxQ=,H1ltPZRPmygWEtS/LN3wTlcc73o=
-83,156,YSPBATMnU/y+V+uroQC2vw/IFxQ=,H1ltPZRPmygWEtS/LN3wTlcc73o=
-86,157,YSPBATMnU/y+V+uroQC2vw/IFxQ=,H1ltPZRPmygWEtS/LN3wTlcc73o=
-88,145,YSPBATMnU/y+V+uroQC2vw/IFxQ=,H1ltPZRPmygWEtS/LN3wTlcc73o=
-85,158,YSPBATMnU/y+V+uroQC2vw/IFxQ=,H1ltPZRPmygWEtS/LN3wTlcc73o=
-90,145,YSPBATMnU/y+V+uroQC2vw/IFxQ=,H1ltPZRPmygWEtS/LN3wTlcc73o=
-85,157,YSPBATMnU/y+V+uroQC2vw/IFxQ=,H1ltPZRPmygWEtS/LN3wTlcc73o=
-81,156,YSPBATMnU/y+V+uroQC2vw/IFxQ=,H1ltPZRPmygWEtS/LN3wTlcc73o=
-86,146,YSPBATMnU/y+V+uroQC2vw/IFxQ=,H1ltPZRPmygWEtS/LN3wTlcc73o=
-90,147,YSPBATMnU/y+V+uroQC2vw/IFxQ=,H1ltPZRPmygWEtS/LN3wTlcc73o=
-85,156,YSPBATMnU/y+V+uroQC2vw/IFxQ=,H1ltPZRPmygWEtS/LN3wTlcc73o=
-90,156,YSPBATMnU/y+V+uroQC2vw/IFxQ=,H1ltPZRPmygWEtS/LN3wTlcc73o=
-91,156,YSPBATMnU/y+V+uroQC2vw/IFxQ=,H1ltPZRPmygWEtS/LN3wTlcc73o=
-81,144,YSPBATMnU/y+V+uroQC2vw/IFxQ=,H1ltPZRPmygWEtS/LN3wTlcc73o=
-92,156,YSPBATMnU/y+V+uroQC2vw/IFxQ=,H1ltPZRPmygWEtS/LN3wTlcc73o=
-93,156,YSPBATMnU/y+V+uroQC2vw/IFxQ=,H1ltPZRPmygWEtS/LN3wTlcc73o=
-94,156,YSPBATMnU/y+V+uroQC2vw/IFxQ=,H1ltPZRPmygWEtS/LN3wTlcc73o=
-95,156,YSPBATMnU/y+V+uroQC2vw/IFxQ=,H1ltPZRPmygWEtS/LN3wTlcc73o=
-96,156,YSPBATMnU/y+V+uroQC2vw/IFxQ=,H1ltPZRPmygWEtS/LN3wTlcc73o=
-81,155,YSPBATMnU/y+V+uroQC2vw/IFxQ=,H1ltPZRPmygWEtS/LN3wTlcc73o=
-82,155,YSPBATMnU/y+V+uroQC2vw/IFxQ=,H1ltPZRPmygWEtS/LN3wTlcc73o=
-83,155,YSPBATMnU/y+V+uroQC2vw/IFxQ=,H1ltPZRPmygWEtS/LN3wTlcc73o=
-82,144,YSPBATMnU/y+V+uroQC2vw/IFxQ=,H1ltPZRPmygWEtS/LN3wTlcc73o=
-83,144,YSPBATMnU/y+V+uroQC2vw/IFxQ=,H1ltPZRPmygWEtS/LN3wTlcc73o=
-84,155,YSPBATMnU/y+V+uroQC2vw/IFxQ=,H1ltPZRPmygWEtS/LN3wTlcc73o=
-85,155,YSPBATMnU/y+V+uroQC2vw/IFxQ=,H1ltPZRPmygWEtS/LN3wTlcc73o=
-87,146,YSPBATMnU/y+V+uroQC2vw/IFxQ=,H1ltPZRPmygWEtS/LN3wTlcc73o=
-86,156,YSPBATMnU/y+V+uroQC2vw/IFxQ=,H1ltPZRPmygWEtS/LN3wTlcc73o=
-84,156,YSPBATMnU/y+V+uroQC2vw/IFxQ=,H1ltPZRPmygWEtS/LN3wTlcc73o=
-91,155,YSPBATMnU/y+V+uroQC2vw/IFxQ=,H1ltPZRPmygWEtS/LN3wTlcc73o=
-92,155,YSPBATMnU/y+V+uroQC2vw/IFxQ=,H1ltPZRPmygWEtS/LN3wTlcc73o=
-93,155,YSPBATMnU/y+V+uroQC2vw/IFxQ=,H1ltPZRPmygWEtS/LN3wTlcc73o=
-94,155,YSPBATMnU/y+V+uroQC2vw/IFxQ=,H1ltPZRPmygWEtS/LN3wTlcc73o=
-95,155,YSPBATMnU/y+V+uroQC2vw/IFxQ=,H1ltPZRPmygWEtS/LN3wTlcc73o=
-96,155,YSPBATMnU/y+V+uroQC2vw/IFxQ=,H1ltPZRPmygWEtS/LN3wTlcc73o=
-87,155,YSPBATMnU/y+V+uroQC2vw/IFxQ=,H1ltPZRPmygWEtS/LN3wTlcc73o=
-82,154,YSPBATMnU/y+V+uroQC2vw/IFxQ=,H1ltPZRPmygWEtS/LN3wTlcc73o=
-83,154,YSPBATMnU/y+V+uroQC2vw/IFxQ=,H1ltPZRPmygWEtS/LN3wTlcc73o=
-84,154,YSPBATMnU/y+V+uroQC2vw/IFxQ=,H1ltPZRPmygWEtS/LN3wTlcc73o=
-86,155,YSPBATMnU/y+V+uroQC2vw/IFxQ=,H1ltPZRPmygWEtS/LN3wTlcc73o=
-84,144,YSPBATMnU/y+V+uroQC2vw/IFxQ=,H1ltPZRPmygWEtS/LN3wTlcc73o=
-86,154,YSPBATMnU/y+V+uroQC2vw/IFxQ=,H1ltPZRPmygWEtS/LN3wTlcc73o=
-87,156,YSPBATMnU/y+V+uroQC2vw/IFxQ=,H1ltPZRPmygWEtS/LN3wTlcc73o=
-87,154,YSPBATMnU/y+V+uroQC2vw/IFxQ=,H1ltPZRPmygWEtS/LN3wTlcc73o=
-87,157,YSPBATMnU/y+V+uroQC2vw/IFxQ=,H1ltPZRPmygWEtS/LN3wTlcc73o=
-81,154,YSPBATMnU/y+V+uroQC2vw/IFxQ=,H1ltPZRPmygWEtS/LN3wTlcc73o=
-88,155,YSPBATMnU/y+V+uroQC2vw/IFxQ=,H1ltPZRPmygWEtS/LN3wTlcc73o=
-91,154,YSPBATMnU/y+V+uroQC2vw/IFxQ=,H1ltPZRPmygWEtS/LN3wTlcc73o=
-92,154,YSPBATMnU/y+V+uroQC2vw/IFxQ=,H1ltPZRPmygWEtS/LN3wTlcc73o=
-93,154,YSPBATMnU/y+V+uroQC2vw/IFxQ=,H1ltPZRPmygWEtS/LN3wTlcc73o=
-94,154,YSPBATMnU/y+V+uroQC2vw/IFxQ=,H1ltPZRPmygWEtS/LN3wTlcc73o=
-95,154,YSPBATMnU/y+V+uroQC2vw/IFxQ=,H1ltPZRPmygWEtS/LN3wTlcc73o=
-96,154,YSPBATMnU/y+V+uroQC2vw/IFxQ=,H1ltPZRPmygWEtS/LN3wTlcc73o=
-88,146,YSPBATMnU/y+V+uroQC2vw/IFxQ=,H1ltPZRPmygWEtS/LN3wTlcc73o=
-85,154,YSPBATMnU/y+V+uroQC2vw/IFxQ=,H1ltPZRPmygWEtS/LN3wTlcc73o=
-83,153,YSPBATMnU/y+V+uroQC2vw/IFxQ=,H1ltPZRPmygWEtS/LN3wTlcc73o=
-84,153,YSPBATMnU/y+V+uroQC2vw/IFxQ=,H1ltPZRPmygWEtS/LN3wTlcc73o=
-85,153,YSPBATMnU/y+V+uroQC2vw/IFxQ=,H1ltPZRPmygWEtS/LN3wTlcc73o=
-86,153,YSPBATMnU/y+V+uroQC2vw/IFxQ=,H1ltPZRPmygWEtS/LN3wTlcc73o=
-81,153,YSPBATMnU/y+V+uroQC2vw/IFxQ=,H1ltPZRPmygWEtS/LN3wTlcc73o=
-87,153,YSPBATMnU/y+V+uroQC2vw/IFxQ=,H1ltPZRPmygWEtS/LN3wTlcc73o=
-89,156,YSPBATMnU/y+V+uroQC2vw/IFxQ=,H1ltPZRPmygWEtS/LN3wTlcc73o=
-82,153,YSPBATMnU/y+V+uroQC2vw/IFxQ=,H1ltPZRPmygWEtS/LN3wTlcc73o=
-88,153,YSPBATMnU/y+V+uroQC2vw/IFxQ=,H1ltPZRPmygWEtS/LN3wTlcc73o=
-88,156,YSPBATMnU/y+V+uroQC2vw/IFxQ=,H1ltPZRPmygWEtS/LN3wTlcc73o=
-89,147,YSPBATMnU/y+V+uroQC2vw/IFxQ=,H1ltPZRPmygWEtS/LN3wTlcc73o=
-89,154,YSPBATMnU/y+V+uroQC2vw/IFxQ=,H1ltPZRPmygWEtS/LN3wTlcc73o=
-92,153,YSPBATMnU/y+V+uroQC2vw/IFxQ=,H1ltPZRPmygWEtS/LN3wTlcc73o=
-93,153,YSPBATMnU/y+V+uroQC2vw/IFxQ=,H1ltPZRPmygWEtS/LN3wTlcc73o=
-94,153,YSPBATMnU/y+V+uroQC2vw/IFxQ=,H1ltPZRPmygWEtS/LN3wTlcc73o=
-95,153,YSPBATMnU/y+V+uroQC2vw/IFxQ=,H1ltPZRPmygWEtS/LN3wTlcc73o=
-88,154,YSPBATMnU/y+V+uroQC2vw/IFxQ=,H1ltPZRPmygWEtS/LN3wTlcc73o=
-96,153,YSPBATMnU/y+V+uroQC2vw/IFxQ=,H1ltPZRPmygWEtS/LN3wTlcc73o=
-82,152,YSPBATMnU/y+V+uroQC2vw/IFxQ=,H1ltPZRPmygWEtS/LN3wTlcc73o=
-83,152,YSPBATMnU/y+V+uroQC2vw/IFxQ=,H1ltPZRPmygWEtS/LN3wTlcc73o=
-84,152,YSPBATMnU/y+V+uroQC2vw/IFxQ=,H1ltPZRPmygWEtS/LN3wTlcc73o=
-85,152,YSPBATMnU/y+V+uroQC2vw/IFxQ=,H1ltPZRPmygWEtS/LN3wTlcc73o=
-86,152,YSPBATMnU/y+V+uroQC2vw/IFxQ=,H1ltPZRPmygWEtS/LN3wTlcc73o=
-87,152,YSPBATMnU/y+V+uroQC2vw/IFxQ=,H1ltPZRPmygWEtS/LN3wTlcc73o=
-86,144,YSPBATMnU/y+V+uroQC2vw/IFxQ=,H1ltPZRPmygWEtS/LN3wTlcc73o=
-88,152,YSPBATMnU/y+V+uroQC2vw/IFxQ=,H1ltPZRPmygWEtS/LN3wTlcc73o=
-81,152,YSPBATMnU/y+V+uroQC2vw/IFxQ=,H1ltPZRPmygWEtS/LN3wTlcc73o=
-89,152,YSPBATMnU/y+V+uroQC2vw/IFxQ=,H1ltPZRPmygWEtS/LN3wTlcc73o=
-85,144,YSPBATMnU/y+V+uroQC2vw/IFxQ=,H1ltPZRPmygWEtS/LN3wTlcc73o=
-90,154,YSPBATMnU/y+V+uroQC2vw/IFxQ=,H1ltPZRPmygWEtS/LN3wTlcc73o=
-93,152,YSPBATMnU/y+V+uroQC2vw/IFxQ=,H1ltPZRPmygWEtS/LN3wTlcc73o=
-90,155,YSPBATMnU/y+V+uroQC2vw/IFxQ=,H1ltPZRPmygWEtS/LN3wTlcc73o=
-94,152,YSPBATMnU/y+V+uroQC2vw/IFxQ=,H1ltPZRPmygWEtS/LN3wTlcc73o=
-95,152,YSPBATMnU/y+V+uroQC2vw/IFxQ=,H1ltPZRPmygWEtS/LN3wTlcc73o=
-96,152,YSPBATMnU/y+V+uroQC2vw/IFxQ=,H1ltPZRPmygWEtS/LN3wTlcc73o=
-81,151,YSPBATMnU/y+V+uroQC2vw/IFxQ=,H1ltPZRPmygWEtS/LN3wTlcc73o=
-82,151,YSPBATMnU/y+V+uroQC2vw/IFxQ=,H1ltPZRPmygWEtS/LN3wTlcc73o=
-83,151,YSPBATMnU/y+V+uroQC2vw/IFxQ=,H1ltPZRPmygWEtS/LN3wTlcc73o=
-84,151,YSPBATMnU/y+V+uroQC2vw/IFxQ=,H1ltPZRPmygWEtS/LN3wTlcc73o=
-85,151,YSPBATMnU/y+V+uroQC2vw/IFxQ=,H1ltPZRPmygWEtS/LN3wTlcc73o=
-86,151,YSPBATMnU/y+V+uroQC2vw/IFxQ=,H1ltPZRPmygWEtS/LN3wTlcc73o=
-89,153,YSPBATMnU/y+V+uroQC2vw/IFxQ=,H1ltPZRPmygWEtS/LN3wTlcc73o=
-88,151,YSPBATMnU/y+V+uroQC2vw/IFxQ=,H1ltPZRPmygWEtS/LN3wTlcc73o=
-92,152,YSPBATMnU/y+V+uroQC2vw/IFxQ=,H1ltPZRPmygWEtS/LN3wTlcc73o=
-87,144,YSPBATMnU/y+V+uroQC2vw/IFxQ=,H1ltPZRPmygWEtS/LN3wTlcc73o=
-91,146,YSPBATMnU/y+V+uroQC2vw/IFxQ=,H1ltPZRPmygWEtS/LN3wTlcc73o=
-91,153,YSPBATMnU/y+V+uroQC2vw/IFxQ=,H1ltPZRPmygWEtS/LN3wTlcc73o=
-91,151,YSPBATMnU/y+V+uroQC2vw/IFxQ=,H1ltPZRPmygWEtS/LN3wTlcc73o=
-89,146,YSPBATMnU/y+V+uroQC2vw/IFxQ=,H1ltPZRPmygWEtS/LN3wTlcc73o=
-93,151,YSPBATMnU/y+V+uroQC2vw/IFxQ=,H1ltPZRPmygWEtS/LN3wTlcc73o=
-94,151,YSPBATMnU/y+V+uroQC2vw/IFxQ=,H1ltPZRPmygWEtS/LN3wTlcc73o=
-95,151,YSPBATMnU/y+V+uroQC2vw/IFxQ=,H1ltPZRPmygWEtS/LN3wTlcc73o=
-96,151,YSPBATMnU/y+V+uroQC2vw/IFxQ=,H1ltPZRPmygWEtS/LN3wTlcc73o=
-89,155,YSPBATMnU/y+V+uroQC2vw/IFxQ=,H1ltPZRPmygWEtS/LN3wTlcc73o=
-82,150,YSPBATMnU/y+V+uroQC2vw/IFxQ=,H1ltPZRPmygWEtS/LN3wTlcc73o=
-83,150,YSPBATMnU/y+V+uroQC2vw/IFxQ=,H1ltPZRPmygWEtS/LN3wTlcc73o=
-84,150,YSPBATMnU/y+V+uroQC2vw/IFxQ=,H1ltPZRPmygWEtS/LN3wTlcc73o=
-85,150,YSPBATMnU/y+V+uroQC2vw/IFxQ=,H1ltPZRPmygWEtS/LN3wTlcc73o=
-86,150,YSPBATMnU/y+V+uroQC2vw/IFxQ=,H1ltPZRPmygWEtS/LN3wTlcc73o=
-81,150,YSPBATMnU/y+V+uroQC2vw/IFxQ=,H1ltPZRPmygWEtS/LN3wTlcc73o=
-88,150,YSPBATMnU/y+V+uroQC2vw/IFxQ=,H1ltPZRPmygWEtS/LN3wTlcc73o=
-90,152,YSPBATMnU/y+V+uroQC2vw/IFxQ=,H1ltPZRPmygWEtS/LN3wTlcc73o=
-92,151,YSPBATMnU/y+V+uroQC2vw/IFxQ=,H1ltPZRPmygWEtS/LN3wTlcc73o=
-88,147,YSPBATMnU/y+V+uroQC2vw/IFxQ=,H1ltPZRPmygWEtS/LN3wTlcc73o=
-87,147,YSPBATMnU/y+V+uroQC2vw/IFxQ=,H1ltPZRPmygWEtS/LN3wTlcc73o=
-86,147,YSPBATMnU/y+V+uroQC2vw/IFxQ=,H1ltPZRPmygWEtS/LN3wTlcc73o=
-85,147,YSPBATMnU/y+V+uroQC2vw/IFxQ=,H1ltPZRPmygWEtS/LN3wTlcc73o=
-90,153,YSPBATMnU/y+V+uroQC2vw/IFxQ=,H1ltPZRPmygWEtS/LN3wTlcc73o=
-92,146,YSPBATMnU/y+V+uroQC2vw/IFxQ=,H1ltPZRPmygWEtS/LN3wTlcc73o=
-89,151,YSPBATMnU/y+V+uroQC2vw/IFxQ=,H1ltPZRPmygWEtS/LN3wTlcc73o=
-92,150,YSPBATMnU/y+V+uroQC2vw/IFxQ=,H1ltPZRPmygWEtS/LN3wTlcc73o=
-94,150,YSPBATMnU/y+V+uroQC2vw/IFxQ=,H1ltPZRPmygWEtS/LN3wTlcc73o=
-93,150,YSPBATMnU/y+V+uroQC2vw/IFxQ=,H1ltPZRPmygWEtS/LN3wTlcc73o=
-95,150,YSPBATMnU/y+V+uroQC2vw/IFxQ=,H1ltPZRPmygWEtS/LN3wTlcc73o=
-96,150,YSPBATMnU/y+V+uroQC2vw/IFxQ=,H1ltPZRPmygWEtS/LN3wTlcc73o=
-81,149,YSPBATMnU/y+V+uroQC2vw/IFxQ=,H1ltPZRPmygWEtS/LN3wTlcc73o=
-82,149,YSPBATMnU/y+V+uroQC2vw/IFxQ=,H1ltPZRPmygWEtS/LN3wTlcc73o=
-83,149,YSPBATMnU/y+V+uroQC2vw/IFxQ=,H1ltPZRPmygWEtS/LN3wTlcc73o=
-84,149,YSPBATMnU/y+V+uroQC2vw/IFxQ=,H1ltPZRPmygWEtS/LN3wTlcc73o=
-85,149,YSPBATMnU/y+V+uroQC2vw/IFxQ=,H1ltPZRPmygWEtS/LN3wTlcc73o=
-86,149,YSPBATMnU/y+V+uroQC2vw/IFxQ=,H1ltPZRPmygWEtS/LN3wTlcc73o=
-87,149,YSPBATMnU/y+V+uroQC2vw/IFxQ=,H1ltPZRPmygWEtS/LN3wTlcc73o=
-87,151,YSPBATMnU/y+V+uroQC2vw/IFxQ=,H1ltPZRPmygWEtS/LN3wTlcc73o=
-84,147,YSPBATMnU/y+V+uroQC2vw/IFxQ=,H1ltPZRPmygWEtS/LN3wTlcc73o=
-90,146,YSPBATMnU/y+V+uroQC2vw/IFxQ=,H1ltPZRPmygWEtS/LN3wTlcc73o=
-83,147,YSPBATMnU/y+V+uroQC2vw/IFxQ=,H1ltPZRPmygWEtS/LN3wTlcc73o=
-82,147,YSPBATMnU/y+V+uroQC2vw/IFxQ=,H1ltPZRPmygWEtS/LN3wTlcc73o=
-91,150,YSPBATMnU/y+V+uroQC2vw/IFxQ=,H1ltPZRPmygWEtS/LN3wTlcc73o=
-81,147,YSPBATMnU/y+V+uroQC2vw/IFxQ=,H1ltPZRPmygWEtS/LN3wTlcc73o=
-95,146,YSPBATMnU/y+V+uroQC2vw/IFxQ=,H1ltPZRPmygWEtS/LN3wTlcc73o=
-96,148,YSPBATMnU/y+V+uroQC2vw/IFxQ=,H1ltPZRPmygWEtS/LN3wTlcc73o=
-91,152,YSPBATMnU/y+V+uroQC2vw/IFxQ=,H1ltPZRPmygWEtS/LN3wTlcc73o=
-95,148,YSPBATMnU/y+V+uroQC2vw/IFxQ=,H1ltPZRPmygWEtS/LN3wTlcc73o=
-94,148,YSPBATMnU/y+V+uroQC2vw/IFxQ=,H1ltPZRPmygWEtS/LN3wTlcc73o=
-91,149,YSPBATMnU/y+V+uroQC2vw/IFxQ=,H1ltPZRPmygWEtS/LN3wTlcc73o=
-93,148,YSPBATMnU/y+V+uroQC2vw/IFxQ=,H1ltPZRPmygWEtS/LN3wTlcc73o=
-93,146,YSPBATMnU/y+V+uroQC2vw/IFxQ=,H1ltPZRPmygWEtS/LN3wTlcc73o=
-94,146,YSPBATMnU/y+V+uroQC2vw/IFxQ=,H1ltPZRPmygWEtS/LN3wTlcc73o=
-92,149,YSPBATMnU/y+V+uroQC2vw/IFxQ=,H1ltPZRPmygWEtS/LN3wTlcc73o=
-91,144,YSPBATMnU/y+V+uroQC2vw/IFxQ=,H1ltPZRPmygWEtS/LN3wTlcc73o=
-93,149,YSPBATMnU/y+V+uroQC2vw/IFxQ=,H1ltPZRPmygWEtS/LN3wTlcc73o=
-92,148,YSPBATMnU/y+V+uroQC2vw/IFxQ=,H1ltPZRPmygWEtS/LN3wTlcc73o=
-94,149,YSPBATMnU/y+V+uroQC2vw/IFxQ=,H1ltPZRPmygWEtS/LN3wTlcc73o=
-91,148,YSPBATMnU/y+V+uroQC2vw/IFxQ=,H1ltPZRPmygWEtS/LN3wTlcc73o=
-95,149,YSPBATMnU/y+V+uroQC2vw/IFxQ=,H1ltPZRPmygWEtS/LN3wTlcc73o=
-96,149,YSPBATMnU/y+V+uroQC2vw/IFxQ=,H1ltPZRPmygWEtS/LN3wTlcc73o=
-88,144,YSPBATMnU/y+V+uroQC2vw/IFxQ=,H1ltPZRPmygWEtS/LN3wTlcc73o=
-89,150,YSPBATMnU/y+V+uroQC2vw/IFxQ=,H1ltPZRPmygWEtS/LN3wTlcc73o=
-82,148,YSPBATMnU/y+V+uroQC2vw/IFxQ=,H1ltPZRPmygWEtS/LN3wTlcc73o=
-90,144,YSPBATMnU/y+V+uroQC2vw/IFxQ=,H1ltPZRPmygWEtS/LN3wTlcc73o=
-83,148,YSPBATMnU/y+V+uroQC2vw/IFxQ=,H1ltPZRPmygWEtS/LN3wTlcc73o=
-84,148,YSPBATMnU/y+V+uroQC2vw/IFxQ=,H1ltPZRPmygWEtS/LN3wTlcc73o=
-85,148,YSPBATMnU/y+V+uroQC2vw/IFxQ=,H1ltPZRPmygWEtS/LN3wTlcc73o=
-86,148,YSPBATMnU/y+V+uroQC2vw/IFxQ=,H1ltPZRPmygWEtS/LN3wTlcc73o=
-87,150,YSPBATMnU/y+V+uroQC2vw/IFxQ=,H1ltPZRPmygWEtS/LN3wTlcc73o=
-96,144,YSPBATMnU/y+V+uroQC2vw/IFxQ=,H1ltPZRPmygWEtS/LN3wTlcc73o=
-81,148,YSPBATMnU/y+V+uroQC2vw/IFxQ=,H1ltPZRPmygWEtS/LN3wTlcc73o=
-87,148,YSPBATMnU/y+V+uroQC2vw/IFxQ=,H1ltPZRPmygWEtS/LN3wTlcc73o=
-90,150,YSPBATMnU/y+V+uroQC2vw/IFxQ=,H1ltPZRPmygWEtS/LN3wTlcc73o=
-89,144,YSPBATMnU/y+V+uroQC2vw/IFxQ=,H1ltPZRPmygWEtS/LN3wTlcc73o=
-88,149,YSPBATMnU/y+V+uroQC2vw/IFxQ=,H1ltPZRPmygWEtS/LN3wTlcc73o=
-90,148,YSPBATMnU/y+V+uroQC2vw/IFxQ=,H1ltPZRPmygWEtS/LN3wTlcc73o=
-90,151,YSPBATMnU/y+V+uroQC2vw/IFxQ=,H1ltPZRPmygWEtS/LN3wTlcc73o=
-90,149,YSPBATMnU/y+V+uroQC2vw/IFxQ=,H1ltPZRPmygWEtS/LN3wTlcc73o=
-88,148,YSPBATMnU/y+V+uroQC2vw/IFxQ=,H1ltPZRPmygWEtS/LN3wTlcc73o=
-89,149,YSPBATMnU/y+V+uroQC2vw/IFxQ=,H1ltPZRPmygWEtS/LN3wTlcc73o=
-89,148,YSPBATMnU/y+V+uroQC2vw/IFxQ=,H1ltPZRPmygWEtS/LN3wTlcc73o=
-65,159,ql3RsJZ3a0crexyZzvDYlBEI6Wo=,IO1aFd+PG7GGofyCMOxsO6gE/lw=
-67,146,ql3RsJZ3a0crexyZzvDYlBEI6Wo=,IO1aFd+PG7GGofyCMOxsO6gE/lw=
-66,159,ql3RsJZ3a0crexyZzvDYlBEI6Wo=,IO1aFd+PG7GGofyCMOxsO6gE/lw=
-67,159,ql3RsJZ3a0crexyZzvDYlBEI6Wo=,IO1aFd+PG7GGofyCMOxsO6gE/lw=
-66,146,ql3RsJZ3a0crexyZzvDYlBEI6Wo=,IO1aFd+PG7GGofyCMOxsO6gE/lw=
-69,159,ql3RsJZ3a0crexyZzvDYlBEI6Wo=,IO1aFd+PG7GGofyCMOxsO6gE/lw=
-70,159,ql3RsJZ3a0crexyZzvDYlBEI6Wo=,IO1aFd+PG7GGofyCMOxsO6gE/lw=
-65,146,ql3RsJZ3a0crexyZzvDYlBEI6Wo=,IO1aFd+PG7GGofyCMOxsO6gE/lw=
-71,159,ql3RsJZ3a0crexyZzvDYlBEI6Wo=,IO1aFd+PG7GGofyCMOxsO6gE/lw=
-72,159,ql3RsJZ3a0crexyZzvDYlBEI6Wo=,IO1aFd+PG7GGofyCMOxsO6gE/lw=
-80,147,ql3RsJZ3a0crexyZzvDYlBEI6Wo=,IO1aFd+PG7GGofyCMOxsO6gE/lw=
-73,159,ql3RsJZ3a0crexyZzvDYlBEI6Wo=,IO1aFd+PG7GGofyCMOxsO6gE/lw=
-68,159,ql3RsJZ3a0crexyZzvDYlBEI6Wo=,IO1aFd+PG7GGofyCMOxsO6gE/lw=
-79,147,ql3RsJZ3a0crexyZzvDYlBEI6Wo=,IO1aFd+PG7GGofyCMOxsO6gE/lw=
-75,159,ql3RsJZ3a0crexyZzvDYlBEI6Wo=,IO1aFd+PG7GGofyCMOxsO6gE/lw=
-76,159,ql3RsJZ3a0crexyZzvDYlBEI6Wo=,IO1aFd+PG7GGofyCMOxsO6gE/lw=
-77,159,ql3RsJZ3a0crexyZzvDYlBEI6Wo=,IO1aFd+PG7GGofyCMOxsO6gE/lw=
-65,145,ql3RsJZ3a0crexyZzvDYlBEI6Wo=,IO1aFd+PG7GGofyCMOxsO6gE/lw=
-74,159,ql3RsJZ3a0crexyZzvDYlBEI6Wo=,IO1aFd+PG7GGofyCMOxsO6gE/lw=
-66,145,ql3RsJZ3a0crexyZzvDYlBEI6Wo=,IO1aFd+PG7GGofyCMOxsO6gE/lw=
-67,145,ql3RsJZ3a0crexyZzvDYlBEI6Wo=,IO1aFd+PG7GGofyCMOxsO6gE/lw=
-68,145,ql3RsJZ3a0crexyZzvDYlBEI6Wo=,IO1aFd+PG7GGofyCMOxsO6gE/lw=
-69,145,ql3RsJZ3a0crexyZzvDYlBEI6Wo=,IO1aFd+PG7GGofyCMOxsO6gE/lw=
-70,145,ql3RsJZ3a0crexyZzvDYlBEI6Wo=,IO1aFd+PG7GGofyCMOxsO6gE/lw=
-71,145,ql3RsJZ3a0crexyZzvDYlBEI6Wo=,IO1aFd+PG7GGofyCMOxsO6gE/lw=
-72,145,ql3RsJZ3a0crexyZzvDYlBEI6Wo=,IO1aFd+PG7GGofyCMOxsO6gE/lw=
-78,147,ql3RsJZ3a0crexyZzvDYlBEI6Wo=,IO1aFd+PG7GGofyCMOxsO6gE/lw=
-65,158,ql3RsJZ3a0crexyZzvDYlBEI6Wo=,IO1aFd+PG7GGofyCMOxsO6gE/lw=
-79,159,ql3RsJZ3a0crexyZzvDYlBEI6Wo=,IO1aFd+PG7GGofyCMOxsO6gE/lw=
-79,145,ql3RsJZ3a0crexyZzvDYlBEI6Wo=,IO1aFd+PG7GGofyCMOxsO6gE/lw=
-74,145,ql3RsJZ3a0crexyZzvDYlBEI6Wo=,IO1aFd+PG7GGofyCMOxsO6gE/lw=
-66,158,ql3RsJZ3a0crexyZzvDYlBEI6Wo=,IO1aFd+PG7GGofyCMOxsO6gE/lw=
-68,146,ql3RsJZ3a0crexyZzvDYlBEI6Wo=,IO1aFd+PG7GGofyCMOxsO6gE/lw=
-67,158,ql3RsJZ3a0crexyZzvDYlBEI6Wo=,IO1aFd+PG7GGofyCMOxsO6gE/lw=
-68,158,ql3RsJZ3a0crexyZzvDYlBEI6Wo=,IO1aFd+PG7GGofyCMOxsO6gE/lw=
-69,158,ql3RsJZ3a0crexyZzvDYlBEI6Wo=,IO1aFd+PG7GGofyCMOxsO6gE/lw=
-70,158,ql3RsJZ3a0crexyZzvDYlBEI6Wo=,IO1aFd+PG7GGofyCMOxsO6gE/lw=
-71,158,ql3RsJZ3a0crexyZzvDYlBEI6Wo=,IO1aFd+PG7GGofyCMOxsO6gE/lw=
-72,158,ql3RsJZ3a0crexyZzvDYlBEI6Wo=,IO1aFd+PG7GGofyCMOxsO6gE/lw=
-73,158,ql3RsJZ3a0crexyZzvDYlBEI6Wo=,IO1aFd+PG7GGofyCMOxsO6gE/lw=
-74,158,ql3RsJZ3a0crexyZzvDYlBEI6Wo=,IO1aFd+PG7GGofyCMOxsO6gE/lw=
-75,158,ql3RsJZ3a0crexyZzvDYlBEI6Wo=,IO1aFd+PG7GGofyCMOxsO6gE/lw=
-76,158,ql3RsJZ3a0crexyZzvDYlBEI6Wo=,IO1aFd+PG7GGofyCMOxsO6gE/lw=
-78,145,ql3RsJZ3a0crexyZzvDYlBEI6Wo=,IO1aFd+PG7GGofyCMOxsO6gE/lw=
-73,145,ql3RsJZ3a0crexyZzvDYlBEI6Wo=,IO1aFd+PG7GGofyCMOxsO6gE/lw=
-77,158,ql3RsJZ3a0crexyZzvDYlBEI6Wo=,IO1aFd+PG7GGofyCMOxsO6gE/lw=
-78,158,ql3RsJZ3a0crexyZzvDYlBEI6Wo=,IO1aFd+PG7GGofyCMOxsO6gE/lw=
-65,157,ql3RsJZ3a0crexyZzvDYlBEI6Wo=,IO1aFd+PG7GGofyCMOxsO6gE/lw=
-66,157,ql3RsJZ3a0crexyZzvDYlBEI6Wo=,IO1aFd+PG7GGofyCMOxsO6gE/lw=
-79,158,ql3RsJZ3a0crexyZzvDYlBEI6Wo=,IO1aFd+PG7GGofyCMOxsO6gE/lw=
-67,157,ql3RsJZ3a0crexyZzvDYlBEI6Wo=,IO1aFd+PG7GGofyCMOxsO6gE/lw=
-65,144,ql3RsJZ3a0crexyZzvDYlBEI6Wo=,IO1aFd+PG7GGofyCMOxsO6gE/lw=
-69,146,ql3RsJZ3a0crexyZzvDYlBEI6Wo=,IO1aFd+PG7GGofyCMOxsO6gE/lw=
-80,159,ql3RsJZ3a0crexyZzvDYlBEI6Wo=,IO1aFd+PG7GGofyCMOxsO6gE/lw=
-68,157,ql3RsJZ3a0crexyZzvDYlBEI6Wo=,IO1aFd+PG7GGofyCMOxsO6gE/lw=
-70,157,ql3RsJZ3a0crexyZzvDYlBEI6Wo=,IO1aFd+PG7GGofyCMOxsO6gE/lw=
-69,157,ql3RsJZ3a0crexyZzvDYlBEI6Wo=,IO1aFd+PG7GGofyCMOxsO6gE/lw=
-71,157,ql3RsJZ3a0crexyZzvDYlBEI6Wo=,IO1aFd+PG7GGofyCMOxsO6gE/lw=
-72,157,ql3RsJZ3a0crexyZzvDYlBEI6Wo=,IO1aFd+PG7GGofyCMOxsO6gE/lw=
-73,157,ql3RsJZ3a0crexyZzvDYlBEI6Wo=,IO1aFd+PG7GGofyCMOxsO6gE/lw=
-74,157,ql3RsJZ3a0crexyZzvDYlBEI6Wo=,IO1aFd+PG7GGofyCMOxsO6gE/lw=
-75,157,ql3RsJZ3a0crexyZzvDYlBEI6Wo=,IO1aFd+PG7GGofyCMOxsO6gE/lw=
-76,157,ql3RsJZ3a0crexyZzvDYlBEI6Wo=,IO1aFd+PG7GGofyCMOxsO6gE/lw=
-77,157,ql3RsJZ3a0crexyZzvDYlBEI6Wo=,IO1aFd+PG7GGofyCMOxsO6gE/lw=
-78,157,ql3RsJZ3a0crexyZzvDYlBEI6Wo=,IO1aFd+PG7GGofyCMOxsO6gE/lw=
-77,144,ql3RsJZ3a0crexyZzvDYlBEI6Wo=,IO1aFd+PG7GGofyCMOxsO6gE/lw=
-78,144,ql3RsJZ3a0crexyZzvDYlBEI6Wo=,IO1aFd+PG7GGofyCMOxsO6gE/lw=
-75,145,ql3RsJZ3a0crexyZzvDYlBEI6Wo=,IO1aFd+PG7GGofyCMOxsO6gE/lw=
-65,156,ql3RsJZ3a0crexyZzvDYlBEI6Wo=,IO1aFd+PG7GGofyCMOxsO6gE/lw=
-66,156,ql3RsJZ3a0crexyZzvDYlBEI6Wo=,IO1aFd+PG7GGofyCMOxsO6gE/lw=
-68,156,ql3RsJZ3a0crexyZzvDYlBEI6Wo=,IO1aFd+PG7GGofyCMOxsO6gE/lw=
-67,156,ql3RsJZ3a0crexyZzvDYlBEI6Wo=,IO1aFd+PG7GGofyCMOxsO6gE/lw=
-70,146,ql3RsJZ3a0crexyZzvDYlBEI6Wo=,IO1aFd+PG7GGofyCMOxsO6gE/lw=
-66,144,ql3RsJZ3a0crexyZzvDYlBEI6Wo=,IO1aFd+PG7GGofyCMOxsO6gE/lw=
-69,156,ql3RsJZ3a0crexyZzvDYlBEI6Wo=,IO1aFd+PG7GGofyCMOxsO6gE/lw=
-70,156,ql3RsJZ3a0crexyZzvDYlBEI6Wo=,IO1aFd+PG7GGofyCMOxsO6gE/lw=
-71,156,ql3RsJZ3a0crexyZzvDYlBEI6Wo=,IO1aFd+PG7GGofyCMOxsO6gE/lw=
-72,156,ql3RsJZ3a0crexyZzvDYlBEI6Wo=,IO1aFd+PG7GGofyCMOxsO6gE/lw=
-77,145,ql3RsJZ3a0crexyZzvDYlBEI6Wo=,IO1aFd+PG7GGofyCMOxsO6gE/lw=
-73,156,ql3RsJZ3a0crexyZzvDYlBEI6Wo=,IO1aFd+PG7GGofyCMOxsO6gE/lw=
-74,156,ql3RsJZ3a0crexyZzvDYlBEI6Wo=,IO1aFd+PG7GGofyCMOxsO6gE/lw=
-75,156,ql3RsJZ3a0crexyZzvDYlBEI6Wo=,IO1aFd+PG7GGofyCMOxsO6gE/lw=
-76,156,ql3RsJZ3a0crexyZzvDYlBEI6Wo=,IO1aFd+PG7GGofyCMOxsO6gE/lw=
-77,156,ql3RsJZ3a0crexyZzvDYlBEI6Wo=,IO1aFd+PG7GGofyCMOxsO6gE/lw=
-77,147,ql3RsJZ3a0crexyZzvDYlBEI6Wo=,IO1aFd+PG7GGofyCMOxsO6gE/lw=
-76,145,ql3RsJZ3a0crexyZzvDYlBEI6Wo=,IO1aFd+PG7GGofyCMOxsO6gE/lw=
-65,155,ql3RsJZ3a0crexyZzvDYlBEI6Wo=,IO1aFd+PG7GGofyCMOxsO6gE/lw=
-66,155,ql3RsJZ3a0crexyZzvDYlBEI6Wo=,IO1aFd+PG7GGofyCMOxsO6gE/lw=
-67,155,ql3RsJZ3a0crexyZzvDYlBEI6Wo=,IO1aFd+PG7GGofyCMOxsO6gE/lw=
-68,155,ql3RsJZ3a0crexyZzvDYlBEI6Wo=,IO1aFd+PG7GGofyCMOxsO6gE/lw=
-69,155,ql3RsJZ3a0crexyZzvDYlBEI6Wo=,IO1aFd+PG7GGofyCMOxsO6gE/lw=
-67,144,ql3RsJZ3a0crexyZzvDYlBEI6Wo=,IO1aFd+PG7GGofyCMOxsO6gE/lw=
-71,146,ql3RsJZ3a0crexyZzvDYlBEI6Wo=,IO1aFd+PG7GGofyCMOxsO6gE/lw=
-70,155,ql3RsJZ3a0crexyZzvDYlBEI6Wo=,IO1aFd+PG7GGofyCMOxsO6gE/lw=
-71,155,ql3RsJZ3a0crexyZzvDYlBEI6Wo=,IO1aFd+PG7GGofyCMOxsO6gE/lw=
-72,155,ql3RsJZ3a0crexyZzvDYlBEI6Wo=,IO1aFd+PG7GGofyCMOxsO6gE/lw=
-73,155,ql3RsJZ3a0crexyZzvDYlBEI6Wo=,IO1aFd+PG7GGofyCMOxsO6gE/lw=
-74,155,ql3RsJZ3a0crexyZzvDYlBEI6Wo=,IO1aFd+PG7GGofyCMOxsO6gE/lw=
-75,155,ql3RsJZ3a0crexyZzvDYlBEI6Wo=,IO1aFd+PG7GGofyCMOxsO6gE/lw=
-76,155,ql3RsJZ3a0crexyZzvDYlBEI6Wo=,IO1aFd+PG7GGofyCMOxsO6gE/lw=
-77,155,ql3RsJZ3a0crexyZzvDYlBEI6Wo=,IO1aFd+PG7GGofyCMOxsO6gE/lw=
-80,158,ql3RsJZ3a0crexyZzvDYlBEI6Wo=,IO1aFd+PG7GGofyCMOxsO6gE/lw=
-80,145,ql3RsJZ3a0crexyZzvDYlBEI6Wo=,IO1aFd+PG7GGofyCMOxsO6gE/lw=
-78,155,ql3RsJZ3a0crexyZzvDYlBEI6Wo=,IO1aFd+PG7GGofyCMOxsO6gE/lw=
-65,154,ql3RsJZ3a0crexyZzvDYlBEI6Wo=,IO1aFd+PG7GGofyCMOxsO6gE/lw=
-66,154,ql3RsJZ3a0crexyZzvDYlBEI6Wo=,IO1aFd+PG7GGofyCMOxsO6gE/lw=
-67,154,ql3RsJZ3a0crexyZzvDYlBEI6Wo=,IO1aFd+PG7GGofyCMOxsO6gE/lw=
-68,154,ql3RsJZ3a0crexyZzvDYlBEI6Wo=,IO1aFd+PG7GGofyCMOxsO6gE/lw=
-79,157,ql3RsJZ3a0crexyZzvDYlBEI6Wo=,IO1aFd+PG7GGofyCMOxsO6gE/lw=
-69,154,ql3RsJZ3a0crexyZzvDYlBEI6Wo=,IO1aFd+PG7GGofyCMOxsO6gE/lw=
-70,154,ql3RsJZ3a0crexyZzvDYlBEI6Wo=,IO1aFd+PG7GGofyCMOxsO6gE/lw=
-68,144,ql3RsJZ3a0crexyZzvDYlBEI6Wo=,IO1aFd+PG7GGofyCMOxsO6gE/lw=
-72,146,ql3RsJZ3a0crexyZzvDYlBEI6Wo=,IO1aFd+PG7GGofyCMOxsO6gE/lw=
-71,154,ql3RsJZ3a0crexyZzvDYlBEI6Wo=,IO1aFd+PG7GGofyCMOxsO6gE/lw=
-72,154,ql3RsJZ3a0crexyZzvDYlBEI6Wo=,IO1aFd+PG7GGofyCMOxsO6gE/lw=
-73,154,ql3RsJZ3a0crexyZzvDYlBEI6Wo=,IO1aFd+PG7GGofyCMOxsO6gE/lw=
-74,154,ql3RsJZ3a0crexyZzvDYlBEI6Wo=,IO1aFd+PG7GGofyCMOxsO6gE/lw=
-75,154,ql3RsJZ3a0crexyZzvDYlBEI6Wo=,IO1aFd+PG7GGofyCMOxsO6gE/lw=
-76,154,ql3RsJZ3a0crexyZzvDYlBEI6Wo=,IO1aFd+PG7GGofyCMOxsO6gE/lw=
-77,154,ql3RsJZ3a0crexyZzvDYlBEI6Wo=,IO1aFd+PG7GGofyCMOxsO6gE/lw=
-79,144,ql3RsJZ3a0crexyZzvDYlBEI6Wo=,IO1aFd+PG7GGofyCMOxsO6gE/lw=
-79,156,ql3RsJZ3a0crexyZzvDYlBEI6Wo=,IO1aFd+PG7GGofyCMOxsO6gE/lw=
-65,153,ql3RsJZ3a0crexyZzvDYlBEI6Wo=,IO1aFd+PG7GGofyCMOxsO6gE/lw=
-66,153,ql3RsJZ3a0crexyZzvDYlBEI6Wo=,IO1aFd+PG7GGofyCMOxsO6gE/lw=
-67,153,ql3RsJZ3a0crexyZzvDYlBEI6Wo=,IO1aFd+PG7GGofyCMOxsO6gE/lw=
-68,153,ql3RsJZ3a0crexyZzvDYlBEI6Wo=,IO1aFd+PG7GGofyCMOxsO6gE/lw=
-69,153,ql3RsJZ3a0crexyZzvDYlBEI6Wo=,IO1aFd+PG7GGofyCMOxsO6gE/lw=
-71,153,ql3RsJZ3a0crexyZzvDYlBEI6Wo=,IO1aFd+PG7GGofyCMOxsO6gE/lw=
-70,153,ql3RsJZ3a0crexyZzvDYlBEI6Wo=,IO1aFd+PG7GGofyCMOxsO6gE/lw=
-69,144,ql3RsJZ3a0crexyZzvDYlBEI6Wo=,IO1aFd+PG7GGofyCMOxsO6gE/lw=
-76,147,ql3RsJZ3a0crexyZzvDYlBEI6Wo=,IO1aFd+PG7GGofyCMOxsO6gE/lw=
-73,146,ql3RsJZ3a0crexyZzvDYlBEI6Wo=,IO1aFd+PG7GGofyCMOxsO6gE/lw=
-72,153,ql3RsJZ3a0crexyZzvDYlBEI6Wo=,IO1aFd+PG7GGofyCMOxsO6gE/lw=
-73,153,ql3RsJZ3a0crexyZzvDYlBEI6Wo=,IO1aFd+PG7GGofyCMOxsO6gE/lw=
-74,153,ql3RsJZ3a0crexyZzvDYlBEI6Wo=,IO1aFd+PG7GGofyCMOxsO6gE/lw=
-76,153,ql3RsJZ3a0crexyZzvDYlBEI6Wo=,IO1aFd+PG7GGofyCMOxsO6gE/lw=
-75,153,ql3RsJZ3a0crexyZzvDYlBEI6Wo=,IO1aFd+PG7GGofyCMOxsO6gE/lw=
-77,153,ql3RsJZ3a0crexyZzvDYlBEI6Wo=,IO1aFd+PG7GGofyCMOxsO6gE/lw=
-79,154,ql3RsJZ3a0crexyZzvDYlBEI6Wo=,IO1aFd+PG7GGofyCMOxsO6gE/lw=
-78,154,ql3RsJZ3a0crexyZzvDYlBEI6Wo=,IO1aFd+PG7GGofyCMOxsO6gE/lw=
-80,157,ql3RsJZ3a0crexyZzvDYlBEI6Wo=,IO1aFd+PG7GGofyCMOxsO6gE/lw=
-65,152,ql3RsJZ3a0crexyZzvDYlBEI6Wo=,IO1aFd+PG7GGofyCMOxsO6gE/lw=
-66,152,ql3RsJZ3a0crexyZzvDYlBEI6Wo=,IO1aFd+PG7GGofyCMOxsO6gE/lw=
-78,153,ql3RsJZ3a0crexyZzvDYlBEI6Wo=,IO1aFd+PG7GGofyCMOxsO6gE/lw=
-67,152,ql3RsJZ3a0crexyZzvDYlBEI6Wo=,IO1aFd+PG7GGofyCMOxsO6gE/lw=
-68,152,ql3RsJZ3a0crexyZzvDYlBEI6Wo=,IO1aFd+PG7GGofyCMOxsO6gE/lw=
-69,152,ql3RsJZ3a0crexyZzvDYlBEI6Wo=,IO1aFd+PG7GGofyCMOxsO6gE/lw=
-70,152,ql3RsJZ3a0crexyZzvDYlBEI6Wo=,IO1aFd+PG7GGofyCMOxsO6gE/lw=
-72,152,ql3RsJZ3a0crexyZzvDYlBEI6Wo=,IO1aFd+PG7GGofyCMOxsO6gE/lw=
-71,152,ql3RsJZ3a0crexyZzvDYlBEI6Wo=,IO1aFd+PG7GGofyCMOxsO6gE/lw=
-70,144,ql3RsJZ3a0crexyZzvDYlBEI6Wo=,IO1aFd+PG7GGofyCMOxsO6gE/lw=
-73,152,ql3RsJZ3a0crexyZzvDYlBEI6Wo=,IO1aFd+PG7GGofyCMOxsO6gE/lw=
-74,146,ql3RsJZ3a0crexyZzvDYlBEI6Wo=,IO1aFd+PG7GGofyCMOxsO6gE/lw=
-74,152,ql3RsJZ3a0crexyZzvDYlBEI6Wo=,IO1aFd+PG7GGofyCMOxsO6gE/lw=
-75,152,ql3RsJZ3a0crexyZzvDYlBEI6Wo=,IO1aFd+PG7GGofyCMOxsO6gE/lw=
-76,152,ql3RsJZ3a0crexyZzvDYlBEI6Wo=,IO1aFd+PG7GGofyCMOxsO6gE/lw=
-78,159,ql3RsJZ3a0crexyZzvDYlBEI6Wo=,IO1aFd+PG7GGofyCMOxsO6gE/lw=
-80,146,ql3RsJZ3a0crexyZzvDYlBEI6Wo=,IO1aFd+PG7GGofyCMOxsO6gE/lw=
-80,156,ql3RsJZ3a0crexyZzvDYlBEI6Wo=,IO1aFd+PG7GGofyCMOxsO6gE/lw=
-78,156,ql3RsJZ3a0crexyZzvDYlBEI6Wo=,IO1aFd+PG7GGofyCMOxsO6gE/lw=
-79,153,ql3RsJZ3a0crexyZzvDYlBEI6Wo=,IO1aFd+PG7GGofyCMOxsO6gE/lw=
-65,151,ql3RsJZ3a0crexyZzvDYlBEI6Wo=,IO1aFd+PG7GGofyCMOxsO6gE/lw=
-66,151,ql3RsJZ3a0crexyZzvDYlBEI6Wo=,IO1aFd+PG7GGofyCMOxsO6gE/lw=
-67,151,ql3RsJZ3a0crexyZzvDYlBEI6Wo=,IO1aFd+PG7GGofyCMOxsO6gE/lw=
-68,151,ql3RsJZ3a0crexyZzvDYlBEI6Wo=,IO1aFd+PG7GGofyCMOxsO6gE/lw=
-69,151,ql3RsJZ3a0crexyZzvDYlBEI6Wo=,IO1aFd+PG7GGofyCMOxsO6gE/lw=
-70,151,ql3RsJZ3a0crexyZzvDYlBEI6Wo=,IO1aFd+PG7GGofyCMOxsO6gE/lw=
-71,151,ql3RsJZ3a0crexyZzvDYlBEI6Wo=,IO1aFd+PG7GGofyCMOxsO6gE/lw=
-72,151,ql3RsJZ3a0crexyZzvDYlBEI6Wo=,IO1aFd+PG7GGofyCMOxsO6gE/lw=
-71,144,ql3RsJZ3a0crexyZzvDYlBEI6Wo=,IO1aFd+PG7GGofyCMOxsO6gE/lw=
-73,151,ql3RsJZ3a0crexyZzvDYlBEI6Wo=,IO1aFd+PG7GGofyCMOxsO6gE/lw=
-74,151,ql3RsJZ3a0crexyZzvDYlBEI6Wo=,IO1aFd+PG7GGofyCMOxsO6gE/lw=
-75,151,ql3RsJZ3a0crexyZzvDYlBEI6Wo=,IO1aFd+PG7GGofyCMOxsO6gE/lw=
-78,152,ql3RsJZ3a0crexyZzvDYlBEI6Wo=,IO1aFd+PG7GGofyCMOxsO6gE/lw=
-76,151,ql3RsJZ3a0crexyZzvDYlBEI6Wo=,IO1aFd+PG7GGofyCMOxsO6gE/lw=
-78,151,ql3RsJZ3a0crexyZzvDYlBEI6Wo=,IO1aFd+PG7GGofyCMOxsO6gE/lw=
-77,151,ql3RsJZ3a0crexyZzvDYlBEI6Wo=,IO1aFd+PG7GGofyCMOxsO6gE/lw=
-80,151,ql3RsJZ3a0crexyZzvDYlBEI6Wo=,IO1aFd+PG7GGofyCMOxsO6gE/lw=
-65,150,ql3RsJZ3a0crexyZzvDYlBEI6Wo=,IO1aFd+PG7GGofyCMOxsO6gE/lw=
-66,150,ql3RsJZ3a0crexyZzvDYlBEI6Wo=,IO1aFd+PG7GGofyCMOxsO6gE/lw=
-67,150,ql3RsJZ3a0crexyZzvDYlBEI6Wo=,IO1aFd+PG7GGofyCMOxsO6gE/lw=
-68,150,ql3RsJZ3a0crexyZzvDYlBEI6Wo=,IO1aFd+PG7GGofyCMOxsO6gE/lw=
-69,150,ql3RsJZ3a0crexyZzvDYlBEI6Wo=,IO1aFd+PG7GGofyCMOxsO6gE/lw=
-70,150,ql3RsJZ3a0crexyZzvDYlBEI6Wo=,IO1aFd+PG7GGofyCMOxsO6gE/lw=
-71,150,ql3RsJZ3a0crexyZzvDYlBEI6Wo=,IO1aFd+PG7GGofyCMOxsO6gE/lw=
-72,150,ql3RsJZ3a0crexyZzvDYlBEI6Wo=,IO1aFd+PG7GGofyCMOxsO6gE/lw=
-73,150,ql3RsJZ3a0crexyZzvDYlBEI6Wo=,IO1aFd+PG7GGofyCMOxsO6gE/lw=
-79,152,ql3RsJZ3a0crexyZzvDYlBEI6Wo=,IO1aFd+PG7GGofyCMOxsO6gE/lw=
-74,150,ql3RsJZ3a0crexyZzvDYlBEI6Wo=,IO1aFd+PG7GGofyCMOxsO6gE/lw=
-79,155,ql3RsJZ3a0crexyZzvDYlBEI6Wo=,IO1aFd+PG7GGofyCMOxsO6gE/lw=
-75,150,ql3RsJZ3a0crexyZzvDYlBEI6Wo=,IO1aFd+PG7GGofyCMOxsO6gE/lw=
-76,150,ql3RsJZ3a0crexyZzvDYlBEI6Wo=,IO1aFd+PG7GGofyCMOxsO6gE/lw=
-77,150,ql3RsJZ3a0crexyZzvDYlBEI6Wo=,IO1aFd+PG7GGofyCMOxsO6gE/lw=
-80,152,ql3RsJZ3a0crexyZzvDYlBEI6Wo=,IO1aFd+PG7GGofyCMOxsO6gE/lw=
-79,151,ql3RsJZ3a0crexyZzvDYlBEI6Wo=,IO1aFd+PG7GGofyCMOxsO6gE/lw=
-80,153,ql3RsJZ3a0crexyZzvDYlBEI6Wo=,IO1aFd+PG7GGofyCMOxsO6gE/lw=
-65,149,ql3RsJZ3a0crexyZzvDYlBEI6Wo=,IO1aFd+PG7GGofyCMOxsO6gE/lw=
-66,149,ql3RsJZ3a0crexyZzvDYlBEI6Wo=,IO1aFd+PG7GGofyCMOxsO6gE/lw=
-67,149,ql3RsJZ3a0crexyZzvDYlBEI6Wo=,IO1aFd+PG7GGofyCMOxsO6gE/lw=
-68,149,ql3RsJZ3a0crexyZzvDYlBEI6Wo=,IO1aFd+PG7GGofyCMOxsO6gE/lw=
-69,149,ql3RsJZ3a0crexyZzvDYlBEI6Wo=,IO1aFd+PG7GGofyCMOxsO6gE/lw=
-70,149,ql3RsJZ3a0crexyZzvDYlBEI6Wo=,IO1aFd+PG7GGofyCMOxsO6gE/lw=
-71,149,ql3RsJZ3a0crexyZzvDYlBEI6Wo=,IO1aFd+PG7GGofyCMOxsO6gE/lw=
-72,149,ql3RsJZ3a0crexyZzvDYlBEI6Wo=,IO1aFd+PG7GGofyCMOxsO6gE/lw=
-73,149,ql3RsJZ3a0crexyZzvDYlBEI6Wo=,IO1aFd+PG7GGofyCMOxsO6gE/lw=
-74,149,ql3RsJZ3a0crexyZzvDYlBEI6Wo=,IO1aFd+PG7GGofyCMOxsO6gE/lw=
-78,150,ql3RsJZ3a0crexyZzvDYlBEI6Wo=,IO1aFd+PG7GGofyCMOxsO6gE/lw=
-75,149,ql3RsJZ3a0crexyZzvDYlBEI6Wo=,IO1aFd+PG7GGofyCMOxsO6gE/lw=
-75,146,ql3RsJZ3a0crexyZzvDYlBEI6Wo=,IO1aFd+PG7GGofyCMOxsO6gE/lw=
-76,149,ql3RsJZ3a0crexyZzvDYlBEI6Wo=,IO1aFd+PG7GGofyCMOxsO6gE/lw=
-77,149,ql3RsJZ3a0crexyZzvDYlBEI6Wo=,IO1aFd+PG7GGofyCMOxsO6gE/lw=
-76,146,ql3RsJZ3a0crexyZzvDYlBEI6Wo=,IO1aFd+PG7GGofyCMOxsO6gE/lw=
-77,152,ql3RsJZ3a0crexyZzvDYlBEI6Wo=,IO1aFd+PG7GGofyCMOxsO6gE/lw=
-80,150,ql3RsJZ3a0crexyZzvDYlBEI6Wo=,IO1aFd+PG7GGofyCMOxsO6gE/lw=
-77,146,ql3RsJZ3a0crexyZzvDYlBEI6Wo=,IO1aFd+PG7GGofyCMOxsO6gE/lw=
-65,148,ql3RsJZ3a0crexyZzvDYlBEI6Wo=,IO1aFd+PG7GGofyCMOxsO6gE/lw=
-66,148,ql3RsJZ3a0crexyZzvDYlBEI6Wo=,IO1aFd+PG7GGofyCMOxsO6gE/lw=
-79,150,ql3RsJZ3a0crexyZzvDYlBEI6Wo=,IO1aFd+PG7GGofyCMOxsO6gE/lw=
-67,148,ql3RsJZ3a0crexyZzvDYlBEI6Wo=,IO1aFd+PG7GGofyCMOxsO6gE/lw=
-68,148,ql3RsJZ3a0crexyZzvDYlBEI6Wo=,IO1aFd+PG7GGofyCMOxsO6gE/lw=
-69,148,ql3RsJZ3a0crexyZzvDYlBEI6Wo=,IO1aFd+PG7GGofyCMOxsO6gE/lw=
-70,148,ql3RsJZ3a0crexyZzvDYlBEI6Wo=,IO1aFd+PG7GGofyCMOxsO6gE/lw=
-71,148,ql3RsJZ3a0crexyZzvDYlBEI6Wo=,IO1aFd+PG7GGofyCMOxsO6gE/lw=
-72,148,ql3RsJZ3a0crexyZzvDYlBEI6Wo=,IO1aFd+PG7GGofyCMOxsO6gE/lw=
-73,148,ql3RsJZ3a0crexyZzvDYlBEI6Wo=,IO1aFd+PG7GGofyCMOxsO6gE/lw=
-79,149,ql3RsJZ3a0crexyZzvDYlBEI6Wo=,IO1aFd+PG7GGofyCMOxsO6gE/lw=
-74,148,ql3RsJZ3a0crexyZzvDYlBEI6Wo=,IO1aFd+PG7GGofyCMOxsO6gE/lw=
-78,149,ql3RsJZ3a0crexyZzvDYlBEI6Wo=,IO1aFd+PG7GGofyCMOxsO6gE/lw=
-75,148,ql3RsJZ3a0crexyZzvDYlBEI6Wo=,IO1aFd+PG7GGofyCMOxsO6gE/lw=
-76,148,ql3RsJZ3a0crexyZzvDYlBEI6Wo=,IO1aFd+PG7GGofyCMOxsO6gE/lw=
-80,149,ql3RsJZ3a0crexyZzvDYlBEI6Wo=,IO1aFd+PG7GGofyCMOxsO6gE/lw=
-80,144,ql3RsJZ3a0crexyZzvDYlBEI6Wo=,IO1aFd+PG7GGofyCMOxsO6gE/lw=
-78,146,ql3RsJZ3a0crexyZzvDYlBEI6Wo=,IO1aFd+PG7GGofyCMOxsO6gE/lw=
-80,148,ql3RsJZ3a0crexyZzvDYlBEI6Wo=,IO1aFd+PG7GGofyCMOxsO6gE/lw=
-65,147,ql3RsJZ3a0crexyZzvDYlBEI6Wo=,IO1aFd+PG7GGofyCMOxsO6gE/lw=
-80,155,ql3RsJZ3a0crexyZzvDYlBEI6Wo=,IO1aFd+PG7GGofyCMOxsO6gE/lw=
-66,147,ql3RsJZ3a0crexyZzvDYlBEI6Wo=,IO1aFd+PG7GGofyCMOxsO6gE/lw=
-67,147,ql3RsJZ3a0crexyZzvDYlBEI6Wo=,IO1aFd+PG7GGofyCMOxsO6gE/lw=
-68,147,ql3RsJZ3a0crexyZzvDYlBEI6Wo=,IO1aFd+PG7GGofyCMOxsO6gE/lw=
-69,147,ql3RsJZ3a0crexyZzvDYlBEI6Wo=,IO1aFd+PG7GGofyCMOxsO6gE/lw=
-70,147,ql3RsJZ3a0crexyZzvDYlBEI6Wo=,IO1aFd+PG7GGofyCMOxsO6gE/lw=
-71,147,ql3RsJZ3a0crexyZzvDYlBEI6Wo=,IO1aFd+PG7GGofyCMOxsO6gE/lw=
-72,147,ql3RsJZ3a0crexyZzvDYlBEI6Wo=,IO1aFd+PG7GGofyCMOxsO6gE/lw=
-79,148,ql3RsJZ3a0crexyZzvDYlBEI6Wo=,IO1aFd+PG7GGofyCMOxsO6gE/lw=
-73,147,ql3RsJZ3a0crexyZzvDYlBEI6Wo=,IO1aFd+PG7GGofyCMOxsO6gE/lw=
-74,147,ql3RsJZ3a0crexyZzvDYlBEI6Wo=,IO1aFd+PG7GGofyCMOxsO6gE/lw=
-75,147,ql3RsJZ3a0crexyZzvDYlBEI6Wo=,IO1aFd+PG7GGofyCMOxsO6gE/lw=
-78,148,ql3RsJZ3a0crexyZzvDYlBEI6Wo=,IO1aFd+PG7GGofyCMOxsO6gE/lw=
-76,144,ql3RsJZ3a0crexyZzvDYlBEI6Wo=,IO1aFd+PG7GGofyCMOxsO6gE/lw=
-72,144,ql3RsJZ3a0crexyZzvDYlBEI6Wo=,IO1aFd+PG7GGofyCMOxsO6gE/lw=
-77,148,ql3RsJZ3a0crexyZzvDYlBEI6Wo=,IO1aFd+PG7GGofyCMOxsO6gE/lw=
-79,146,ql3RsJZ3a0crexyZzvDYlBEI6Wo=,IO1aFd+PG7GGofyCMOxsO6gE/lw=
-80,154,ql3RsJZ3a0crexyZzvDYlBEI6Wo=,IO1aFd+PG7GGofyCMOxsO6gE/lw=
-73,144,ql3RsJZ3a0crexyZzvDYlBEI6Wo=,IO1aFd+PG7GGofyCMOxsO6gE/lw=
-75,144,ql3RsJZ3a0crexyZzvDYlBEI6Wo=,IO1aFd+PG7GGofyCMOxsO6gE/lw=
-74,144,ql3RsJZ3a0crexyZzvDYlBEI6Wo=,IO1aFd+PG7GGofyCMOxsO6gE/lw=
-65,129,ql3RsJZ3a0crexyZzvDYlBEI6Wo=,M5URDXnxCPtOcYlIUbbm0EFSFHc=
-65,143,ql3RsJZ3a0crexyZzvDYlBEI6Wo=,M5URDXnxCPtOcYlIUbbm0EFSFHc=
-67,130,ql3RsJZ3a0crexyZzvDYlBEI6Wo=,M5URDXnxCPtOcYlIUbbm0EFSFHc=
-68,130,ql3RsJZ3a0crexyZzvDYlBEI6Wo=,M5URDXnxCPtOcYlIUbbm0EFSFHc=
-68,131,dLkzRoi6nKrMYLQA/Z37hU8DbA8=,M5URDXnxCPtOcYlIUbbm0EFSFHc=
-70,130,dLkzRoi6nKrMYLQA/Z37hU8DbA8=,M5URDXnxCPtOcYlIUbbm0EFSFHc=
-69,130,dLkzRoi6nKrMYLQA/Z37hU8DbA8=,M5URDXnxCPtOcYlIUbbm0EFSFHc=
-66,130,dLkzRoi6nKrMYLQA/Z37hU8DbA8=,M5URDXnxCPtOcYlIUbbm0EFSFHc=
-75,130,dLkzRoi6nKrMYLQA/Z37hU8DbA8=,M5URDXnxCPtOcYlIUbbm0EFSFHc=
-74,130,dLkzRoi6nKrMYLQA/Z37hU8DbA8=,M5URDXnxCPtOcYlIUbbm0EFSFHc=
-73,130,dLkzRoi6nKrMYLQA/Z37hU8DbA8=,M5URDXnxCPtOcYlIUbbm0EFSFHc=
-79,130,dLkzRoi6nKrMYLQA/Z37hU8DbA8=,M5URDXnxCPtOcYlIUbbm0EFSFHc=
-80,130,dLkzRoi6nKrMYLQA/Z37hU8DbA8=,M5URDXnxCPtOcYlIUbbm0EFSFHc=
-69,131,dLkzRoi6nKrMYLQA/Z37hU8DbA8=,M5URDXnxCPtOcYlIUbbm0EFSFHc=
-71,130,dLkzRoi6nKrMYLQA/Z37hU8DbA8=,M5URDXnxCPtOcYlIUbbm0EFSFHc=
-76,128,dLkzRoi6nKrMYLQA/Z37hU8DbA8=,M5URDXnxCPtOcYlIUbbm0EFSFHc=
-66,143,dLkzRoi6nKrMYLQA/Z37hU8DbA8=,M5URDXnxCPtOcYlIUbbm0EFSFHc=
-67,143,dLkzRoi6nKrMYLQA/Z37hU8DbA8=,M5URDXnxCPtOcYlIUbbm0EFSFHc=
-68,143,dLkzRoi6nKrMYLQA/Z37hU8DbA8=,M5URDXnxCPtOcYlIUbbm0EFSFHc=
-69,143,dLkzRoi6nKrMYLQA/Z37hU8DbA8=,M5URDXnxCPtOcYlIUbbm0EFSFHc=
-67,131,dLkzRoi6nKrMYLQA/Z37hU8DbA8=,M5URDXnxCPtOcYlIUbbm0EFSFHc=
-71,143,dLkzRoi6nKrMYLQA/Z37hU8DbA8=,M5URDXnxCPtOcYlIUbbm0EFSFHc=
-65,131,dLkzRoi6nKrMYLQA/Z37hU8DbA8=,M5URDXnxCPtOcYlIUbbm0EFSFHc=
-80,132,dLkzRoi6nKrMYLQA/Z37hU8DbA8=,M5URDXnxCPtOcYlIUbbm0EFSFHc=
-75,128,dLkzRoi6nKrMYLQA/Z37hU8DbA8=,M5URDXnxCPtOcYlIUbbm0EFSFHc=
-66,131,dLkzRoi6nKrMYLQA/Z37hU8DbA8=,M5URDXnxCPtOcYlIUbbm0EFSFHc=
-76,130,dLkzRoi6nKrMYLQA/Z37hU8DbA8=,M5URDXnxCPtOcYlIUbbm0EFSFHc=
-74,143,dLkzRoi6nKrMYLQA/Z37hU8DbA8=,M5URDXnxCPtOcYlIUbbm0EFSFHc=
-72,130,dLkzRoi6nKrMYLQA/Z37hU8DbA8=,M5URDXnxCPtOcYlIUbbm0EFSFHc=
-77,128,dLkzRoi6nKrMYLQA/Z37hU8DbA8=,M5URDXnxCPtOcYlIUbbm0EFSFHc=
-78,130,dLkzRoi6nKrMYLQA/Z37hU8DbA8=,M5URDXnxCPtOcYlIUbbm0EFSFHc=
-78,128,dLkzRoi6nKrMYLQA/Z37hU8DbA8=,M5URDXnxCPtOcYlIUbbm0EFSFHc=
-70,143,dLkzRoi6nKrMYLQA/Z37hU8DbA8=,M5URDXnxCPtOcYlIUbbm0EFSFHc=
-70,131,dLkzRoi6nKrMYLQA/Z37hU8DbA8=,M5URDXnxCPtOcYlIUbbm0EFSFHc=
-66,129,dLkzRoi6nKrMYLQA/Z37hU8DbA8=,M5URDXnxCPtOcYlIUbbm0EFSFHc=
-80,143,dLkzRoi6nKrMYLQA/Z37hU8DbA8=,M5URDXnxCPtOcYlIUbbm0EFSFHc=
-65,142,dLkzRoi6nKrMYLQA/Z37hU8DbA8=,M5URDXnxCPtOcYlIUbbm0EFSFHc=
-66,142,dLkzRoi6nKrMYLQA/Z37hU8DbA8=,M5URDXnxCPtOcYlIUbbm0EFSFHc=
-67,142,dLkzRoi6nKrMYLQA/Z37hU8DbA8=,M5URDXnxCPtOcYlIUbbm0EFSFHc=
-68,142,dLkzRoi6nKrMYLQA/Z37hU8DbA8=,M5URDXnxCPtOcYlIUbbm0EFSFHc=
-69,142,dLkzRoi6nKrMYLQA/Z37hU8DbA8=,M5URDXnxCPtOcYlIUbbm0EFSFHc=
-70,142,dLkzRoi6nKrMYLQA/Z37hU8DbA8=,M5URDXnxCPtOcYlIUbbm0EFSFHc=
-78,143,dLkzRoi6nKrMYLQA/Z37hU8DbA8=,M5URDXnxCPtOcYlIUbbm0EFSFHc=
-79,143,dLkzRoi6nKrMYLQA/Z37hU8DbA8=,M5URDXnxCPtOcYlIUbbm0EFSFHc=
-77,130,dLkzRoi6nKrMYLQA/Z37hU8DbA8=,M5URDXnxCPtOcYlIUbbm0EFSFHc=
-77,143,dLkzRoi6nKrMYLQA/Z37hU8DbA8=,M5URDXnxCPtOcYlIUbbm0EFSFHc=
-72,143,dLkzRoi6nKrMYLQA/Z37hU8DbA8=,M5URDXnxCPtOcYlIUbbm0EFSFHc=
-78,129,dLkzRoi6nKrMYLQA/Z37hU8DbA8=,M5URDXnxCPtOcYlIUbbm0EFSFHc=
-79,132,dLkzRoi6nKrMYLQA/Z37hU8DbA8=,M5URDXnxCPtOcYlIUbbm0EFSFHc=
-73,143,dLkzRoi6nKrMYLQA/Z37hU8DbA8=,M5URDXnxCPtOcYlIUbbm0EFSFHc=
-78,132,dLkzRoi6nKrMYLQA/Z37hU8DbA8=,M5URDXnxCPtOcYlIUbbm0EFSFHc=
-77,132,dLkzRoi6nKrMYLQA/Z37hU8DbA8=,M5URDXnxCPtOcYlIUbbm0EFSFHc=
-75,143,dLkzRoi6nKrMYLQA/Z37hU8DbA8=,M5URDXnxCPtOcYlIUbbm0EFSFHc=
-74,142,dLkzRoi6nKrMYLQA/Z37hU8DbA8=,M5URDXnxCPtOcYlIUbbm0EFSFHc=
-78,142,dLkzRoi6nKrMYLQA/Z37hU8DbA8=,M5URDXnxCPtOcYlIUbbm0EFSFHc=
-79,129,dLkzRoi6nKrMYLQA/Z37hU8DbA8=,M5URDXnxCPtOcYlIUbbm0EFSFHc=
-80,129,dLkzRoi6nKrMYLQA/Z37hU8DbA8=,M5URDXnxCPtOcYlIUbbm0EFSFHc=
-79,142,dLkzRoi6nKrMYLQA/Z37hU8DbA8=,M5URDXnxCPtOcYlIUbbm0EFSFHc=
-80,142,dLkzRoi6nKrMYLQA/Z37hU8DbA8=,M5URDXnxCPtOcYlIUbbm0EFSFHc=
-79,128,dLkzRoi6nKrMYLQA/Z37hU8DbA8=,M5URDXnxCPtOcYlIUbbm0EFSFHc=
-65,141,dLkzRoi6nKrMYLQA/Z37hU8DbA8=,M5URDXnxCPtOcYlIUbbm0EFSFHc=
-66,141,dLkzRoi6nKrMYLQA/Z37hU8DbA8=,M5URDXnxCPtOcYlIUbbm0EFSFHc=
-67,141,dLkzRoi6nKrMYLQA/Z37hU8DbA8=,M5URDXnxCPtOcYlIUbbm0EFSFHc=
-68,141,dLkzRoi6nKrMYLQA/Z37hU8DbA8=,M5URDXnxCPtOcYlIUbbm0EFSFHc=
-69,141,dLkzRoi6nKrMYLQA/Z37hU8DbA8=,M5URDXnxCPtOcYlIUbbm0EFSFHc=
-70,141,dLkzRoi6nKrMYLQA/Z37hU8DbA8=,M5URDXnxCPtOcYlIUbbm0EFSFHc=
-71,131,dLkzRoi6nKrMYLQA/Z37hU8DbA8=,M5URDXnxCPtOcYlIUbbm0EFSFHc=
-77,142,dLkzRoi6nKrMYLQA/Z37hU8DbA8=,M5URDXnxCPtOcYlIUbbm0EFSFHc=
-74,141,dLkzRoi6nKrMYLQA/Z37hU8DbA8=,M5URDXnxCPtOcYlIUbbm0EFSFHc=
-71,142,dLkzRoi6nKrMYLQA/Z37hU8DbA8=,M5URDXnxCPtOcYlIUbbm0EFSFHc=
-76,132,dLkzRoi6nKrMYLQA/Z37hU8DbA8=,M5URDXnxCPtOcYlIUbbm0EFSFHc=
-75,132,dLkzRoi6nKrMYLQA/Z37hU8DbA8=,M5URDXnxCPtOcYlIUbbm0EFSFHc=
-76,143,dLkzRoi6nKrMYLQA/Z37hU8DbA8=,M5URDXnxCPtOcYlIUbbm0EFSFHc=
-77,141,dLkzRoi6nKrMYLQA/Z37hU8DbA8=,M5URDXnxCPtOcYlIUbbm0EFSFHc=
-65,128,dLkzRoi6nKrMYLQA/Z37hU8DbA8=,M5URDXnxCPtOcYlIUbbm0EFSFHc=
-67,129,dLkzRoi6nKrMYLQA/Z37hU8DbA8=,M5URDXnxCPtOcYlIUbbm0EFSFHc=
-72,142,dLkzRoi6nKrMYLQA/Z37hU8DbA8=,M5URDXnxCPtOcYlIUbbm0EFSFHc=
-78,141,dLkzRoi6nKrMYLQA/Z37hU8DbA8=,M5URDXnxCPtOcYlIUbbm0EFSFHc=
-79,141,dLkzRoi6nKrMYLQA/Z37hU8DbA8=,M5URDXnxCPtOcYlIUbbm0EFSFHc=
-80,141,dLkzRoi6nKrMYLQA/Z37hU8DbA8=,M5URDXnxCPtOcYlIUbbm0EFSFHc=
-68,129,dLkzRoi6nKrMYLQA/Z37hU8DbA8=,M5URDXnxCPtOcYlIUbbm0EFSFHc=
-65,140,dLkzRoi6nKrMYLQA/Z37hU8DbA8=,M5URDXnxCPtOcYlIUbbm0EFSFHc=
-66,140,dLkzRoi6nKrMYLQA/Z37hU8DbA8=,M5URDXnxCPtOcYlIUbbm0EFSFHc=
-67,140,dLkzRoi6nKrMYLQA/Z37hU8DbA8=,M5URDXnxCPtOcYlIUbbm0EFSFHc=
-68,140,dLkzRoi6nKrMYLQA/Z37hU8DbA8=,M5URDXnxCPtOcYlIUbbm0EFSFHc=
-69,140,dLkzRoi6nKrMYLQA/Z37hU8DbA8=,M5URDXnxCPtOcYlIUbbm0EFSFHc=
-70,140,dLkzRoi6nKrMYLQA/Z37hU8DbA8=,M5URDXnxCPtOcYlIUbbm0EFSFHc=
-74,132,dLkzRoi6nKrMYLQA/Z37hU8DbA8=,M5URDXnxCPtOcYlIUbbm0EFSFHc=
-71,141,dLkzRoi6nKrMYLQA/Z37hU8DbA8=,M5URDXnxCPtOcYlIUbbm0EFSFHc=
-73,142,dLkzRoi6nKrMYLQA/Z37hU8DbA8=,M5URDXnxCPtOcYlIUbbm0EFSFHc=
-73,132,dLkzRoi6nKrMYLQA/Z37hU8DbA8=,M5URDXnxCPtOcYlIUbbm0EFSFHc=
-72,141,dLkzRoi6nKrMYLQA/Z37hU8DbA8=,M5URDXnxCPtOcYlIUbbm0EFSFHc=
-75,141,dLkzRoi6nKrMYLQA/Z37hU8DbA8=,M5URDXnxCPtOcYlIUbbm0EFSFHc=
-72,131,dLkzRoi6nKrMYLQA/Z37hU8DbA8=,M5URDXnxCPtOcYlIUbbm0EFSFHc=
-75,142,dLkzRoi6nKrMYLQA/Z37hU8DbA8=,M5URDXnxCPtOcYlIUbbm0EFSFHc=
-66,128,dLkzRoi6nKrMYLQA/Z37hU8DbA8=,M5URDXnxCPtOcYlIUbbm0EFSFHc=
-76,142,dLkzRoi6nKrMYLQA/Z37hU8DbA8=,M5URDXnxCPtOcYlIUbbm0EFSFHc=
-77,140,dLkzRoi6nKrMYLQA/Z37hU8DbA8=,M5URDXnxCPtOcYlIUbbm0EFSFHc=
-73,131,dLkzRoi6nKrMYLQA/Z37hU8DbA8=,M5URDXnxCPtOcYlIUbbm0EFSFHc=
-79,140,dLkzRoi6nKrMYLQA/Z37hU8DbA8=,M5URDXnxCPtOcYlIUbbm0EFSFHc=
-80,140,dLkzRoi6nKrMYLQA/Z37hU8DbA8=,M5URDXnxCPtOcYlIUbbm0EFSFHc=
-69,129,dLkzRoi6nKrMYLQA/Z37hU8DbA8=,M5URDXnxCPtOcYlIUbbm0EFSFHc=
-65,139,dLkzRoi6nKrMYLQA/Z37hU8DbA8=,M5URDXnxCPtOcYlIUbbm0EFSFHc=
-66,139,dLkzRoi6nKrMYLQA/Z37hU8DbA8=,M5URDXnxCPtOcYlIUbbm0EFSFHc=
-67,139,dLkzRoi6nKrMYLQA/Z37hU8DbA8=,M5URDXnxCPtOcYlIUbbm0EFSFHc=
-68,139,dLkzRoi6nKrMYLQA/Z37hU8DbA8=,M5URDXnxCPtOcYlIUbbm0EFSFHc=
-72,132,dLkzRoi6nKrMYLQA/Z37hU8DbA8=,M5URDXnxCPtOcYlIUbbm0EFSFHc=
-69,139,dLkzRoi6nKrMYLQA/Z37hU8DbA8=,M5URDXnxCPtOcYlIUbbm0EFSFHc=
-70,139,dLkzRoi6nKrMYLQA/Z37hU8DbA8=,M5URDXnxCPtOcYlIUbbm0EFSFHc=
-71,139,dLkzRoi6nKrMYLQA/Z37hU8DbA8=,M5URDXnxCPtOcYlIUbbm0EFSFHc=
-74,140,dLkzRoi6nKrMYLQA/Z37hU8DbA8=,M5URDXnxCPtOcYlIUbbm0EFSFHc=
-76,140,dLkzRoi6nKrMYLQA/Z37hU8DbA8=,M5URDXnxCPtOcYlIUbbm0EFSFHc=
-75,140,dLkzRoi6nKrMYLQA/Z37hU8DbA8=,M5URDXnxCPtOcYlIUbbm0EFSFHc=
-71,132,dLkzRoi6nKrMYLQA/Z37hU8DbA8=,M5URDXnxCPtOcYlIUbbm0EFSFHc=
-70,132,dLkzRoi6nKrMYLQA/Z37hU8DbA8=,M5URDXnxCPtOcYlIUbbm0EFSFHc=
-69,132,dLkzRoi6nKrMYLQA/Z37hU8DbA8=,M5URDXnxCPtOcYlIUbbm0EFSFHc=
-65,130,dLkzRoi6nKrMYLQA/Z37hU8DbA8=,M5URDXnxCPtOcYlIUbbm0EFSFHc=
-74,128,dLkzRoi6nKrMYLQA/Z37hU8DbA8=,M5URDXnxCPtOcYlIUbbm0EFSFHc=
-68,132,dLkzRoi6nKrMYLQA/Z37hU8DbA8=,M5URDXnxCPtOcYlIUbbm0EFSFHc=
-67,132,dLkzRoi6nKrMYLQA/Z37hU8DbA8=,M5URDXnxCPtOcYlIUbbm0EFSFHc=
-66,132,dLkzRoi6nKrMYLQA/Z37hU8DbA8=,M5URDXnxCPtOcYlIUbbm0EFSFHc=
-65,132,dLkzRoi6nKrMYLQA/Z37hU8DbA8=,M5URDXnxCPtOcYlIUbbm0EFSFHc=
-80,133,dLkzRoi6nKrMYLQA/Z37hU8DbA8=,M5URDXnxCPtOcYlIUbbm0EFSFHc=
-73,141,dLkzRoi6nKrMYLQA/Z37hU8DbA8=,M5URDXnxCPtOcYlIUbbm0EFSFHc=
-67,128,dLkzRoi6nKrMYLQA/Z37hU8DbA8=,M5URDXnxCPtOcYlIUbbm0EFSFHc=
-74,131,dLkzRoi6nKrMYLQA/Z37hU8DbA8=,M5URDXnxCPtOcYlIUbbm0EFSFHc=
-71,140,dLkzRoi6nKrMYLQA/Z37hU8DbA8=,M5URDXnxCPtOcYlIUbbm0EFSFHc=
-72,140,dLkzRoi6nKrMYLQA/Z37hU8DbA8=,M5URDXnxCPtOcYlIUbbm0EFSFHc=
-78,140,dLkzRoi6nKrMYLQA/Z37hU8DbA8=,M5URDXnxCPtOcYlIUbbm0EFSFHc=
-79,139,dLkzRoi6nKrMYLQA/Z37hU8DbA8=,M5URDXnxCPtOcYlIUbbm0EFSFHc=
-80,139,dLkzRoi6nKrMYLQA/Z37hU8DbA8=,M5URDXnxCPtOcYlIUbbm0EFSFHc=
-72,139,dLkzRoi6nKrMYLQA/Z37hU8DbA8=,M5URDXnxCPtOcYlIUbbm0EFSFHc=
-65,138,dLkzRoi6nKrMYLQA/Z37hU8DbA8=,M5URDXnxCPtOcYlIUbbm0EFSFHc=
-66,138,dLkzRoi6nKrMYLQA/Z37hU8DbA8=,M5URDXnxCPtOcYlIUbbm0EFSFHc=
-67,138,dLkzRoi6nKrMYLQA/Z37hU8DbA8=,M5URDXnxCPtOcYlIUbbm0EFSFHc=
-68,138,dLkzRoi6nKrMYLQA/Z37hU8DbA8=,M5URDXnxCPtOcYlIUbbm0EFSFHc=
-69,138,dLkzRoi6nKrMYLQA/Z37hU8DbA8=,M5URDXnxCPtOcYlIUbbm0EFSFHc=
-70,138,dLkzRoi6nKrMYLQA/Z37hU8DbA8=,M5URDXnxCPtOcYlIUbbm0EFSFHc=
-71,138,dLkzRoi6nKrMYLQA/Z37hU8DbA8=,M5URDXnxCPtOcYlIUbbm0EFSFHc=
-70,129,dLkzRoi6nKrMYLQA/Z37hU8DbA8=,M5URDXnxCPtOcYlIUbbm0EFSFHc=
-75,139,dLkzRoi6nKrMYLQA/Z37hU8DbA8=,M5URDXnxCPtOcYlIUbbm0EFSFHc=
-73,140,dLkzRoi6nKrMYLQA/Z37hU8DbA8=,M5URDXnxCPtOcYlIUbbm0EFSFHc=
-76,139,dLkzRoi6nKrMYLQA/Z37hU8DbA8=,M5URDXnxCPtOcYlIUbbm0EFSFHc=
-68,128,dLkzRoi6nKrMYLQA/Z37hU8DbA8=,M5URDXnxCPtOcYlIUbbm0EFSFHc=
-75,131,dLkzRoi6nKrMYLQA/Z37hU8DbA8=,M5URDXnxCPtOcYlIUbbm0EFSFHc=
-73,138,dLkzRoi6nKrMYLQA/Z37hU8DbA8=,M5URDXnxCPtOcYlIUbbm0EFSFHc=
-77,129,dLkzRoi6nKrMYLQA/Z37hU8DbA8=,M5URDXnxCPtOcYlIUbbm0EFSFHc=
-79,133,dLkzRoi6nKrMYLQA/Z37hU8DbA8=,M5URDXnxCPtOcYlIUbbm0EFSFHc=
-76,138,dLkzRoi6nKrMYLQA/Z37hU8DbA8=,M5URDXnxCPtOcYlIUbbm0EFSFHc=
-75,138,dLkzRoi6nKrMYLQA/Z37hU8DbA8=,M5URDXnxCPtOcYlIUbbm0EFSFHc=
-79,138,dLkzRoi6nKrMYLQA/Z37hU8DbA8=,M5URDXnxCPtOcYlIUbbm0EFSFHc=
-80,138,dLkzRoi6nKrMYLQA/Z37hU8DbA8=,M5URDXnxCPtOcYlIUbbm0EFSFHc=
-74,138,dLkzRoi6nKrMYLQA/Z37hU8DbA8=,M5URDXnxCPtOcYlIUbbm0EFSFHc=
-65,137,dLkzRoi6nKrMYLQA/Z37hU8DbA8=,M5URDXnxCPtOcYlIUbbm0EFSFHc=
-66,137,dLkzRoi6nKrMYLQA/Z37hU8DbA8=,M5URDXnxCPtOcYlIUbbm0EFSFHc=
-67,137,dLkzRoi6nKrMYLQA/Z37hU8DbA8=,M5URDXnxCPtOcYlIUbbm0EFSFHc=
-68,137,dLkzRoi6nKrMYLQA/Z37hU8DbA8=,M5URDXnxCPtOcYlIUbbm0EFSFHc=
-69,137,dLkzRoi6nKrMYLQA/Z37hU8DbA8=,M5URDXnxCPtOcYlIUbbm0EFSFHc=
-70,137,dLkzRoi6nKrMYLQA/Z37hU8DbA8=,M5URDXnxCPtOcYlIUbbm0EFSFHc=
-74,139,dLkzRoi6nKrMYLQA/Z37hU8DbA8=,M5URDXnxCPtOcYlIUbbm0EFSFHc=
-77,138,dLkzRoi6nKrMYLQA/Z37hU8DbA8=,M5URDXnxCPtOcYlIUbbm0EFSFHc=
-73,139,dLkzRoi6nKrMYLQA/Z37hU8DbA8=,M5URDXnxCPtOcYlIUbbm0EFSFHc=
-71,129,dLkzRoi6nKrMYLQA/Z37hU8DbA8=,M5URDXnxCPtOcYlIUbbm0EFSFHc=
-69,128,dLkzRoi6nKrMYLQA/Z37hU8DbA8=,M5URDXnxCPtOcYlIUbbm0EFSFHc=
-77,139,dLkzRoi6nKrMYLQA/Z37hU8DbA8=,M5URDXnxCPtOcYlIUbbm0EFSFHc=
-78,133,dLkzRoi6nKrMYLQA/Z37hU8DbA8=,M5URDXnxCPtOcYlIUbbm0EFSFHc=
-75,137,dLkzRoi6nKrMYLQA/Z37hU8DbA8=,M5URDXnxCPtOcYlIUbbm0EFSFHc=
-76,137,dLkzRoi6nKrMYLQA/Z37hU8DbA8=,M5URDXnxCPtOcYlIUbbm0EFSFHc=
-78,139,dLkzRoi6nKrMYLQA/Z37hU8DbA8=,M5URDXnxCPtOcYlIUbbm0EFSFHc=
-72,138,dLkzRoi6nKrMYLQA/Z37hU8DbA8=,M5URDXnxCPtOcYlIUbbm0EFSFHc=
-80,137,dLkzRoi6nKrMYLQA/Z37hU8DbA8=,M5URDXnxCPtOcYlIUbbm0EFSFHc=
-79,137,dLkzRoi6nKrMYLQA/Z37hU8DbA8=,M5URDXnxCPtOcYlIUbbm0EFSFHc=
-73,137,dLkzRoi6nKrMYLQA/Z37hU8DbA8=,M5URDXnxCPtOcYlIUbbm0EFSFHc=
-65,136,dLkzRoi6nKrMYLQA/Z37hU8DbA8=,M5URDXnxCPtOcYlIUbbm0EFSFHc=
-74,137,dLkzRoi6nKrMYLQA/Z37hU8DbA8=,M5URDXnxCPtOcYlIUbbm0EFSFHc=
-66,136,dLkzRoi6nKrMYLQA/Z37hU8DbA8=,M5URDXnxCPtOcYlIUbbm0EFSFHc=
-67,136,dLkzRoi6nKrMYLQA/Z37hU8DbA8=,M5URDXnxCPtOcYlIUbbm0EFSFHc=
-68,136,dLkzRoi6nKrMYLQA/Z37hU8DbA8=,M5URDXnxCPtOcYlIUbbm0EFSFHc=
-69,136,dLkzRoi6nKrMYLQA/Z37hU8DbA8=,M5URDXnxCPtOcYlIUbbm0EFSFHc=
-70,136,dLkzRoi6nKrMYLQA/Z37hU8DbA8=,M5URDXnxCPtOcYlIUbbm0EFSFHc=
-77,133,dLkzRoi6nKrMYLQA/Z37hU8DbA8=,M5URDXnxCPtOcYlIUbbm0EFSFHc=
-80,128,dLkzRoi6nKrMYLQA/Z37hU8DbA8=,M5URDXnxCPtOcYlIUbbm0EFSFHc=
-78,137,dLkzRoi6nKrMYLQA/Z37hU8DbA8=,M5URDXnxCPtOcYlIUbbm0EFSFHc=
-70,128,dLkzRoi6nKrMYLQA/Z37hU8DbA8=,M5URDXnxCPtOcYlIUbbm0EFSFHc=
-76,131,dLkzRoi6nKrMYLQA/Z37hU8DbA8=,M5URDXnxCPtOcYlIUbbm0EFSFHc=
-76,133,dLkzRoi6nKrMYLQA/Z37hU8DbA8=,M5URDXnxCPtOcYlIUbbm0EFSFHc=
-72,129,dLkzRoi6nKrMYLQA/Z37hU8DbA8=,M5URDXnxCPtOcYlIUbbm0EFSFHc=
-75,133,dLkzRoi6nKrMYLQA/Z37hU8DbA8=,M5URDXnxCPtOcYlIUbbm0EFSFHc=
-74,133,dLkzRoi6nKrMYLQA/Z37hU8DbA8=,M5URDXnxCPtOcYlIUbbm0EFSFHc=
-73,133,dLkzRoi6nKrMYLQA/Z37hU8DbA8=,M5URDXnxCPtOcYlIUbbm0EFSFHc=
-71,137,dLkzRoi6nKrMYLQA/Z37hU8DbA8=,M5URDXnxCPtOcYlIUbbm0EFSFHc=
-78,138,dLkzRoi6nKrMYLQA/Z37hU8DbA8=,M5URDXnxCPtOcYlIUbbm0EFSFHc=
-72,137,dLkzRoi6nKrMYLQA/Z37hU8DbA8=,M5URDXnxCPtOcYlIUbbm0EFSFHc=
-71,136,dLkzRoi6nKrMYLQA/Z37hU8DbA8=,M5URDXnxCPtOcYlIUbbm0EFSFHc=
-72,136,dLkzRoi6nKrMYLQA/Z37hU8DbA8=,M5URDXnxCPtOcYlIUbbm0EFSFHc=
-79,136,dLkzRoi6nKrMYLQA/Z37hU8DbA8=,M5URDXnxCPtOcYlIUbbm0EFSFHc=
-73,129,dLkzRoi6nKrMYLQA/Z37hU8DbA8=,M5URDXnxCPtOcYlIUbbm0EFSFHc=
-80,136,dLkzRoi6nKrMYLQA/Z37hU8DbA8=,M5URDXnxCPtOcYlIUbbm0EFSFHc=
-65,135,dLkzRoi6nKrMYLQA/Z37hU8DbA8=,M5URDXnxCPtOcYlIUbbm0EFSFHc=
-66,135,dLkzRoi6nKrMYLQA/Z37hU8DbA8=,M5URDXnxCPtOcYlIUbbm0EFSFHc=
-67,135,dLkzRoi6nKrMYLQA/Z37hU8DbA8=,M5URDXnxCPtOcYlIUbbm0EFSFHc=
-68,135,dLkzRoi6nKrMYLQA/Z37hU8DbA8=,M5URDXnxCPtOcYlIUbbm0EFSFHc=
-69,135,dLkzRoi6nKrMYLQA/Z37hU8DbA8=,M5URDXnxCPtOcYlIUbbm0EFSFHc=
-70,135,dLkzRoi6nKrMYLQA/Z37hU8DbA8=,M5URDXnxCPtOcYlIUbbm0EFSFHc=
-71,135,dLkzRoi6nKrMYLQA/Z37hU8DbA8=,M5URDXnxCPtOcYlIUbbm0EFSFHc=
-72,133,dLkzRoi6nKrMYLQA/Z37hU8DbA8=,M5URDXnxCPtOcYlIUbbm0EFSFHc=
-77,131,dLkzRoi6nKrMYLQA/Z37hU8DbA8=,M5URDXnxCPtOcYlIUbbm0EFSFHc=
-78,131,dLkzRoi6nKrMYLQA/Z37hU8DbA8=,M5URDXnxCPtOcYlIUbbm0EFSFHc=
-77,136,dLkzRoi6nKrMYLQA/Z37hU8DbA8=,M5URDXnxCPtOcYlIUbbm0EFSFHc=
-73,136,dLkzRoi6nKrMYLQA/Z37hU8DbA8=,M5URDXnxCPtOcYlIUbbm0EFSFHc=
-78,136,dLkzRoi6nKrMYLQA/Z37hU8DbA8=,M5URDXnxCPtOcYlIUbbm0EFSFHc=
-76,136,dLkzRoi6nKrMYLQA/Z37hU8DbA8=,M5URDXnxCPtOcYlIUbbm0EFSFHc=
-75,136,dLkzRoi6nKrMYLQA/Z37hU8DbA8=,M5URDXnxCPtOcYlIUbbm0EFSFHc=
-72,135,dLkzRoi6nKrMYLQA/Z37hU8DbA8=,M5URDXnxCPtOcYlIUbbm0EFSFHc=
-71,133,dLkzRoi6nKrMYLQA/Z37hU8DbA8=,M5URDXnxCPtOcYlIUbbm0EFSFHc=
-70,133,dLkzRoi6nKrMYLQA/Z37hU8DbA8=,M5URDXnxCPtOcYlIUbbm0EFSFHc=
-80,131,dLkzRoi6nKrMYLQA/Z37hU8DbA8=,M5URDXnxCPtOcYlIUbbm0EFSFHc=
-71,128,dLkzRoi6nKrMYLQA/Z37hU8DbA8=,M5URDXnxCPtOcYlIUbbm0EFSFHc=
-79,135,dLkzRoi6nKrMYLQA/Z37hU8DbA8=,M5URDXnxCPtOcYlIUbbm0EFSFHc=
-74,129,dLkzRoi6nKrMYLQA/Z37hU8DbA8=,M5URDXnxCPtOcYlIUbbm0EFSFHc=
-80,135,dLkzRoi6nKrMYLQA/Z37hU8DbA8=,M5URDXnxCPtOcYlIUbbm0EFSFHc=
-65,134,dLkzRoi6nKrMYLQA/Z37hU8DbA8=,M5URDXnxCPtOcYlIUbbm0EFSFHc=
-66,134,dLkzRoi6nKrMYLQA/Z37hU8DbA8=,M5URDXnxCPtOcYlIUbbm0EFSFHc=
-67,134,dLkzRoi6nKrMYLQA/Z37hU8DbA8=,M5URDXnxCPtOcYlIUbbm0EFSFHc=
-68,134,dLkzRoi6nKrMYLQA/Z37hU8DbA8=,M5URDXnxCPtOcYlIUbbm0EFSFHc=
-69,134,dLkzRoi6nKrMYLQA/Z37hU8DbA8=,M5URDXnxCPtOcYlIUbbm0EFSFHc=
-73,135,dLkzRoi6nKrMYLQA/Z37hU8DbA8=,M5URDXnxCPtOcYlIUbbm0EFSFHc=
-77,137,dLkzRoi6nKrMYLQA/Z37hU8DbA8=,M5URDXnxCPtOcYlIUbbm0EFSFHc=
-79,131,dLkzRoi6nKrMYLQA/Z37hU8DbA8=,M5URDXnxCPtOcYlIUbbm0EFSFHc=
-74,136,dLkzRoi6nKrMYLQA/Z37hU8DbA8=,M5URDXnxCPtOcYlIUbbm0EFSFHc=
-78,135,dLkzRoi6nKrMYLQA/Z37hU8DbA8=,M5URDXnxCPtOcYlIUbbm0EFSFHc=
-70,134,dLkzRoi6nKrMYLQA/Z37hU8DbA8=,M5URDXnxCPtOcYlIUbbm0EFSFHc=
-74,134,dLkzRoi6nKrMYLQA/Z37hU8DbA8=,M5URDXnxCPtOcYlIUbbm0EFSFHc=
-75,134,dLkzRoi6nKrMYLQA/Z37hU8DbA8=,M5URDXnxCPtOcYlIUbbm0EFSFHc=
-76,129,dLkzRoi6nKrMYLQA/Z37hU8DbA8=,M5URDXnxCPtOcYlIUbbm0EFSFHc=
-73,128,dLkzRoi6nKrMYLQA/Z37hU8DbA8=,M5URDXnxCPtOcYlIUbbm0EFSFHc=
-69,133,dLkzRoi6nKrMYLQA/Z37hU8DbA8=,M5URDXnxCPtOcYlIUbbm0EFSFHc=
-68,133,dLkzRoi6nKrMYLQA/Z37hU8DbA8=,M5URDXnxCPtOcYlIUbbm0EFSFHc=
-67,133,dLkzRoi6nKrMYLQA/Z37hU8DbA8=,M5URDXnxCPtOcYlIUbbm0EFSFHc=
-66,133,dLkzRoi6nKrMYLQA/Z37hU8DbA8=,M5URDXnxCPtOcYlIUbbm0EFSFHc=
-65,133,dLkzRoi6nKrMYLQA/Z37hU8DbA8=,M5URDXnxCPtOcYlIUbbm0EFSFHc=
-72,134,dLkzRoi6nKrMYLQA/Z37hU8DbA8=,M5URDXnxCPtOcYlIUbbm0EFSFHc=
-75,129,dLkzRoi6nKrMYLQA/Z37hU8DbA8=,M5URDXnxCPtOcYlIUbbm0EFSFHc=
-80,134,dLkzRoi6nKrMYLQA/Z37hU8DbA8=,M5URDXnxCPtOcYlIUbbm0EFSFHc=
-79,134,dLkzRoi6nKrMYLQA/Z37hU8DbA8=,M5URDXnxCPtOcYlIUbbm0EFSFHc=
-71,134,dLkzRoi6nKrMYLQA/Z37hU8DbA8=,M5URDXnxCPtOcYlIUbbm0EFSFHc=
-76,134,dLkzRoi6nKrMYLQA/Z37hU8DbA8=,M5URDXnxCPtOcYlIUbbm0EFSFHc=
-76,135,dLkzRoi6nKrMYLQA/Z37hU8DbA8=,M5URDXnxCPtOcYlIUbbm0EFSFHc=
-72,128,dLkzRoi6nKrMYLQA/Z37hU8DbA8=,M5URDXnxCPtOcYlIUbbm0EFSFHc=
-77,135,dLkzRoi6nKrMYLQA/Z37hU8DbA8=,M5URDXnxCPtOcYlIUbbm0EFSFHc=
-75,135,dLkzRoi6nKrMYLQA/Z37hU8DbA8=,M5URDXnxCPtOcYlIUbbm0EFSFHc=
-74,135,dLkzRoi6nKrMYLQA/Z37hU8DbA8=,M5URDXnxCPtOcYlIUbbm0EFSFHc=
-73,134,dLkzRoi6nKrMYLQA/Z37hU8DbA8=,M5URDXnxCPtOcYlIUbbm0EFSFHc=
-77,134,dLkzRoi6nKrMYLQA/Z37hU8DbA8=,M5URDXnxCPtOcYlIUbbm0EFSFHc=
-78,134,dLkzRoi6nKrMYLQA/Z37hU8DbA8=,M5URDXnxCPtOcYlIUbbm0EFSFHc=
-76,141,dLkzRoi6nKrMYLQA/Z37hU8DbA8=,M5URDXnxCPtOcYlIUbbm0EFSFHc=
