-1,31,nf0ZVa00QvQgyiPLK6R1bzlu6B0=,0tEVQWLHk0nHqfWl2J03TcKbhO8=
-3,18,nf0ZVa00QvQgyiPLK6R1bzlu6B0=,0tEVQWLHk0nHqfWl2J03TcKbhO8=
-2,31,nf0ZVa00QvQgyiPLK6R1bzlu6B0=,0tEVQWLHk0nHqfWl2J03TcKbhO8=
-13,16,nf0ZVa00QvQgyiPLK6R1bzlu6B0=,0tEVQWLHk0nHqfWl2J03TcKbhO8=
-2,18,nf0ZVa00QvQgyiPLK6R1bzlu6B0=,0tEVQWLHk0nHqfWl2J03TcKbhO8=
-3,31,nf0ZVa00QvQgyiPLK6R1bzlu6B0=,0tEVQWLHk0nHqfWl2J03TcKbhO8=
-4,31,nf0ZVa00QvQgyiPLK6R1bzlu6B0=,0tEVQWLHk0nHqfWl2J03TcKbhO8=
-1,17,nf0ZVa00QvQgyiPLK6R1bzlu6B0=,0tEVQWLHk0nHqfWl2J03TcKbhO8=
-1,18,nf0ZVa00QvQgyiPLK6R1bzlu6B0=,0tEVQWLHk0nHqfWl2J03TcKbhO8=
-5,31,nf0ZVa00QvQgyiPLK6R1bzlu6B0=,0tEVQWLHk0nHqfWl2J03TcKbhO8=
-2,17,nf0ZVa00QvQgyiPLK6R1bzlu6B0=,0tEVQWLHk0nHqfWl2J03TcKbhO8=
-16,19,nf0ZVa00QvQgyiPLK6R1bzlu6B0=,0tEVQWLHk0nHqfWl2J03TcKbhO8=
-5,17,nf0ZVa00QvQgyiPLK6R1bzlu6B0=,0tEVQWLHk0nHqfWl2J03TcKbhO8=
-15,19,nf0ZVa00QvQgyiPLK6R1bzlu6B0=,0tEVQWLHk0nHqfWl2J03TcKbhO8=
-6,17,nf0ZVa00QvQgyiPLK6R1bzlu6B0=,0tEVQWLHk0nHqfWl2J03TcKbhO8=
-4,17,nf0ZVa00QvQgyiPLK6R1bzlu6B0=,0tEVQWLHk0nHqfWl2J03TcKbhO8=
-7,17,nf0ZVa00QvQgyiPLK6R1bzlu6B0=,0tEVQWLHk0nHqfWl2J03TcKbhO8=
-14,19,nf0ZVa00QvQgyiPLK6R1bzlu6B0=,0tEVQWLHk0nHqfWl2J03TcKbhO8=
-8,17,nf0ZVa00QvQgyiPLK6R1bzlu6B0=,0tEVQWLHk0nHqfWl2J03TcKbhO8=
-10,17,nf0ZVa00QvQgyiPLK6R1bzlu6B0=,0tEVQWLHk0nHqfWl2J03TcKbhO8=
-9,17,nf0ZVa00QvQgyiPLK6R1bzlu6B0=,0tEVQWLHk0nHqfWl2J03TcKbhO8=
-3,17,nf0ZVa00QvQgyiPLK6R1bzlu6B0=,0tEVQWLHk0nHqfWl2J03TcKbhO8=
-11,17,nf0ZVa00QvQgyiPLK6R1bzlu6B0=,0tEVQWLHk0nHqfWl2J03TcKbhO8=
-12,17,nf0ZVa00QvQgyiPLK6R1bzlu6B0=,0tEVQWLHk0nHqfWl2J03TcKbhO8=
-7,31,nf0ZVa00QvQgyiPLK6R1bzlu6B0=,0tEVQWLHk0nHqfWl2J03TcKbhO8=
-16,18,nf0ZVa00QvQgyiPLK6R1bzlu6B0=,0tEVQWLHk0nHqfWl2J03TcKbhO8=
-13,19,nf0ZVa00QvQgyiPLK6R1bzlu6B0=,0tEVQWLHk0nHqfWl2J03TcKbhO8=
-10,31,nf0ZVa00QvQgyiPLK6R1bzlu6B0=,0tEVQWLHk0nHqfWl2J03TcKbhO8=
-8,31,nf0ZVa00QvQgyiPLK6R1bzlu6B0=,0tEVQWLHk0nHqfWl2J03TcKbhO8=
-12,16,nf0ZVa00QvQgyiPLK6R1bzlu6B0=,0tEVQWLHk0nHqfWl2J03TcKbhO8=
-13,31,nf0ZVa00QvQgyiPLK6R1bzlu6B0=,0tEVQWLHk0nHqfWl2J03TcKbhO8=
-9,31,nf0ZVa00QvQgyiPLK6R1bzlu6B0=,0tEVQWLHk0nHqfWl2J03TcKbhO8=
-6,31,nf0ZVa00QvQgyiPLK6R1bzlu6B0=,0tEVQWLHk0nHqfWl2J03TcKbhO8=
-12,19,nf0ZVa00QvQgyiPLK6R1bzlu6B0=,0tEVQWLHk0nHqfWl2J03TcKbhO8=
-11,19,nf0ZVa00QvQgyiPLK6R1bzlu6B0=,0tEVQWLHk0nHqfWl2J03TcKbhO8=
-15,17,nf0ZVa00QvQgyiPLK6R1bzlu6B0=,0tEVQWLHk0nHqfWl2J03TcKbhO8=
-10,19,nf0ZVa00QvQgyiPLK6R1bzlu6B0=,0tEVQWLHk0nHqfWl2J03TcKbhO8=
-1,30,nf0ZVa00QvQgyiPLK6R1bzlu6B0=,0tEVQWLHk0nHqfWl2J03TcKbhO8=
-9,19,nf0ZVa00QvQgyiPLK6R1bzlu6B0=,0tEVQWLHk0nHqfWl2J03TcKbhO8=
-8,19,nf0ZVa00QvQgyiPLK6R1bzlu6B0=,0tEVQWLHk0nHqfWl2J03TcKbhO8=
-14,31,nf0ZVa00QvQgyiPLK6R1bzlu6B0=,0tEVQWLHk0nHqfWl2J03TcKbhO8=
-14,17,nf0ZVa00QvQgyiPLK6R1bzlu6B0=,0tEVQWLHk0nHqfWl2J03TcKbhO8=
-13,17,nf0ZVa00QvQgyiPLK6R1bzlu6B0=,0tEVQWLHk0nHqfWl2J03TcKbhO8=
-7,19,nf0ZVa00QvQgyiPLK6R1bzlu6B0=,0tEVQWLHk0nHqfWl2J03TcKbhO8=
-2,30,nf0ZVa00QvQgyiPLK6R1bzlu6B0=,0tEVQWLHk0nHqfWl2J03TcKbhO8=
-4,18,nf0ZVa00QvQgyiPLK6R1bzlu6B0=,0tEVQWLHk0nHqfWl2J03TcKbhO8=
-14,16,nf0ZVa00QvQgyiPLK6R1bzlu6B0=,0tEVQWLHk0nHqfWl2J03TcKbhO8=
-6,19,nf0ZVa00QvQgyiPLK6R1bzlu6B0=,0tEVQWLHk0nHqfWl2J03TcKbhO8=
-3,30,nf0ZVa00QvQgyiPLK6R1bzlu6B0=,0tEVQWLHk0nHqfWl2J03TcKbhO8=
-5,30,nf0ZVa00QvQgyiPLK6R1bzlu6B0=,0tEVQWLHk0nHqfWl2J03TcKbhO8=
-4,30,nf0ZVa00QvQgyiPLK6R1bzlu6B0=,0tEVQWLHk0nHqfWl2J03TcKbhO8=
-5,19,nf0ZVa00QvQgyiPLK6R1bzlu6B0=,0tEVQWLHk0nHqfWl2J03TcKbhO8=
-6,30,nf0ZVa00QvQgyiPLK6R1bzlu6B0=,0tEVQWLHk0nHqfWl2J03TcKbhO8=
-7,30,nf0ZVa00QvQgyiPLK6R1bzlu6B0=,0tEVQWLHk0nHqfWl2J03TcKbhO8=
-4,19,nf0ZVa00QvQgyiPLK6R1bzlu6B0=,0tEVQWLHk0nHqfWl2J03TcKbhO8=
-8,30,nf0ZVa00QvQgyiPLK6R1bzlu6B0=,0tEVQWLHk0nHqfWl2J03TcKbhO8=
-9,30,nf0ZVa00QvQgyiPLK6R1bzlu6B0=,0tEVQWLHk0nHqfWl2J03TcKbhO8=
-3,19,nf0ZVa00QvQgyiPLK6R1bzlu6B0=,0tEVQWLHk0nHqfWl2J03TcKbhO8=
-11,30,nf0ZVa00QvQgyiPLK6R1bzlu6B0=,0tEVQWLHk0nHqfWl2J03TcKbhO8=
-10,30,nf0ZVa00QvQgyiPLK6R1bzlu6B0=,0tEVQWLHk0nHqfWl2J03TcKbhO8=
-2,19,nf0ZVa00QvQgyiPLK6R1bzlu6B0=,0tEVQWLHk0nHqfWl2J03TcKbhO8=
-14,30,nf0ZVa00QvQgyiPLK6R1bzlu6B0=,0tEVQWLHk0nHqfWl2J03TcKbhO8=
-15,18,nf0ZVa00QvQgyiPLK6R1bzlu6B0=,0tEVQWLHk0nHqfWl2J03TcKbhO8=
-15,30,nf0ZVa00QvQgyiPLK6R1bzlu6B0=,0tEVQWLHk0nHqfWl2J03TcKbhO8=
-1,19,nf0ZVa00QvQgyiPLK6R1bzlu6B0=,0tEVQWLHk0nHqfWl2J03TcKbhO8=
-16,20,nf0ZVa00QvQgyiPLK6R1bzlu6B0=,0tEVQWLHk0nHqfWl2J03TcKbhO8=
-15,20,nf0ZVa00QvQgyiPLK6R1bzlu6B0=,0tEVQWLHk0nHqfWl2J03TcKbhO8=
-14,20,nf0ZVa00QvQgyiPLK6R1bzlu6B0=,0tEVQWLHk0nHqfWl2J03TcKbhO8=
-13,20,nf0ZVa00QvQgyiPLK6R1bzlu6B0=,0tEVQWLHk0nHqfWl2J03TcKbhO8=
-14,18,nf0ZVa00QvQgyiPLK6R1bzlu6B0=,0tEVQWLHk0nHqfWl2J03TcKbhO8=
-11,16,nf0ZVa00QvQgyiPLK6R1bzlu6B0=,0tEVQWLHk0nHqfWl2J03TcKbhO8=
-12,20,nf0ZVa00QvQgyiPLK6R1bzlu6B0=,0tEVQWLHk0nHqfWl2J03TcKbhO8=
-11,20,nf0ZVa00QvQgyiPLK6R1bzlu6B0=,0tEVQWLHk0nHqfWl2J03TcKbhO8=
-10,20,nf0ZVa00QvQgyiPLK6R1bzlu6B0=,0tEVQWLHk0nHqfWl2J03TcKbhO8=
-16,16,nf0ZVa00QvQgyiPLK6R1bzlu6B0=,0tEVQWLHk0nHqfWl2J03TcKbhO8=
-9,20,nf0ZVa00QvQgyiPLK6R1bzlu6B0=,0tEVQWLHk0nHqfWl2J03TcKbhO8=
-8,20,nf0ZVa00QvQgyiPLK6R1bzlu6B0=,0tEVQWLHk0nHqfWl2J03TcKbhO8=
-7,20,nf0ZVa00QvQgyiPLK6R1bzlu6B0=,0tEVQWLHk0nHqfWl2J03TcKbhO8=
-6,20,nf0ZVa00QvQgyiPLK6R1bzlu6B0=,0tEVQWLHk0nHqfWl2J03TcKbhO8=
-5,20,nf0ZVa00QvQgyiPLK6R1bzlu6B0=,0tEVQWLHk0nHqfWl2J03TcKbhO8=
-4,20,nf0ZVa00QvQgyiPLK6R1bzlu6B0=,0tEVQWLHk0nHqfWl2J03TcKbhO8=
-3,20,nf0ZVa00QvQgyiPLK6R1bzlu6B0=,0tEVQWLHk0nHqfWl2J03TcKbhO8=
-2,20,nf0ZVa00QvQgyiPLK6R1bzlu6B0=,0tEVQWLHk0nHqfWl2J03TcKbhO8=
-10,16,nf0ZVa00QvQgyiPLK6R1bzlu6B0=,0tEVQWLHk0nHqfWl2J03TcKbhO8=
-1,20,nf0ZVa00QvQgyiPLK6R1bzlu6B0=,0tEVQWLHk0nHqfWl2J03TcKbhO8=
-16,21,nf0ZVa00QvQgyiPLK6R1bzlu6B0=,0tEVQWLHk0nHqfWl2J03TcKbhO8=
-15,21,nf0ZVa00QvQgyiPLK6R1bzlu6B0=,0tEVQWLHk0nHqfWl2J03TcKbhO8=
-14,21,nf0ZVa00QvQgyiPLK6R1bzlu6B0=,0tEVQWLHk0nHqfWl2J03TcKbhO8=
-13,21,nf0ZVa00QvQgyiPLK6R1bzlu6B0=,0tEVQWLHk0nHqfWl2J03TcKbhO8=
-12,21,nf0ZVa00QvQgyiPLK6R1bzlu6B0=,0tEVQWLHk0nHqfWl2J03TcKbhO8=
-13,18,nf0ZVa00QvQgyiPLK6R1bzlu6B0=,0tEVQWLHk0nHqfWl2J03TcKbhO8=
-9,16,nf0ZVa00QvQgyiPLK6R1bzlu6B0=,0tEVQWLHk0nHqfWl2J03TcKbhO8=
-11,21,nf0ZVa00QvQgyiPLK6R1bzlu6B0=,0tEVQWLHk0nHqfWl2J03TcKbhO8=
-10,21,nf0ZVa00QvQgyiPLK6R1bzlu6B0=,0tEVQWLHk0nHqfWl2J03TcKbhO8=
-9,21,nf0ZVa00QvQgyiPLK6R1bzlu6B0=,0tEVQWLHk0nHqfWl2J03TcKbhO8=
-8,21,nf0ZVa00QvQgyiPLK6R1bzlu6B0=,0tEVQWLHk0nHqfWl2J03TcKbhO8=
-7,21,nf0ZVa00QvQgyiPLK6R1bzlu6B0=,0tEVQWLHk0nHqfWl2J03TcKbhO8=
-6,21,nf0ZVa00QvQgyiPLK6R1bzlu6B0=,0tEVQWLHk0nHqfWl2J03TcKbhO8=
-5,21,nf0ZVa00QvQgyiPLK6R1bzlu6B0=,0tEVQWLHk0nHqfWl2J03TcKbhO8=
-4,21,nf0ZVa00QvQgyiPLK6R1bzlu6B0=,0tEVQWLHk0nHqfWl2J03TcKbhO8=
-3,21,nf0ZVa00QvQgyiPLK6R1bzlu6B0=,0tEVQWLHk0nHqfWl2J03TcKbhO8=
-2,21,nf0ZVa00QvQgyiPLK6R1bzlu6B0=,0tEVQWLHk0nHqfWl2J03TcKbhO8=
-1,21,nf0ZVa00QvQgyiPLK6R1bzlu6B0=,0tEVQWLHk0nHqfWl2J03TcKbhO8=
-16,22,nf0ZVa00QvQgyiPLK6R1bzlu6B0=,0tEVQWLHk0nHqfWl2J03TcKbhO8=
-15,22,nf0ZVa00QvQgyiPLK6R1bzlu6B0=,0tEVQWLHk0nHqfWl2J03TcKbhO8=
-14,22,nf0ZVa00QvQgyiPLK6R1bzlu6B0=,0tEVQWLHk0nHqfWl2J03TcKbhO8=
-13,22,nf0ZVa00QvQgyiPLK6R1bzlu6B0=,0tEVQWLHk0nHqfWl2J03TcKbhO8=
-12,22,nf0ZVa00QvQgyiPLK6R1bzlu6B0=,0tEVQWLHk0nHqfWl2J03TcKbhO8=
-11,22,nf0ZVa00QvQgyiPLK6R1bzlu6B0=,0tEVQWLHk0nHqfWl2J03TcKbhO8=
-12,18,nf0ZVa00QvQgyiPLK6R1bzlu6B0=,0tEVQWLHk0nHqfWl2J03TcKbhO8=
-8,16,nf0ZVa00QvQgyiPLK6R1bzlu6B0=,0tEVQWLHk0nHqfWl2J03TcKbhO8=
-9,22,nf0ZVa00QvQgyiPLK6R1bzlu6B0=,0tEVQWLHk0nHqfWl2J03TcKbhO8=
-10,22,nf0ZVa00QvQgyiPLK6R1bzlu6B0=,0tEVQWLHk0nHqfWl2J03TcKbhO8=
-8,22,nf0ZVa00QvQgyiPLK6R1bzlu6B0=,0tEVQWLHk0nHqfWl2J03TcKbhO8=
-7,22,nf0ZVa00QvQgyiPLK6R1bzlu6B0=,0tEVQWLHk0nHqfWl2J03TcKbhO8=
-6,22,nf0ZVa00QvQgyiPLK6R1bzlu6B0=,0tEVQWLHk0nHqfWl2J03TcKbhO8=
-5,22,nf0ZVa00QvQgyiPLK6R1bzlu6B0=,0tEVQWLHk0nHqfWl2J03TcKbhO8=
-4,22,nf0ZVa00QvQgyiPLK6R1bzlu6B0=,0tEVQWLHk0nHqfWl2J03TcKbhO8=
-3,22,nf0ZVa00QvQgyiPLK6R1bzlu6B0=,0tEVQWLHk0nHqfWl2J03TcKbhO8=
-1,22,nf0ZVa00QvQgyiPLK6R1bzlu6B0=,0tEVQWLHk0nHqfWl2J03TcKbhO8=
-2,22,nf0ZVa00QvQgyiPLK6R1bzlu6B0=,0tEVQWLHk0nHqfWl2J03TcKbhO8=
-16,23,nf0ZVa00QvQgyiPLK6R1bzlu6B0=,0tEVQWLHk0nHqfWl2J03TcKbhO8=
-15,23,nf0ZVa00QvQgyiPLK6R1bzlu6B0=,0tEVQWLHk0nHqfWl2J03TcKbhO8=
-14,23,nf0ZVa00QvQgyiPLK6R1bzlu6B0=,0tEVQWLHk0nHqfWl2J03TcKbhO8=
-13,23,nf0ZVa00QvQgyiPLK6R1bzlu6B0=,0tEVQWLHk0nHqfWl2J03TcKbhO8=
-12,23,nf0ZVa00QvQgyiPLK6R1bzlu6B0=,0tEVQWLHk0nHqfWl2J03TcKbhO8=
-11,23,nf0ZVa00QvQgyiPLK6R1bzlu6B0=,0tEVQWLHk0nHqfWl2J03TcKbhO8=
-10,23,nf0ZVa00QvQgyiPLK6R1bzlu6B0=,0tEVQWLHk0nHqfWl2J03TcKbhO8=
-11,18,nf0ZVa00QvQgyiPLK6R1bzlu6B0=,0tEVQWLHk0nHqfWl2J03TcKbhO8=
-9,23,nf0ZVa00QvQgyiPLK6R1bzlu6B0=,0tEVQWLHk0nHqfWl2J03TcKbhO8=
-7,16,nf0ZVa00QvQgyiPLK6R1bzlu6B0=,0tEVQWLHk0nHqfWl2J03TcKbhO8=
-8,23,nf0ZVa00QvQgyiPLK6R1bzlu6B0=,0tEVQWLHk0nHqfWl2J03TcKbhO8=
-6,23,nf0ZVa00QvQgyiPLK6R1bzlu6B0=,0tEVQWLHk0nHqfWl2J03TcKbhO8=
-7,23,nf0ZVa00QvQgyiPLK6R1bzlu6B0=,0tEVQWLHk0nHqfWl2J03TcKbhO8=
-5,23,nf0ZVa00QvQgyiPLK6R1bzlu6B0=,0tEVQWLHk0nHqfWl2J03TcKbhO8=
-4,23,nf0ZVa00QvQgyiPLK6R1bzlu6B0=,0tEVQWLHk0nHqfWl2J03TcKbhO8=
-3,23,nf0ZVa00QvQgyiPLK6R1bzlu6B0=,0tEVQWLHk0nHqfWl2J03TcKbhO8=
-2,23,nf0ZVa00QvQgyiPLK6R1bzlu6B0=,0tEVQWLHk0nHqfWl2J03TcKbhO8=
-1,23,nf0ZVa00QvQgyiPLK6R1bzlu6B0=,0tEVQWLHk0nHqfWl2J03TcKbhO8=
-16,24,nf0ZVa00QvQgyiPLK6R1bzlu6B0=,0tEVQWLHk0nHqfWl2J03TcKbhO8=
-15,24,nf0ZVa00QvQgyiPLK6R1bzlu6B0=,0tEVQWLHk0nHqfWl2J03TcKbhO8=
-14,24,nf0ZVa00QvQgyiPLK6R1bzlu6B0=,0tEVQWLHk0nHqfWl2J03TcKbhO8=
-13,24,nf0ZVa00QvQgyiPLK6R1bzlu6B0=,0tEVQWLHk0nHqfWl2J03TcKbhO8=
-12,24,nf0ZVa00QvQgyiPLK6R1bzlu6B0=,0tEVQWLHk0nHqfWl2J03TcKbhO8=
-11,24,nf0ZVa00QvQgyiPLK6R1bzlu6B0=,0tEVQWLHk0nHqfWl2J03TcKbhO8=
-9,24,nf0ZVa00QvQgyiPLK6R1bzlu6B0=,0tEVQWLHk0nHqfWl2J03TcKbhO8=
-10,24,nf0ZVa00QvQgyiPLK6R1bzlu6B0=,0tEVQWLHk0nHqfWl2J03TcKbhO8=
-10,18,nf0ZVa00QvQgyiPLK6R1bzlu6B0=,0tEVQWLHk0nHqfWl2J03TcKbhO8=
-8,24,nf0ZVa00QvQgyiPLK6R1bzlu6B0=,0tEVQWLHk0nHqfWl2J03TcKbhO8=
-6,16,nf0ZVa00QvQgyiPLK6R1bzlu6B0=,0tEVQWLHk0nHqfWl2J03TcKbhO8=
-7,24,nf0ZVa00QvQgyiPLK6R1bzlu6B0=,0tEVQWLHk0nHqfWl2J03TcKbhO8=
-6,24,nf0ZVa00QvQgyiPLK6R1bzlu6B0=,0tEVQWLHk0nHqfWl2J03TcKbhO8=
-5,24,nf0ZVa00QvQgyiPLK6R1bzlu6B0=,0tEVQWLHk0nHqfWl2J03TcKbhO8=
-4,24,nf0ZVa00QvQgyiPLK6R1bzlu6B0=,0tEVQWLHk0nHqfWl2J03TcKbhO8=
-3,24,nf0ZVa00QvQgyiPLK6R1bzlu6B0=,0tEVQWLHk0nHqfWl2J03TcKbhO8=
-15,31,nf0ZVa00QvQgyiPLK6R1bzlu6B0=,0tEVQWLHk0nHqfWl2J03TcKbhO8=
-2,24,nf0ZVa00QvQgyiPLK6R1bzlu6B0=,0tEVQWLHk0nHqfWl2J03TcKbhO8=
-1,24,nf0ZVa00QvQgyiPLK6R1bzlu6B0=,0tEVQWLHk0nHqfWl2J03TcKbhO8=
-16,25,nf0ZVa00QvQgyiPLK6R1bzlu6B0=,0tEVQWLHk0nHqfWl2J03TcKbhO8=
-1,29,nf0ZVa00QvQgyiPLK6R1bzlu6B0=,0tEVQWLHk0nHqfWl2J03TcKbhO8=
-15,25,nf0ZVa00QvQgyiPLK6R1bzlu6B0=,0tEVQWLHk0nHqfWl2J03TcKbhO8=
-16,17,nf0ZVa00QvQgyiPLK6R1bzlu6B0=,0tEVQWLHk0nHqfWl2J03TcKbhO8=
-14,25,nf0ZVa00QvQgyiPLK6R1bzlu6B0=,0tEVQWLHk0nHqfWl2J03TcKbhO8=
-2,29,nf0ZVa00QvQgyiPLK6R1bzlu6B0=,0tEVQWLHk0nHqfWl2J03TcKbhO8=
-13,25,nf0ZVa00QvQgyiPLK6R1bzlu6B0=,0tEVQWLHk0nHqfWl2J03TcKbhO8=
-12,25,nf0ZVa00QvQgyiPLK6R1bzlu6B0=,0tEVQWLHk0nHqfWl2J03TcKbhO8=
-1,16,nf0ZVa00QvQgyiPLK6R1bzlu6B0=,0tEVQWLHk0nHqfWl2J03TcKbhO8=
-11,25,nf0ZVa00QvQgyiPLK6R1bzlu6B0=,0tEVQWLHk0nHqfWl2J03TcKbhO8=
-5,18,nf0ZVa00QvQgyiPLK6R1bzlu6B0=,0tEVQWLHk0nHqfWl2J03TcKbhO8=
-10,25,nf0ZVa00QvQgyiPLK6R1bzlu6B0=,0tEVQWLHk0nHqfWl2J03TcKbhO8=
-9,25,nf0ZVa00QvQgyiPLK6R1bzlu6B0=,0tEVQWLHk0nHqfWl2J03TcKbhO8=
-4,29,nf0ZVa00QvQgyiPLK6R1bzlu6B0=,0tEVQWLHk0nHqfWl2J03TcKbhO8=
-8,25,nf0ZVa00QvQgyiPLK6R1bzlu6B0=,0tEVQWLHk0nHqfWl2J03TcKbhO8=
-5,29,nf0ZVa00QvQgyiPLK6R1bzlu6B0=,0tEVQWLHk0nHqfWl2J03TcKbhO8=
-7,25,nf0ZVa00QvQgyiPLK6R1bzlu6B0=,0tEVQWLHk0nHqfWl2J03TcKbhO8=
-9,18,nf0ZVa00QvQgyiPLK6R1bzlu6B0=,0tEVQWLHk0nHqfWl2J03TcKbhO8=
-6,29,nf0ZVa00QvQgyiPLK6R1bzlu6B0=,0tEVQWLHk0nHqfWl2J03TcKbhO8=
-5,16,nf0ZVa00QvQgyiPLK6R1bzlu6B0=,0tEVQWLHk0nHqfWl2J03TcKbhO8=
-7,29,nf0ZVa00QvQgyiPLK6R1bzlu6B0=,0tEVQWLHk0nHqfWl2J03TcKbhO8=
-3,29,nf0ZVa00QvQgyiPLK6R1bzlu6B0=,0tEVQWLHk0nHqfWl2J03TcKbhO8=
-6,25,nf0ZVa00QvQgyiPLK6R1bzlu6B0=,0tEVQWLHk0nHqfWl2J03TcKbhO8=
-8,29,nf0ZVa00QvQgyiPLK6R1bzlu6B0=,0tEVQWLHk0nHqfWl2J03TcKbhO8=
-5,25,nf0ZVa00QvQgyiPLK6R1bzlu6B0=,0tEVQWLHk0nHqfWl2J03TcKbhO8=
-9,29,nf0ZVa00QvQgyiPLK6R1bzlu6B0=,0tEVQWLHk0nHqfWl2J03TcKbhO8=
-4,25,nf0ZVa00QvQgyiPLK6R1bzlu6B0=,0tEVQWLHk0nHqfWl2J03TcKbhO8=
-10,29,nf0ZVa00QvQgyiPLK6R1bzlu6B0=,0tEVQWLHk0nHqfWl2J03TcKbhO8=
-11,29,nf0ZVa00QvQgyiPLK6R1bzlu6B0=,0tEVQWLHk0nHqfWl2J03TcKbhO8=
-3,25,nf0ZVa00QvQgyiPLK6R1bzlu6B0=,0tEVQWLHk0nHqfWl2J03TcKbhO8=
-12,29,nf0ZVa00QvQgyiPLK6R1bzlu6B0=,0tEVQWLHk0nHqfWl2J03TcKbhO8=
-2,25,nf0ZVa00QvQgyiPLK6R1bzlu6B0=,0tEVQWLHk0nHqfWl2J03TcKbhO8=
-13,29,nf0ZVa00QvQgyiPLK6R1bzlu6B0=,0tEVQWLHk0nHqfWl2J03TcKbhO8=
-14,29,nf0ZVa00QvQgyiPLK6R1bzlu6B0=,0tEVQWLHk0nHqfWl2J03TcKbhO8=
-1,25,nf0ZVa00QvQgyiPLK6R1bzlu6B0=,0tEVQWLHk0nHqfWl2J03TcKbhO8=
-15,16,nf0ZVa00QvQgyiPLK6R1bzlu6B0=,0tEVQWLHk0nHqfWl2J03TcKbhO8=
-15,29,nf0ZVa00QvQgyiPLK6R1bzlu6B0=,0tEVQWLHk0nHqfWl2J03TcKbhO8=
-16,26,nf0ZVa00QvQgyiPLK6R1bzlu6B0=,0tEVQWLHk0nHqfWl2J03TcKbhO8=
-16,29,nf0ZVa00QvQgyiPLK6R1bzlu6B0=,0tEVQWLHk0nHqfWl2J03TcKbhO8=
-15,26,nf0ZVa00QvQgyiPLK6R1bzlu6B0=,0tEVQWLHk0nHqfWl2J03TcKbhO8=
-1,28,nf0ZVa00QvQgyiPLK6R1bzlu6B0=,0tEVQWLHk0nHqfWl2J03TcKbhO8=
-2,28,nf0ZVa00QvQgyiPLK6R1bzlu6B0=,0tEVQWLHk0nHqfWl2J03TcKbhO8=
-14,26,nf0ZVa00QvQgyiPLK6R1bzlu6B0=,0tEVQWLHk0nHqfWl2J03TcKbhO8=
-3,28,nf0ZVa00QvQgyiPLK6R1bzlu6B0=,0tEVQWLHk0nHqfWl2J03TcKbhO8=
-2,16,nf0ZVa00QvQgyiPLK6R1bzlu6B0=,0tEVQWLHk0nHqfWl2J03TcKbhO8=
-13,26,nf0ZVa00QvQgyiPLK6R1bzlu6B0=,0tEVQWLHk0nHqfWl2J03TcKbhO8=
-12,30,nf0ZVa00QvQgyiPLK6R1bzlu6B0=,0tEVQWLHk0nHqfWl2J03TcKbhO8=
-4,28,nf0ZVa00QvQgyiPLK6R1bzlu6B0=,0tEVQWLHk0nHqfWl2J03TcKbhO8=
-12,26,nf0ZVa00QvQgyiPLK6R1bzlu6B0=,0tEVQWLHk0nHqfWl2J03TcKbhO8=
-6,18,nf0ZVa00QvQgyiPLK6R1bzlu6B0=,0tEVQWLHk0nHqfWl2J03TcKbhO8=
-5,28,nf0ZVa00QvQgyiPLK6R1bzlu6B0=,0tEVQWLHk0nHqfWl2J03TcKbhO8=
-11,26,nf0ZVa00QvQgyiPLK6R1bzlu6B0=,0tEVQWLHk0nHqfWl2J03TcKbhO8=
-7,28,nf0ZVa00QvQgyiPLK6R1bzlu6B0=,0tEVQWLHk0nHqfWl2J03TcKbhO8=
-8,28,nf0ZVa00QvQgyiPLK6R1bzlu6B0=,0tEVQWLHk0nHqfWl2J03TcKbhO8=
-6,28,nf0ZVa00QvQgyiPLK6R1bzlu6B0=,0tEVQWLHk0nHqfWl2J03TcKbhO8=
-10,26,nf0ZVa00QvQgyiPLK6R1bzlu6B0=,0tEVQWLHk0nHqfWl2J03TcKbhO8=
-9,28,nf0ZVa00QvQgyiPLK6R1bzlu6B0=,0tEVQWLHk0nHqfWl2J03TcKbhO8=
-11,28,nf0ZVa00QvQgyiPLK6R1bzlu6B0=,0tEVQWLHk0nHqfWl2J03TcKbhO8=
-12,28,nf0ZVa00QvQgyiPLK6R1bzlu6B0=,0tEVQWLHk0nHqfWl2J03TcKbhO8=
-9,26,nf0ZVa00QvQgyiPLK6R1bzlu6B0=,0tEVQWLHk0nHqfWl2J03TcKbhO8=
-13,28,nf0ZVa00QvQgyiPLK6R1bzlu6B0=,0tEVQWLHk0nHqfWl2J03TcKbhO8=
-10,28,nf0ZVa00QvQgyiPLK6R1bzlu6B0=,0tEVQWLHk0nHqfWl2J03TcKbhO8=
-14,28,nf0ZVa00QvQgyiPLK6R1bzlu6B0=,0tEVQWLHk0nHqfWl2J03TcKbhO8=
-15,28,nf0ZVa00QvQgyiPLK6R1bzlu6B0=,0tEVQWLHk0nHqfWl2J03TcKbhO8=
-8,26,nf0ZVa00QvQgyiPLK6R1bzlu6B0=,0tEVQWLHk0nHqfWl2J03TcKbhO8=
-16,28,nf0ZVa00QvQgyiPLK6R1bzlu6B0=,0tEVQWLHk0nHqfWl2J03TcKbhO8=
-2,27,nf0ZVa00QvQgyiPLK6R1bzlu6B0=,0tEVQWLHk0nHqfWl2J03TcKbhO8=
-3,27,nf0ZVa00QvQgyiPLK6R1bzlu6B0=,0tEVQWLHk0nHqfWl2J03TcKbhO8=
-7,26,nf0ZVa00QvQgyiPLK6R1bzlu6B0=,0tEVQWLHk0nHqfWl2J03TcKbhO8=
-1,27,nf0ZVa00QvQgyiPLK6R1bzlu6B0=,0tEVQWLHk0nHqfWl2J03TcKbhO8=
-4,27,nf0ZVa00QvQgyiPLK6R1bzlu6B0=,0tEVQWLHk0nHqfWl2J03TcKbhO8=
-5,27,nf0ZVa00QvQgyiPLK6R1bzlu6B0=,0tEVQWLHk0nHqfWl2J03TcKbhO8=
-3,16,nf0ZVa00QvQgyiPLK6R1bzlu6B0=,0tEVQWLHk0nHqfWl2J03TcKbhO8=
-8,18,nf0ZVa00QvQgyiPLK6R1bzlu6B0=,0tEVQWLHk0nHqfWl2J03TcKbhO8=
-7,18,nf0ZVa00QvQgyiPLK6R1bzlu6B0=,0tEVQWLHk0nHqfWl2J03TcKbhO8=
-6,27,nf0ZVa00QvQgyiPLK6R1bzlu6B0=,0tEVQWLHk0nHqfWl2J03TcKbhO8=
-7,27,nf0ZVa00QvQgyiPLK6R1bzlu6B0=,0tEVQWLHk0nHqfWl2J03TcKbhO8=
-8,27,nf0ZVa00QvQgyiPLK6R1bzlu6B0=,0tEVQWLHk0nHqfWl2J03TcKbhO8=
-4,16,nf0ZVa00QvQgyiPLK6R1bzlu6B0=,0tEVQWLHk0nHqfWl2J03TcKbhO8=
-9,27,nf0ZVa00QvQgyiPLK6R1bzlu6B0=,0tEVQWLHk0nHqfWl2J03TcKbhO8=
-10,27,nf0ZVa00QvQgyiPLK6R1bzlu6B0=,0tEVQWLHk0nHqfWl2J03TcKbhO8=
-11,27,nf0ZVa00QvQgyiPLK6R1bzlu6B0=,0tEVQWLHk0nHqfWl2J03TcKbhO8=
-6,26,nf0ZVa00QvQgyiPLK6R1bzlu6B0=,0tEVQWLHk0nHqfWl2J03TcKbhO8=
-12,27,nf0ZVa00QvQgyiPLK6R1bzlu6B0=,0tEVQWLHk0nHqfWl2J03TcKbhO8=
-13,27,nf0ZVa00QvQgyiPLK6R1bzlu6B0=,0tEVQWLHk0nHqfWl2J03TcKbhO8=
-14,27,nf0ZVa00QvQgyiPLK6R1bzlu6B0=,0tEVQWLHk0nHqfWl2J03TcKbhO8=
-15,27,nf0ZVa00QvQgyiPLK6R1bzlu6B0=,0tEVQWLHk0nHqfWl2J03TcKbhO8=
-16,27,nf0ZVa00QvQgyiPLK6R1bzlu6B0=,0tEVQWLHk0nHqfWl2J03TcKbhO8=
-5,26,nf0ZVa00QvQgyiPLK6R1bzlu6B0=,0tEVQWLHk0nHqfWl2J03TcKbhO8=
-1,26,nf0ZVa00QvQgyiPLK6R1bzlu6B0=,0tEVQWLHk0nHqfWl2J03TcKbhO8=
-2,26,nf0ZVa00QvQgyiPLK6R1bzlu6B0=,0tEVQWLHk0nHqfWl2J03TcKbhO8=
-3,26,nf0ZVa00QvQgyiPLK6R1bzlu6B0=,0tEVQWLHk0nHqfWl2J03TcKbhO8=
-4,26,nf0ZVa00QvQgyiPLK6R1bzlu6B0=,0tEVQWLHk0nHqfWl2J03TcKbhO8=
-13,30,nf0ZVa00QvQgyiPLK6R1bzlu6B0=,0tEVQWLHk0nHqfWl2J03TcKbhO8=
-12,31,nf0ZVa00QvQgyiPLK6R1bzlu6B0=,0tEVQWLHk0nHqfWl2J03TcKbhO8=
-16,30,nf0ZVa00QvQgyiPLK6R1bzlu6B0=,0tEVQWLHk0nHqfWl2J03TcKbhO8=
-16,31,nf0ZVa00QvQgyiPLK6R1bzlu6B0=,0tEVQWLHk0nHqfWl2J03TcKbhO8=
-11,31,nf0ZVa00QvQgyiPLK6R1bzlu6B0=,0tEVQWLHk0nHqfWl2J03TcKbhO8=
-13,0,Xmfg2VJOuNSJcl57WX8t9vVuPXE=,r4kIFVcqOUeQR0bqp2VdnxDV4Ig=
-4,3,Xmfg2VJOuNSJcl57WX8t9vVuPXE=,r4kIFVcqOUeQR0bqp2VdnxDV4Ig=
-1,15,Xmfg2VJOuNSJcl57WX8t9vVuPXE=,r4kIFVcqOUeQR0bqp2VdnxDV4Ig=
-4,2,Xmfg2VJOuNSJcl57WX8t9vVuPXE=,r4kIFVcqOUeQR0bqp2VdnxDV4Ig=
-6,2,Xmfg2VJOuNSJcl57WX8t9vVuPXE=,r4kIFVcqOUeQR0bqp2VdnxDV4Ig=
-5,2,Xmfg2VJOuNSJcl57WX8t9vVuPXE=,r4kIFVcqOUeQR0bqp2VdnxDV4Ig=
-5,3,Xmfg2VJOuNSJcl57WX8t9vVuPXE=,r4kIFVcqOUeQR0bqp2VdnxDV4Ig=
-3,15,Xmfg2VJOuNSJcl57WX8t9vVuPXE=,r4kIFVcqOUeQR0bqp2VdnxDV4Ig=
-4,15,Xmfg2VJOuNSJcl57WX8t9vVuPXE=,r4kIFVcqOUeQR0bqp2VdnxDV4Ig=
-2,15,Xmfg2VJOuNSJcl57WX8t9vVuPXE=,r4kIFVcqOUeQR0bqp2VdnxDV4Ig=
-5,15,Xmfg2VJOuNSJcl57WX8t9vVuPXE=,r4kIFVcqOUeQR0bqp2VdnxDV4Ig=
-9,15,Xmfg2VJOuNSJcl57WX8t9vVuPXE=,r4kIFVcqOUeQR0bqp2VdnxDV4Ig=
-7,15,Xmfg2VJOuNSJcl57WX8t9vVuPXE=,r4kIFVcqOUeQR0bqp2VdnxDV4Ig=
-8,15,Xmfg2VJOuNSJcl57WX8t9vVuPXE=,r4kIFVcqOUeQR0bqp2VdnxDV4Ig=
-10,15,Xmfg2VJOuNSJcl57WX8t9vVuPXE=,r4kIFVcqOUeQR0bqp2VdnxDV4Ig=
-7,2,Xmfg2VJOuNSJcl57WX8t9vVuPXE=,r4kIFVcqOUeQR0bqp2VdnxDV4Ig=
-11,15,Xmfg2VJOuNSJcl57WX8t9vVuPXE=,r4kIFVcqOUeQR0bqp2VdnxDV4Ig=
-9,2,Xmfg2VJOuNSJcl57WX8t9vVuPXE=,r4kIFVcqOUeQR0bqp2VdnxDV4Ig=
-8,2,Xmfg2VJOuNSJcl57WX8t9vVuPXE=,r4kIFVcqOUeQR0bqp2VdnxDV4Ig=
-6,15,Xmfg2VJOuNSJcl57WX8t9vVuPXE=,r4kIFVcqOUeQR0bqp2VdnxDV4Ig=
-10,2,Xmfg2VJOuNSJcl57WX8t9vVuPXE=,r4kIFVcqOUeQR0bqp2VdnxDV4Ig=
-12,15,Xmfg2VJOuNSJcl57WX8t9vVuPXE=,r4kIFVcqOUeQR0bqp2VdnxDV4Ig=
-11,2,Xmfg2VJOuNSJcl57WX8t9vVuPXE=,r4kIFVcqOUeQR0bqp2VdnxDV4Ig=
-14,2,Xmfg2VJOuNSJcl57WX8t9vVuPXE=,r4kIFVcqOUeQR0bqp2VdnxDV4Ig=
-15,2,Xmfg2VJOuNSJcl57WX8t9vVuPXE=,r4kIFVcqOUeQR0bqp2VdnxDV4Ig=
-13,2,Xmfg2VJOuNSJcl57WX8t9vVuPXE=,r4kIFVcqOUeQR0bqp2VdnxDV4Ig=
-12,2,Xmfg2VJOuNSJcl57WX8t9vVuPXE=,r4kIFVcqOUeQR0bqp2VdnxDV4Ig=
-16,2,Xmfg2VJOuNSJcl57WX8t9vVuPXE=,r4kIFVcqOUeQR0bqp2VdnxDV4Ig=
-13,15,Xmfg2VJOuNSJcl57WX8t9vVuPXE=,r4kIFVcqOUeQR0bqp2VdnxDV4Ig=
-14,0,Xmfg2VJOuNSJcl57WX8t9vVuPXE=,r4kIFVcqOUeQR0bqp2VdnxDV4Ig=
-14,15,Xmfg2VJOuNSJcl57WX8t9vVuPXE=,r4kIFVcqOUeQR0bqp2VdnxDV4Ig=
-6,3,Xmfg2VJOuNSJcl57WX8t9vVuPXE=,r4kIFVcqOUeQR0bqp2VdnxDV4Ig=
-15,15,Xmfg2VJOuNSJcl57WX8t9vVuPXE=,r4kIFVcqOUeQR0bqp2VdnxDV4Ig=
-1,14,Xmfg2VJOuNSJcl57WX8t9vVuPXE=,r4kIFVcqOUeQR0bqp2VdnxDV4Ig=
-16,15,Xmfg2VJOuNSJcl57WX8t9vVuPXE=,r4kIFVcqOUeQR0bqp2VdnxDV4Ig=
-3,14,Xmfg2VJOuNSJcl57WX8t9vVuPXE=,r4kIFVcqOUeQR0bqp2VdnxDV4Ig=
-2,14,Xmfg2VJOuNSJcl57WX8t9vVuPXE=,r4kIFVcqOUeQR0bqp2VdnxDV4Ig=
-4,14,Xmfg2VJOuNSJcl57WX8t9vVuPXE=,r4kIFVcqOUeQR0bqp2VdnxDV4Ig=
-6,14,Xmfg2VJOuNSJcl57WX8t9vVuPXE=,r4kIFVcqOUeQR0bqp2VdnxDV4Ig=
-5,14,Xmfg2VJOuNSJcl57WX8t9vVuPXE=,r4kIFVcqOUeQR0bqp2VdnxDV4Ig=
-7,14,Xmfg2VJOuNSJcl57WX8t9vVuPXE=,r4kIFVcqOUeQR0bqp2VdnxDV4Ig=
-9,14,Xmfg2VJOuNSJcl57WX8t9vVuPXE=,r4kIFVcqOUeQR0bqp2VdnxDV4Ig=
-10,14,Xmfg2VJOuNSJcl57WX8t9vVuPXE=,r4kIFVcqOUeQR0bqp2VdnxDV4Ig=
-8,14,Xmfg2VJOuNSJcl57WX8t9vVuPXE=,r4kIFVcqOUeQR0bqp2VdnxDV4Ig=
-11,14,Xmfg2VJOuNSJcl57WX8t9vVuPXE=,r4kIFVcqOUeQR0bqp2VdnxDV4Ig=
-13,14,Xmfg2VJOuNSJcl57WX8t9vVuPXE=,r4kIFVcqOUeQR0bqp2VdnxDV4Ig=
-12,14,Xmfg2VJOuNSJcl57WX8t9vVuPXE=,r4kIFVcqOUeQR0bqp2VdnxDV4Ig=
-14,14,Xmfg2VJOuNSJcl57WX8t9vVuPXE=,r4kIFVcqOUeQR0bqp2VdnxDV4Ig=
-15,1,Xmfg2VJOuNSJcl57WX8t9vVuPXE=,r4kIFVcqOUeQR0bqp2VdnxDV4Ig=
-16,1,Xmfg2VJOuNSJcl57WX8t9vVuPXE=,r4kIFVcqOUeQR0bqp2VdnxDV4Ig=
-15,14,Xmfg2VJOuNSJcl57WX8t9vVuPXE=,r4kIFVcqOUeQR0bqp2VdnxDV4Ig=
-7,3,Xmfg2VJOuNSJcl57WX8t9vVuPXE=,r4kIFVcqOUeQR0bqp2VdnxDV4Ig=
-15,0,Xmfg2VJOuNSJcl57WX8t9vVuPXE=,r4kIFVcqOUeQR0bqp2VdnxDV4Ig=
-16,14,Xmfg2VJOuNSJcl57WX8t9vVuPXE=,r4kIFVcqOUeQR0bqp2VdnxDV4Ig=
-2,13,Xmfg2VJOuNSJcl57WX8t9vVuPXE=,r4kIFVcqOUeQR0bqp2VdnxDV4Ig=
-1,13,Xmfg2VJOuNSJcl57WX8t9vVuPXE=,r4kIFVcqOUeQR0bqp2VdnxDV4Ig=
-3,13,Xmfg2VJOuNSJcl57WX8t9vVuPXE=,r4kIFVcqOUeQR0bqp2VdnxDV4Ig=
-4,13,Xmfg2VJOuNSJcl57WX8t9vVuPXE=,r4kIFVcqOUeQR0bqp2VdnxDV4Ig=
-5,13,Xmfg2VJOuNSJcl57WX8t9vVuPXE=,r4kIFVcqOUeQR0bqp2VdnxDV4Ig=
-6,13,Xmfg2VJOuNSJcl57WX8t9vVuPXE=,r4kIFVcqOUeQR0bqp2VdnxDV4Ig=
-7,13,Xmfg2VJOuNSJcl57WX8t9vVuPXE=,r4kIFVcqOUeQR0bqp2VdnxDV4Ig=
-8,13,Xmfg2VJOuNSJcl57WX8t9vVuPXE=,r4kIFVcqOUeQR0bqp2VdnxDV4Ig=
-9,13,Xmfg2VJOuNSJcl57WX8t9vVuPXE=,r4kIFVcqOUeQR0bqp2VdnxDV4Ig=
-10,13,Xmfg2VJOuNSJcl57WX8t9vVuPXE=,r4kIFVcqOUeQR0bqp2VdnxDV4Ig=
-12,13,Xmfg2VJOuNSJcl57WX8t9vVuPXE=,r4kIFVcqOUeQR0bqp2VdnxDV4Ig=
-11,13,Xmfg2VJOuNSJcl57WX8t9vVuPXE=,r4kIFVcqOUeQR0bqp2VdnxDV4Ig=
-13,13,Xmfg2VJOuNSJcl57WX8t9vVuPXE=,r4kIFVcqOUeQR0bqp2VdnxDV4Ig=
-8,3,Xmfg2VJOuNSJcl57WX8t9vVuPXE=,r4kIFVcqOUeQR0bqp2VdnxDV4Ig=
-14,13,Xmfg2VJOuNSJcl57WX8t9vVuPXE=,r4kIFVcqOUeQR0bqp2VdnxDV4Ig=
-15,13,Xmfg2VJOuNSJcl57WX8t9vVuPXE=,r4kIFVcqOUeQR0bqp2VdnxDV4Ig=
-4,1,Xmfg2VJOuNSJcl57WX8t9vVuPXE=,r4kIFVcqOUeQR0bqp2VdnxDV4Ig=
-16,13,Xmfg2VJOuNSJcl57WX8t9vVuPXE=,r4kIFVcqOUeQR0bqp2VdnxDV4Ig=
-1,12,Xmfg2VJOuNSJcl57WX8t9vVuPXE=,r4kIFVcqOUeQR0bqp2VdnxDV4Ig=
-2,12,Xmfg2VJOuNSJcl57WX8t9vVuPXE=,r4kIFVcqOUeQR0bqp2VdnxDV4Ig=
-3,12,Xmfg2VJOuNSJcl57WX8t9vVuPXE=,r4kIFVcqOUeQR0bqp2VdnxDV4Ig=
-3,2,Xmfg2VJOuNSJcl57WX8t9vVuPXE=,r4kIFVcqOUeQR0bqp2VdnxDV4Ig=
-4,12,Xmfg2VJOuNSJcl57WX8t9vVuPXE=,r4kIFVcqOUeQR0bqp2VdnxDV4Ig=
-6,12,Xmfg2VJOuNSJcl57WX8t9vVuPXE=,r4kIFVcqOUeQR0bqp2VdnxDV4Ig=
-5,12,Xmfg2VJOuNSJcl57WX8t9vVuPXE=,r4kIFVcqOUeQR0bqp2VdnxDV4Ig=
-7,12,Xmfg2VJOuNSJcl57WX8t9vVuPXE=,r4kIFVcqOUeQR0bqp2VdnxDV4Ig=
-8,12,Xmfg2VJOuNSJcl57WX8t9vVuPXE=,r4kIFVcqOUeQR0bqp2VdnxDV4Ig=
-9,12,Xmfg2VJOuNSJcl57WX8t9vVuPXE=,r4kIFVcqOUeQR0bqp2VdnxDV4Ig=
-10,12,Xmfg2VJOuNSJcl57WX8t9vVuPXE=,r4kIFVcqOUeQR0bqp2VdnxDV4Ig=
-11,12,Xmfg2VJOuNSJcl57WX8t9vVuPXE=,r4kIFVcqOUeQR0bqp2VdnxDV4Ig=
-12,12,Xmfg2VJOuNSJcl57WX8t9vVuPXE=,r4kIFVcqOUeQR0bqp2VdnxDV4Ig=
-9,3,Xmfg2VJOuNSJcl57WX8t9vVuPXE=,r4kIFVcqOUeQR0bqp2VdnxDV4Ig=
-13,12,Xmfg2VJOuNSJcl57WX8t9vVuPXE=,r4kIFVcqOUeQR0bqp2VdnxDV4Ig=
-14,12,Xmfg2VJOuNSJcl57WX8t9vVuPXE=,r4kIFVcqOUeQR0bqp2VdnxDV4Ig=
-15,12,Xmfg2VJOuNSJcl57WX8t9vVuPXE=,r4kIFVcqOUeQR0bqp2VdnxDV4Ig=
-16,12,Xmfg2VJOuNSJcl57WX8t9vVuPXE=,r4kIFVcqOUeQR0bqp2VdnxDV4Ig=
-5,1,Xmfg2VJOuNSJcl57WX8t9vVuPXE=,r4kIFVcqOUeQR0bqp2VdnxDV4Ig=
-1,11,Xmfg2VJOuNSJcl57WX8t9vVuPXE=,r4kIFVcqOUeQR0bqp2VdnxDV4Ig=
-2,11,Xmfg2VJOuNSJcl57WX8t9vVuPXE=,r4kIFVcqOUeQR0bqp2VdnxDV4Ig=
-3,11,Xmfg2VJOuNSJcl57WX8t9vVuPXE=,r4kIFVcqOUeQR0bqp2VdnxDV4Ig=
-4,11,Xmfg2VJOuNSJcl57WX8t9vVuPXE=,r4kIFVcqOUeQR0bqp2VdnxDV4Ig=
-5,11,Xmfg2VJOuNSJcl57WX8t9vVuPXE=,r4kIFVcqOUeQR0bqp2VdnxDV4Ig=
-6,11,Xmfg2VJOuNSJcl57WX8t9vVuPXE=,r4kIFVcqOUeQR0bqp2VdnxDV4Ig=
-7,11,Xmfg2VJOuNSJcl57WX8t9vVuPXE=,r4kIFVcqOUeQR0bqp2VdnxDV4Ig=
-8,11,Xmfg2VJOuNSJcl57WX8t9vVuPXE=,r4kIFVcqOUeQR0bqp2VdnxDV4Ig=
-9,11,Xmfg2VJOuNSJcl57WX8t9vVuPXE=,r4kIFVcqOUeQR0bqp2VdnxDV4Ig=
-10,11,Xmfg2VJOuNSJcl57WX8t9vVuPXE=,r4kIFVcqOUeQR0bqp2VdnxDV4Ig=
-10,3,Xmfg2VJOuNSJcl57WX8t9vVuPXE=,r4kIFVcqOUeQR0bqp2VdnxDV4Ig=
-11,11,Xmfg2VJOuNSJcl57WX8t9vVuPXE=,r4kIFVcqOUeQR0bqp2VdnxDV4Ig=
-12,11,Xmfg2VJOuNSJcl57WX8t9vVuPXE=,r4kIFVcqOUeQR0bqp2VdnxDV4Ig=
-13,11,Xmfg2VJOuNSJcl57WX8t9vVuPXE=,r4kIFVcqOUeQR0bqp2VdnxDV4Ig=
-14,11,Xmfg2VJOuNSJcl57WX8t9vVuPXE=,r4kIFVcqOUeQR0bqp2VdnxDV4Ig=
-15,11,Xmfg2VJOuNSJcl57WX8t9vVuPXE=,r4kIFVcqOUeQR0bqp2VdnxDV4Ig=
-16,11,Xmfg2VJOuNSJcl57WX8t9vVuPXE=,r4kIFVcqOUeQR0bqp2VdnxDV4Ig=
-6,1,Xmfg2VJOuNSJcl57WX8t9vVuPXE=,r4kIFVcqOUeQR0bqp2VdnxDV4Ig=
-1,10,Xmfg2VJOuNSJcl57WX8t9vVuPXE=,r4kIFVcqOUeQR0bqp2VdnxDV4Ig=
-2,10,Xmfg2VJOuNSJcl57WX8t9vVuPXE=,r4kIFVcqOUeQR0bqp2VdnxDV4Ig=
-3,10,Xmfg2VJOuNSJcl57WX8t9vVuPXE=,r4kIFVcqOUeQR0bqp2VdnxDV4Ig=
-4,10,Xmfg2VJOuNSJcl57WX8t9vVuPXE=,r4kIFVcqOUeQR0bqp2VdnxDV4Ig=
-6,10,Xmfg2VJOuNSJcl57WX8t9vVuPXE=,r4kIFVcqOUeQR0bqp2VdnxDV4Ig=
-5,10,Xmfg2VJOuNSJcl57WX8t9vVuPXE=,r4kIFVcqOUeQR0bqp2VdnxDV4Ig=
-7,10,Xmfg2VJOuNSJcl57WX8t9vVuPXE=,r4kIFVcqOUeQR0bqp2VdnxDV4Ig=
-8,10,Xmfg2VJOuNSJcl57WX8t9vVuPXE=,r4kIFVcqOUeQR0bqp2VdnxDV4Ig=
-9,10,Xmfg2VJOuNSJcl57WX8t9vVuPXE=,r4kIFVcqOUeQR0bqp2VdnxDV4Ig=
-4,0,Xmfg2VJOuNSJcl57WX8t9vVuPXE=,r4kIFVcqOUeQR0bqp2VdnxDV4Ig=
-11,3,Xmfg2VJOuNSJcl57WX8t9vVuPXE=,r4kIFVcqOUeQR0bqp2VdnxDV4Ig=
-10,10,Xmfg2VJOuNSJcl57WX8t9vVuPXE=,r4kIFVcqOUeQR0bqp2VdnxDV4Ig=
-11,10,Xmfg2VJOuNSJcl57WX8t9vVuPXE=,r4kIFVcqOUeQR0bqp2VdnxDV4Ig=
-12,10,Xmfg2VJOuNSJcl57WX8t9vVuPXE=,r4kIFVcqOUeQR0bqp2VdnxDV4Ig=
-14,10,Xmfg2VJOuNSJcl57WX8t9vVuPXE=,r4kIFVcqOUeQR0bqp2VdnxDV4Ig=
-13,10,Xmfg2VJOuNSJcl57WX8t9vVuPXE=,r4kIFVcqOUeQR0bqp2VdnxDV4Ig=
-15,10,Xmfg2VJOuNSJcl57WX8t9vVuPXE=,r4kIFVcqOUeQR0bqp2VdnxDV4Ig=
-7,1,Xmfg2VJOuNSJcl57WX8t9vVuPXE=,r4kIFVcqOUeQR0bqp2VdnxDV4Ig=
-16,10,Xmfg2VJOuNSJcl57WX8t9vVuPXE=,r4kIFVcqOUeQR0bqp2VdnxDV4Ig=
-1,9,Xmfg2VJOuNSJcl57WX8t9vVuPXE=,r4kIFVcqOUeQR0bqp2VdnxDV4Ig=
-2,9,Xmfg2VJOuNSJcl57WX8t9vVuPXE=,r4kIFVcqOUeQR0bqp2VdnxDV4Ig=
-3,9,Xmfg2VJOuNSJcl57WX8t9vVuPXE=,r4kIFVcqOUeQR0bqp2VdnxDV4Ig=
-4,9,Xmfg2VJOuNSJcl57WX8t9vVuPXE=,r4kIFVcqOUeQR0bqp2VdnxDV4Ig=
-5,9,Xmfg2VJOuNSJcl57WX8t9vVuPXE=,r4kIFVcqOUeQR0bqp2VdnxDV4Ig=
-6,9,Xmfg2VJOuNSJcl57WX8t9vVuPXE=,r4kIFVcqOUeQR0bqp2VdnxDV4Ig=
-7,9,Xmfg2VJOuNSJcl57WX8t9vVuPXE=,r4kIFVcqOUeQR0bqp2VdnxDV4Ig=
-8,9,Xmfg2VJOuNSJcl57WX8t9vVuPXE=,r4kIFVcqOUeQR0bqp2VdnxDV4Ig=
-9,9,Xmfg2VJOuNSJcl57WX8t9vVuPXE=,r4kIFVcqOUeQR0bqp2VdnxDV4Ig=
-5,0,Xmfg2VJOuNSJcl57WX8t9vVuPXE=,r4kIFVcqOUeQR0bqp2VdnxDV4Ig=
-12,3,Xmfg2VJOuNSJcl57WX8t9vVuPXE=,r4kIFVcqOUeQR0bqp2VdnxDV4Ig=
-11,9,Xmfg2VJOuNSJcl57WX8t9vVuPXE=,r4kIFVcqOUeQR0bqp2VdnxDV4Ig=
-12,9,Xmfg2VJOuNSJcl57WX8t9vVuPXE=,r4kIFVcqOUeQR0bqp2VdnxDV4Ig=
-10,9,Xmfg2VJOuNSJcl57WX8t9vVuPXE=,r4kIFVcqOUeQR0bqp2VdnxDV4Ig=
-13,9,Xmfg2VJOuNSJcl57WX8t9vVuPXE=,r4kIFVcqOUeQR0bqp2VdnxDV4Ig=
-14,9,Xmfg2VJOuNSJcl57WX8t9vVuPXE=,r4kIFVcqOUeQR0bqp2VdnxDV4Ig=
-8,1,Xmfg2VJOuNSJcl57WX8t9vVuPXE=,r4kIFVcqOUeQR0bqp2VdnxDV4Ig=
-16,9,Xmfg2VJOuNSJcl57WX8t9vVuPXE=,r4kIFVcqOUeQR0bqp2VdnxDV4Ig=
-15,9,Xmfg2VJOuNSJcl57WX8t9vVuPXE=,r4kIFVcqOUeQR0bqp2VdnxDV4Ig=
-1,8,Xmfg2VJOuNSJcl57WX8t9vVuPXE=,r4kIFVcqOUeQR0bqp2VdnxDV4Ig=
-2,8,Xmfg2VJOuNSJcl57WX8t9vVuPXE=,r4kIFVcqOUeQR0bqp2VdnxDV4Ig=
-3,8,Xmfg2VJOuNSJcl57WX8t9vVuPXE=,r4kIFVcqOUeQR0bqp2VdnxDV4Ig=
-4,8,Xmfg2VJOuNSJcl57WX8t9vVuPXE=,r4kIFVcqOUeQR0bqp2VdnxDV4Ig=
-5,8,Xmfg2VJOuNSJcl57WX8t9vVuPXE=,r4kIFVcqOUeQR0bqp2VdnxDV4Ig=
-6,8,Xmfg2VJOuNSJcl57WX8t9vVuPXE=,r4kIFVcqOUeQR0bqp2VdnxDV4Ig=
-7,8,Xmfg2VJOuNSJcl57WX8t9vVuPXE=,r4kIFVcqOUeQR0bqp2VdnxDV4Ig=
-8,8,Xmfg2VJOuNSJcl57WX8t9vVuPXE=,r4kIFVcqOUeQR0bqp2VdnxDV4Ig=
-6,0,Xmfg2VJOuNSJcl57WX8t9vVuPXE=,r4kIFVcqOUeQR0bqp2VdnxDV4Ig=
-13,3,Xmfg2VJOuNSJcl57WX8t9vVuPXE=,r4kIFVcqOUeQR0bqp2VdnxDV4Ig=
-9,8,Xmfg2VJOuNSJcl57WX8t9vVuPXE=,r4kIFVcqOUeQR0bqp2VdnxDV4Ig=
-10,8,Xmfg2VJOuNSJcl57WX8t9vVuPXE=,r4kIFVcqOUeQR0bqp2VdnxDV4Ig=
-11,8,Xmfg2VJOuNSJcl57WX8t9vVuPXE=,r4kIFVcqOUeQR0bqp2VdnxDV4Ig=
-12,8,Xmfg2VJOuNSJcl57WX8t9vVuPXE=,r4kIFVcqOUeQR0bqp2VdnxDV4Ig=
-13,8,Xmfg2VJOuNSJcl57WX8t9vVuPXE=,r4kIFVcqOUeQR0bqp2VdnxDV4Ig=
-14,8,Xmfg2VJOuNSJcl57WX8t9vVuPXE=,r4kIFVcqOUeQR0bqp2VdnxDV4Ig=
-15,8,Xmfg2VJOuNSJcl57WX8t9vVuPXE=,r4kIFVcqOUeQR0bqp2VdnxDV4Ig=
-9,1,Xmfg2VJOuNSJcl57WX8t9vVuPXE=,r4kIFVcqOUeQR0bqp2VdnxDV4Ig=
-16,8,Xmfg2VJOuNSJcl57WX8t9vVuPXE=,r4kIFVcqOUeQR0bqp2VdnxDV4Ig=
-1,7,Xmfg2VJOuNSJcl57WX8t9vVuPXE=,r4kIFVcqOUeQR0bqp2VdnxDV4Ig=
-3,7,Xmfg2VJOuNSJcl57WX8t9vVuPXE=,r4kIFVcqOUeQR0bqp2VdnxDV4Ig=
-2,7,Xmfg2VJOuNSJcl57WX8t9vVuPXE=,r4kIFVcqOUeQR0bqp2VdnxDV4Ig=
-4,7,Xmfg2VJOuNSJcl57WX8t9vVuPXE=,r4kIFVcqOUeQR0bqp2VdnxDV4Ig=
-5,7,Xmfg2VJOuNSJcl57WX8t9vVuPXE=,r4kIFVcqOUeQR0bqp2VdnxDV4Ig=
-6,7,Xmfg2VJOuNSJcl57WX8t9vVuPXE=,r4kIFVcqOUeQR0bqp2VdnxDV4Ig=
-7,7,Xmfg2VJOuNSJcl57WX8t9vVuPXE=,r4kIFVcqOUeQR0bqp2VdnxDV4Ig=
-7,0,Xmfg2VJOuNSJcl57WX8t9vVuPXE=,r4kIFVcqOUeQR0bqp2VdnxDV4Ig=
-14,3,Xmfg2VJOuNSJcl57WX8t9vVuPXE=,r4kIFVcqOUeQR0bqp2VdnxDV4Ig=
-8,7,Xmfg2VJOuNSJcl57WX8t9vVuPXE=,r4kIFVcqOUeQR0bqp2VdnxDV4Ig=
-9,7,Xmfg2VJOuNSJcl57WX8t9vVuPXE=,r4kIFVcqOUeQR0bqp2VdnxDV4Ig=
-11,7,Xmfg2VJOuNSJcl57WX8t9vVuPXE=,r4kIFVcqOUeQR0bqp2VdnxDV4Ig=
-10,7,Xmfg2VJOuNSJcl57WX8t9vVuPXE=,r4kIFVcqOUeQR0bqp2VdnxDV4Ig=
-12,7,Xmfg2VJOuNSJcl57WX8t9vVuPXE=,r4kIFVcqOUeQR0bqp2VdnxDV4Ig=
-13,7,Xmfg2VJOuNSJcl57WX8t9vVuPXE=,r4kIFVcqOUeQR0bqp2VdnxDV4Ig=
-14,7,Xmfg2VJOuNSJcl57WX8t9vVuPXE=,r4kIFVcqOUeQR0bqp2VdnxDV4Ig=
-15,7,Xmfg2VJOuNSJcl57WX8t9vVuPXE=,r4kIFVcqOUeQR0bqp2VdnxDV4Ig=
-16,7,Xmfg2VJOuNSJcl57WX8t9vVuPXE=,r4kIFVcqOUeQR0bqp2VdnxDV4Ig=
-10,1,Xmfg2VJOuNSJcl57WX8t9vVuPXE=,r4kIFVcqOUeQR0bqp2VdnxDV4Ig=
-1,6,Xmfg2VJOuNSJcl57WX8t9vVuPXE=,r4kIFVcqOUeQR0bqp2VdnxDV4Ig=
-3,6,Xmfg2VJOuNSJcl57WX8t9vVuPXE=,r4kIFVcqOUeQR0bqp2VdnxDV4Ig=
-2,6,Xmfg2VJOuNSJcl57WX8t9vVuPXE=,r4kIFVcqOUeQR0bqp2VdnxDV4Ig=
-4,6,Xmfg2VJOuNSJcl57WX8t9vVuPXE=,r4kIFVcqOUeQR0bqp2VdnxDV4Ig=
-5,6,Xmfg2VJOuNSJcl57WX8t9vVuPXE=,r4kIFVcqOUeQR0bqp2VdnxDV4Ig=
-6,6,Xmfg2VJOuNSJcl57WX8t9vVuPXE=,r4kIFVcqOUeQR0bqp2VdnxDV4Ig=
-8,0,Xmfg2VJOuNSJcl57WX8t9vVuPXE=,r4kIFVcqOUeQR0bqp2VdnxDV4Ig=
-15,3,Xmfg2VJOuNSJcl57WX8t9vVuPXE=,r4kIFVcqOUeQR0bqp2VdnxDV4Ig=
-7,6,Xmfg2VJOuNSJcl57WX8t9vVuPXE=,r4kIFVcqOUeQR0bqp2VdnxDV4Ig=
-8,6,Xmfg2VJOuNSJcl57WX8t9vVuPXE=,r4kIFVcqOUeQR0bqp2VdnxDV4Ig=
-9,6,Xmfg2VJOuNSJcl57WX8t9vVuPXE=,r4kIFVcqOUeQR0bqp2VdnxDV4Ig=
-10,6,Xmfg2VJOuNSJcl57WX8t9vVuPXE=,r4kIFVcqOUeQR0bqp2VdnxDV4Ig=
-11,6,Xmfg2VJOuNSJcl57WX8t9vVuPXE=,r4kIFVcqOUeQR0bqp2VdnxDV4Ig=
-12,6,Xmfg2VJOuNSJcl57WX8t9vVuPXE=,r4kIFVcqOUeQR0bqp2VdnxDV4Ig=
-13,6,Xmfg2VJOuNSJcl57WX8t9vVuPXE=,r4kIFVcqOUeQR0bqp2VdnxDV4Ig=
-14,6,Xmfg2VJOuNSJcl57WX8t9vVuPXE=,r4kIFVcqOUeQR0bqp2VdnxDV4Ig=
-15,6,Xmfg2VJOuNSJcl57WX8t9vVuPXE=,r4kIFVcqOUeQR0bqp2VdnxDV4Ig=
-16,6,Xmfg2VJOuNSJcl57WX8t9vVuPXE=,r4kIFVcqOUeQR0bqp2VdnxDV4Ig=
-11,1,Xmfg2VJOuNSJcl57WX8t9vVuPXE=,r4kIFVcqOUeQR0bqp2VdnxDV4Ig=
-1,5,Xmfg2VJOuNSJcl57WX8t9vVuPXE=,r4kIFVcqOUeQR0bqp2VdnxDV4Ig=
-2,5,Xmfg2VJOuNSJcl57WX8t9vVuPXE=,r4kIFVcqOUeQR0bqp2VdnxDV4Ig=
-3,5,Xmfg2VJOuNSJcl57WX8t9vVuPXE=,r4kIFVcqOUeQR0bqp2VdnxDV4Ig=
-4,5,Xmfg2VJOuNSJcl57WX8t9vVuPXE=,r4kIFVcqOUeQR0bqp2VdnxDV4Ig=
-5,5,Xmfg2VJOuNSJcl57WX8t9vVuPXE=,r4kIFVcqOUeQR0bqp2VdnxDV4Ig=
-9,0,Xmfg2VJOuNSJcl57WX8t9vVuPXE=,r4kIFVcqOUeQR0bqp2VdnxDV4Ig=
-16,3,Xmfg2VJOuNSJcl57WX8t9vVuPXE=,r4kIFVcqOUeQR0bqp2VdnxDV4Ig=
-12,1,Xmfg2VJOuNSJcl57WX8t9vVuPXE=,r4kIFVcqOUeQR0bqp2VdnxDV4Ig=
-6,5,Xmfg2VJOuNSJcl57WX8t9vVuPXE=,r4kIFVcqOUeQR0bqp2VdnxDV4Ig=
-7,5,Xmfg2VJOuNSJcl57WX8t9vVuPXE=,r4kIFVcqOUeQR0bqp2VdnxDV4Ig=
-8,5,Xmfg2VJOuNSJcl57WX8t9vVuPXE=,r4kIFVcqOUeQR0bqp2VdnxDV4Ig=
-9,5,Xmfg2VJOuNSJcl57WX8t9vVuPXE=,r4kIFVcqOUeQR0bqp2VdnxDV4Ig=
-10,5,Xmfg2VJOuNSJcl57WX8t9vVuPXE=,r4kIFVcqOUeQR0bqp2VdnxDV4Ig=
-11,5,Xmfg2VJOuNSJcl57WX8t9vVuPXE=,r4kIFVcqOUeQR0bqp2VdnxDV4Ig=
-12,5,Xmfg2VJOuNSJcl57WX8t9vVuPXE=,r4kIFVcqOUeQR0bqp2VdnxDV4Ig=
-13,5,Xmfg2VJOuNSJcl57WX8t9vVuPXE=,r4kIFVcqOUeQR0bqp2VdnxDV4Ig=
-16,0,Xmfg2VJOuNSJcl57WX8t9vVuPXE=,r4kIFVcqOUeQR0bqp2VdnxDV4Ig=
-14,5,Xmfg2VJOuNSJcl57WX8t9vVuPXE=,r4kIFVcqOUeQR0bqp2VdnxDV4Ig=
-15,5,Xmfg2VJOuNSJcl57WX8t9vVuPXE=,r4kIFVcqOUeQR0bqp2VdnxDV4Ig=
-16,5,Xmfg2VJOuNSJcl57WX8t9vVuPXE=,r4kIFVcqOUeQR0bqp2VdnxDV4Ig=
-1,4,Xmfg2VJOuNSJcl57WX8t9vVuPXE=,r4kIFVcqOUeQR0bqp2VdnxDV4Ig=
-13,1,Xmfg2VJOuNSJcl57WX8t9vVuPXE=,r4kIFVcqOUeQR0bqp2VdnxDV4Ig=
-2,4,Xmfg2VJOuNSJcl57WX8t9vVuPXE=,r4kIFVcqOUeQR0bqp2VdnxDV4Ig=
-3,4,Xmfg2VJOuNSJcl57WX8t9vVuPXE=,r4kIFVcqOUeQR0bqp2VdnxDV4Ig=
-4,4,Xmfg2VJOuNSJcl57WX8t9vVuPXE=,r4kIFVcqOUeQR0bqp2VdnxDV4Ig=
-10,0,Xmfg2VJOuNSJcl57WX8t9vVuPXE=,r4kIFVcqOUeQR0bqp2VdnxDV4Ig=
-5,4,Xmfg2VJOuNSJcl57WX8t9vVuPXE=,r4kIFVcqOUeQR0bqp2VdnxDV4Ig=
-6,4,Xmfg2VJOuNSJcl57WX8t9vVuPXE=,r4kIFVcqOUeQR0bqp2VdnxDV4Ig=
-7,4,Xmfg2VJOuNSJcl57WX8t9vVuPXE=,r4kIFVcqOUeQR0bqp2VdnxDV4Ig=
-8,4,Xmfg2VJOuNSJcl57WX8t9vVuPXE=,r4kIFVcqOUeQR0bqp2VdnxDV4Ig=
-9,4,Xmfg2VJOuNSJcl57WX8t9vVuPXE=,r4kIFVcqOUeQR0bqp2VdnxDV4Ig=
-10,4,Xmfg2VJOuNSJcl57WX8t9vVuPXE=,r4kIFVcqOUeQR0bqp2VdnxDV4Ig=
-11,4,Xmfg2VJOuNSJcl57WX8t9vVuPXE=,r4kIFVcqOUeQR0bqp2VdnxDV4Ig=
-13,4,Xmfg2VJOuNSJcl57WX8t9vVuPXE=,r4kIFVcqOUeQR0bqp2VdnxDV4Ig=
-12,4,Xmfg2VJOuNSJcl57WX8t9vVuPXE=,r4kIFVcqOUeQR0bqp2VdnxDV4Ig=
-14,4,Xmfg2VJOuNSJcl57WX8t9vVuPXE=,r4kIFVcqOUeQR0bqp2VdnxDV4Ig=
-15,4,Xmfg2VJOuNSJcl57WX8t9vVuPXE=,r4kIFVcqOUeQR0bqp2VdnxDV4Ig=
-16,4,Xmfg2VJOuNSJcl57WX8t9vVuPXE=,r4kIFVcqOUeQR0bqp2VdnxDV4Ig=
-14,1,Xmfg2VJOuNSJcl57WX8t9vVuPXE=,r4kIFVcqOUeQR0bqp2VdnxDV4Ig=
-11,0,Xmfg2VJOuNSJcl57WX8t9vVuPXE=,r4kIFVcqOUeQR0bqp2VdnxDV4Ig=
-2,3,Xmfg2VJOuNSJcl57WX8t9vVuPXE=,r4kIFVcqOUeQR0bqp2VdnxDV4Ig=
-3,3,Xmfg2VJOuNSJcl57WX8t9vVuPXE=,r4kIFVcqOUeQR0bqp2VdnxDV4Ig=
-12,0,Xmfg2VJOuNSJcl57WX8t9vVuPXE=,r4kIFVcqOUeQR0bqp2VdnxDV4Ig=
-1,3,Xmfg2VJOuNSJcl57WX8t9vVuPXE=,r4kIFVcqOUeQR0bqp2VdnxDV4Ig=
-2,2,Xmfg2VJOuNSJcl57WX8t9vVuPXE=,r4kIFVcqOUeQR0bqp2VdnxDV4Ig=
-1,0,Xmfg2VJOuNSJcl57WX8t9vVuPXE=,r4kIFVcqOUeQR0bqp2VdnxDV4Ig=
-1,1,Xmfg2VJOuNSJcl57WX8t9vVuPXE=,r4kIFVcqOUeQR0bqp2VdnxDV4Ig=
-3,1,Xmfg2VJOuNSJcl57WX8t9vVuPXE=,r4kIFVcqOUeQR0bqp2VdnxDV4Ig=
-1,2,Xmfg2VJOuNSJcl57WX8t9vVuPXE=,r4kIFVcqOUeQR0bqp2VdnxDV4Ig=
-2,1,Xmfg2VJOuNSJcl57WX8t9vVuPXE=,r4kIFVcqOUeQR0bqp2VdnxDV4Ig=
-3,0,Xmfg2VJOuNSJcl57WX8t9vVuPXE=,r4kIFVcqOUeQR0bqp2VdnxDV4Ig=
-2,0,Xmfg2VJOuNSJcl57WX8t9vVuPXE=,r4kIFVcqOUeQR0bqp2VdnxDV4Ig=
-29,0,45dEb6Ske06dRew/z3tb/75IekM=,6WjBiQQ27TmGmXBSHT7wJFGoxRg=
-17,1,45dEb6Ske06dRew/z3tb/75IekM=,6WjBiQQ27TmGmXBSHT7wJFGoxRg=
-17,15,45dEb6Ske06dRew/z3tb/75IekM=,6WjBiQQ27TmGmXBSHT7wJFGoxRg=
-19,2,45dEb6Ske06dRew/z3tb/75IekM=,6WjBiQQ27TmGmXBSHT7wJFGoxRg=
-21,2,45dEb6Ske06dRew/z3tb/75IekM=,6WjBiQQ27TmGmXBSHT7wJFGoxRg=
-22,2,45dEb6Ske06dRew/z3tb/75IekM=,6WjBiQQ27TmGmXBSHT7wJFGoxRg=
-20,2,45dEb6Ske06dRew/z3tb/75IekM=,6WjBiQQ27TmGmXBSHT7wJFGoxRg=
-24,2,45dEb6Ske06dRew/z3tb/75IekM=,6WjBiQQ27TmGmXBSHT7wJFGoxRg=
-23,2,45dEb6Ske06dRew/z3tb/75IekM=,6WjBiQQ27TmGmXBSHT7wJFGoxRg=
-25,2,45dEb6Ske06dRew/z3tb/75IekM=,6WjBiQQ27TmGmXBSHT7wJFGoxRg=
-26,2,45dEb6Ske06dRew/z3tb/75IekM=,6WjBiQQ27TmGmXBSHT7wJFGoxRg=
-19,15,45dEb6Ske06dRew/z3tb/75IekM=,6WjBiQQ27TmGmXBSHT7wJFGoxRg=
-28,2,45dEb6Ske06dRew/z3tb/75IekM=,6WjBiQQ27TmGmXBSHT7wJFGoxRg=
-18,15,45dEb6Ske06dRew/z3tb/75IekM=,6WjBiQQ27TmGmXBSHT7wJFGoxRg=
-29,2,45dEb6Ske06dRew/z3tb/75IekM=,6WjBiQQ27TmGmXBSHT7wJFGoxRg=
-27,2,45dEb6Ske06dRew/z3tb/75IekM=,6WjBiQQ27TmGmXBSHT7wJFGoxRg=
-20,3,45dEb6Ske06dRew/z3tb/75IekM=,6WjBiQQ27TmGmXBSHT7wJFGoxRg=
-20,15,45dEb6Ske06dRew/z3tb/75IekM=,6WjBiQQ27TmGmXBSHT7wJFGoxRg=
-21,3,45dEb6Ske06dRew/z3tb/75IekM=,6WjBiQQ27TmGmXBSHT7wJFGoxRg=
-30,2,45dEb6Ske06dRew/z3tb/75IekM=,6WjBiQQ27TmGmXBSHT7wJFGoxRg=
-22,15,45dEb6Ske06dRew/z3tb/75IekM=,6WjBiQQ27TmGmXBSHT7wJFGoxRg=
-21,15,45dEb6Ske06dRew/z3tb/75IekM=,6WjBiQQ27TmGmXBSHT7wJFGoxRg=
-32,2,45dEb6Ske06dRew/z3tb/75IekM=,6WjBiQQ27TmGmXBSHT7wJFGoxRg=
-18,2,45dEb6Ske06dRew/z3tb/75IekM=,6WjBiQQ27TmGmXBSHT7wJFGoxRg=
-25,15,45dEb6Ske06dRew/z3tb/75IekM=,6WjBiQQ27TmGmXBSHT7wJFGoxRg=
-23,15,45dEb6Ske06dRew/z3tb/75IekM=,6WjBiQQ27TmGmXBSHT7wJFGoxRg=
-26,15,45dEb6Ske06dRew/z3tb/75IekM=,6WjBiQQ27TmGmXBSHT7wJFGoxRg=
-24,15,45dEb6Ske06dRew/z3tb/75IekM=,6WjBiQQ27TmGmXBSHT7wJFGoxRg=
-28,15,45dEb6Ske06dRew/z3tb/75IekM=,6WjBiQQ27TmGmXBSHT7wJFGoxRg=
-31,2,45dEb6Ske06dRew/z3tb/75IekM=,6WjBiQQ27TmGmXBSHT7wJFGoxRg=
-27,15,45dEb6Ske06dRew/z3tb/75IekM=,6WjBiQQ27TmGmXBSHT7wJFGoxRg=
-28,0,45dEb6Ske06dRew/z3tb/75IekM=,6WjBiQQ27TmGmXBSHT7wJFGoxRg=
-22,3,45dEb6Ske06dRew/z3tb/75IekM=,6WjBiQQ27TmGmXBSHT7wJFGoxRg=
-30,0,45dEb6Ske06dRew/z3tb/75IekM=,6WjBiQQ27TmGmXBSHT7wJFGoxRg=
-19,3,45dEb6Ske06dRew/z3tb/75IekM=,6WjBiQQ27TmGmXBSHT7wJFGoxRg=
-18,1,45dEb6Ske06dRew/z3tb/75IekM=,6WjBiQQ27TmGmXBSHT7wJFGoxRg=
-17,14,45dEb6Ske06dRew/z3tb/75IekM=,6WjBiQQ27TmGmXBSHT7wJFGoxRg=
-18,3,45dEb6Ske06dRew/z3tb/75IekM=,6WjBiQQ27TmGmXBSHT7wJFGoxRg=
-19,14,45dEb6Ske06dRew/z3tb/75IekM=,6WjBiQQ27TmGmXBSHT7wJFGoxRg=
-22,14,45dEb6Ske06dRew/z3tb/75IekM=,6WjBiQQ27TmGmXBSHT7wJFGoxRg=
-20,14,45dEb6Ske06dRew/z3tb/75IekM=,6WjBiQQ27TmGmXBSHT7wJFGoxRg=
-18,14,45dEb6Ske06dRew/z3tb/75IekM=,6WjBiQQ27TmGmXBSHT7wJFGoxRg=
-17,3,45dEb6Ske06dRew/z3tb/75IekM=,6WjBiQQ27TmGmXBSHT7wJFGoxRg=
-21,14,45dEb6Ske06dRew/z3tb/75IekM=,6WjBiQQ27TmGmXBSHT7wJFGoxRg=
-23,14,45dEb6Ske06dRew/z3tb/75IekM=,6WjBiQQ27TmGmXBSHT7wJFGoxRg=
-25,14,45dEb6Ske06dRew/z3tb/75IekM=,6WjBiQQ27TmGmXBSHT7wJFGoxRg=
-24,14,45dEb6Ske06dRew/z3tb/75IekM=,6WjBiQQ27TmGmXBSHT7wJFGoxRg=
-27,0,45dEb6Ske06dRew/z3tb/75IekM=,6WjBiQQ27TmGmXBSHT7wJFGoxRg=
-26,14,45dEb6Ske06dRew/z3tb/75IekM=,6WjBiQQ27TmGmXBSHT7wJFGoxRg=
-27,14,45dEb6Ske06dRew/z3tb/75IekM=,6WjBiQQ27TmGmXBSHT7wJFGoxRg=
-32,4,45dEb6Ske06dRew/z3tb/75IekM=,6WjBiQQ27TmGmXBSHT7wJFGoxRg=
-31,1,45dEb6Ske06dRew/z3tb/75IekM=,6WjBiQQ27TmGmXBSHT7wJFGoxRg=
-23,3,45dEb6Ske06dRew/z3tb/75IekM=,6WjBiQQ27TmGmXBSHT7wJFGoxRg=
-30,1,45dEb6Ske06dRew/z3tb/75IekM=,6WjBiQQ27TmGmXBSHT7wJFGoxRg=
-32,1,45dEb6Ske06dRew/z3tb/75IekM=,6WjBiQQ27TmGmXBSHT7wJFGoxRg=
-31,4,45dEb6Ske06dRew/z3tb/75IekM=,6WjBiQQ27TmGmXBSHT7wJFGoxRg=
-30,4,45dEb6Ske06dRew/z3tb/75IekM=,6WjBiQQ27TmGmXBSHT7wJFGoxRg=
-28,4,45dEb6Ske06dRew/z3tb/75IekM=,6WjBiQQ27TmGmXBSHT7wJFGoxRg=
-29,4,45dEb6Ske06dRew/z3tb/75IekM=,6WjBiQQ27TmGmXBSHT7wJFGoxRg=
-27,4,45dEb6Ske06dRew/z3tb/75IekM=,6WjBiQQ27TmGmXBSHT7wJFGoxRg=
-26,4,45dEb6Ske06dRew/z3tb/75IekM=,6WjBiQQ27TmGmXBSHT7wJFGoxRg=
-25,4,45dEb6Ske06dRew/z3tb/75IekM=,6WjBiQQ27TmGmXBSHT7wJFGoxRg=
-24,4,45dEb6Ske06dRew/z3tb/75IekM=,6WjBiQQ27TmGmXBSHT7wJFGoxRg=
-23,4,45dEb6Ske06dRew/z3tb/75IekM=,6WjBiQQ27TmGmXBSHT7wJFGoxRg=
-22,4,45dEb6Ske06dRew/z3tb/75IekM=,6WjBiQQ27TmGmXBSHT7wJFGoxRg=
-17,2,45dEb6Ske06dRew/z3tb/75IekM=,6WjBiQQ27TmGmXBSHT7wJFGoxRg=
-21,4,45dEb6Ske06dRew/z3tb/75IekM=,6WjBiQQ27TmGmXBSHT7wJFGoxRg=
-26,0,45dEb6Ske06dRew/z3tb/75IekM=,6WjBiQQ27TmGmXBSHT7wJFGoxRg=
-20,4,45dEb6Ske06dRew/z3tb/75IekM=,6WjBiQQ27TmGmXBSHT7wJFGoxRg=
-19,4,45dEb6Ske06dRew/z3tb/75IekM=,6WjBiQQ27TmGmXBSHT7wJFGoxRg=
-18,4,45dEb6Ske06dRew/z3tb/75IekM=,6WjBiQQ27TmGmXBSHT7wJFGoxRg=
-17,4,45dEb6Ske06dRew/z3tb/75IekM=,6WjBiQQ27TmGmXBSHT7wJFGoxRg=
-32,5,45dEb6Ske06dRew/z3tb/75IekM=,6WjBiQQ27TmGmXBSHT7wJFGoxRg=
-29,1,45dEb6Ske06dRew/z3tb/75IekM=,6WjBiQQ27TmGmXBSHT7wJFGoxRg=
-31,5,45dEb6Ske06dRew/z3tb/75IekM=,6WjBiQQ27TmGmXBSHT7wJFGoxRg=
-30,5,45dEb6Ske06dRew/z3tb/75IekM=,6WjBiQQ27TmGmXBSHT7wJFGoxRg=
-29,5,45dEb6Ske06dRew/z3tb/75IekM=,6WjBiQQ27TmGmXBSHT7wJFGoxRg=
-32,0,45dEb6Ske06dRew/z3tb/75IekM=,6WjBiQQ27TmGmXBSHT7wJFGoxRg=
-28,5,45dEb6Ske06dRew/z3tb/75IekM=,6WjBiQQ27TmGmXBSHT7wJFGoxRg=
-27,5,45dEb6Ske06dRew/z3tb/75IekM=,6WjBiQQ27TmGmXBSHT7wJFGoxRg=
-26,5,45dEb6Ske06dRew/z3tb/75IekM=,6WjBiQQ27TmGmXBSHT7wJFGoxRg=
-25,5,45dEb6Ske06dRew/z3tb/75IekM=,6WjBiQQ27TmGmXBSHT7wJFGoxRg=
-24,5,45dEb6Ske06dRew/z3tb/75IekM=,6WjBiQQ27TmGmXBSHT7wJFGoxRg=
-22,5,45dEb6Ske06dRew/z3tb/75IekM=,6WjBiQQ27TmGmXBSHT7wJFGoxRg=
-23,5,45dEb6Ske06dRew/z3tb/75IekM=,6WjBiQQ27TmGmXBSHT7wJFGoxRg=
-32,3,45dEb6Ske06dRew/z3tb/75IekM=,6WjBiQQ27TmGmXBSHT7wJFGoxRg=
-28,1,45dEb6Ske06dRew/z3tb/75IekM=,6WjBiQQ27TmGmXBSHT7wJFGoxRg=
-25,0,45dEb6Ske06dRew/z3tb/75IekM=,6WjBiQQ27TmGmXBSHT7wJFGoxRg=
-21,5,45dEb6Ske06dRew/z3tb/75IekM=,6WjBiQQ27TmGmXBSHT7wJFGoxRg=
-20,5,45dEb6Ske06dRew/z3tb/75IekM=,6WjBiQQ27TmGmXBSHT7wJFGoxRg=
-19,5,45dEb6Ske06dRew/z3tb/75IekM=,6WjBiQQ27TmGmXBSHT7wJFGoxRg=
-18,5,45dEb6Ske06dRew/z3tb/75IekM=,6WjBiQQ27TmGmXBSHT7wJFGoxRg=
-17,5,45dEb6Ske06dRew/z3tb/75IekM=,6WjBiQQ27TmGmXBSHT7wJFGoxRg=
-32,6,45dEb6Ske06dRew/z3tb/75IekM=,6WjBiQQ27TmGmXBSHT7wJFGoxRg=
-27,1,45dEb6Ske06dRew/z3tb/75IekM=,6WjBiQQ27TmGmXBSHT7wJFGoxRg=
-30,6,45dEb6Ske06dRew/z3tb/75IekM=,6WjBiQQ27TmGmXBSHT7wJFGoxRg=
-31,6,45dEb6Ske06dRew/z3tb/75IekM=,6WjBiQQ27TmGmXBSHT7wJFGoxRg=
-28,6,45dEb6Ske06dRew/z3tb/75IekM=,6WjBiQQ27TmGmXBSHT7wJFGoxRg=
-29,6,45dEb6Ske06dRew/z3tb/75IekM=,6WjBiQQ27TmGmXBSHT7wJFGoxRg=
-27,6,45dEb6Ske06dRew/z3tb/75IekM=,6WjBiQQ27TmGmXBSHT7wJFGoxRg=
-26,6,45dEb6Ske06dRew/z3tb/75IekM=,6WjBiQQ27TmGmXBSHT7wJFGoxRg=
-25,6,45dEb6Ske06dRew/z3tb/75IekM=,6WjBiQQ27TmGmXBSHT7wJFGoxRg=
-24,6,45dEb6Ske06dRew/z3tb/75IekM=,6WjBiQQ27TmGmXBSHT7wJFGoxRg=
-23,6,45dEb6Ske06dRew/z3tb/75IekM=,6WjBiQQ27TmGmXBSHT7wJFGoxRg=
-31,3,45dEb6Ske06dRew/z3tb/75IekM=,6WjBiQQ27TmGmXBSHT7wJFGoxRg=
-24,0,45dEb6Ske06dRew/z3tb/75IekM=,6WjBiQQ27TmGmXBSHT7wJFGoxRg=
-22,6,45dEb6Ske06dRew/z3tb/75IekM=,6WjBiQQ27TmGmXBSHT7wJFGoxRg=
-21,6,45dEb6Ske06dRew/z3tb/75IekM=,6WjBiQQ27TmGmXBSHT7wJFGoxRg=
-20,6,45dEb6Ske06dRew/z3tb/75IekM=,6WjBiQQ27TmGmXBSHT7wJFGoxRg=
-19,6,45dEb6Ske06dRew/z3tb/75IekM=,6WjBiQQ27TmGmXBSHT7wJFGoxRg=
-18,6,45dEb6Ske06dRew/z3tb/75IekM=,6WjBiQQ27TmGmXBSHT7wJFGoxRg=
-17,6,45dEb6Ske06dRew/z3tb/75IekM=,6WjBiQQ27TmGmXBSHT7wJFGoxRg=
-32,7,45dEb6Ske06dRew/z3tb/75IekM=,6WjBiQQ27TmGmXBSHT7wJFGoxRg=
-31,7,45dEb6Ske06dRew/z3tb/75IekM=,6WjBiQQ27TmGmXBSHT7wJFGoxRg=
-26,1,45dEb6Ske06dRew/z3tb/75IekM=,6WjBiQQ27TmGmXBSHT7wJFGoxRg=
-30,7,45dEb6Ske06dRew/z3tb/75IekM=,6WjBiQQ27TmGmXBSHT7wJFGoxRg=
-29,7,45dEb6Ske06dRew/z3tb/75IekM=,6WjBiQQ27TmGmXBSHT7wJFGoxRg=
-28,7,45dEb6Ske06dRew/z3tb/75IekM=,6WjBiQQ27TmGmXBSHT7wJFGoxRg=
-27,7,45dEb6Ske06dRew/z3tb/75IekM=,6WjBiQQ27TmGmXBSHT7wJFGoxRg=
-26,7,45dEb6Ske06dRew/z3tb/75IekM=,6WjBiQQ27TmGmXBSHT7wJFGoxRg=
-25,7,45dEb6Ske06dRew/z3tb/75IekM=,6WjBiQQ27TmGmXBSHT7wJFGoxRg=
-24,7,45dEb6Ske06dRew/z3tb/75IekM=,6WjBiQQ27TmGmXBSHT7wJFGoxRg=
-30,3,45dEb6Ske06dRew/z3tb/75IekM=,6WjBiQQ27TmGmXBSHT7wJFGoxRg=
-23,0,45dEb6Ske06dRew/z3tb/75IekM=,6WjBiQQ27TmGmXBSHT7wJFGoxRg=
-23,7,45dEb6Ske06dRew/z3tb/75IekM=,6WjBiQQ27TmGmXBSHT7wJFGoxRg=
-22,7,45dEb6Ske06dRew/z3tb/75IekM=,6WjBiQQ27TmGmXBSHT7wJFGoxRg=
-21,7,45dEb6Ske06dRew/z3tb/75IekM=,6WjBiQQ27TmGmXBSHT7wJFGoxRg=
-20,7,45dEb6Ske06dRew/z3tb/75IekM=,6WjBiQQ27TmGmXBSHT7wJFGoxRg=
-19,7,45dEb6Ske06dRew/z3tb/75IekM=,6WjBiQQ27TmGmXBSHT7wJFGoxRg=
-18,7,45dEb6Ske06dRew/z3tb/75IekM=,6WjBiQQ27TmGmXBSHT7wJFGoxRg=
-17,7,45dEb6Ske06dRew/z3tb/75IekM=,6WjBiQQ27TmGmXBSHT7wJFGoxRg=
-25,1,45dEb6Ske06dRew/z3tb/75IekM=,6WjBiQQ27TmGmXBSHT7wJFGoxRg=
-32,8,45dEb6Ske06dRew/z3tb/75IekM=,6WjBiQQ27TmGmXBSHT7wJFGoxRg=
-31,0,45dEb6Ske06dRew/z3tb/75IekM=,6WjBiQQ27TmGmXBSHT7wJFGoxRg=
-17,13,45dEb6Ske06dRew/z3tb/75IekM=,6WjBiQQ27TmGmXBSHT7wJFGoxRg=
-18,13,45dEb6Ske06dRew/z3tb/75IekM=,6WjBiQQ27TmGmXBSHT7wJFGoxRg=
-19,13,45dEb6Ske06dRew/z3tb/75IekM=,6WjBiQQ27TmGmXBSHT7wJFGoxRg=
-20,13,45dEb6Ske06dRew/z3tb/75IekM=,6WjBiQQ27TmGmXBSHT7wJFGoxRg=
-21,13,45dEb6Ske06dRew/z3tb/75IekM=,6WjBiQQ27TmGmXBSHT7wJFGoxRg=
-22,13,45dEb6Ske06dRew/z3tb/75IekM=,6WjBiQQ27TmGmXBSHT7wJFGoxRg=
-23,13,45dEb6Ske06dRew/z3tb/75IekM=,6WjBiQQ27TmGmXBSHT7wJFGoxRg=
-24,13,45dEb6Ske06dRew/z3tb/75IekM=,6WjBiQQ27TmGmXBSHT7wJFGoxRg=
-25,13,45dEb6Ske06dRew/z3tb/75IekM=,6WjBiQQ27TmGmXBSHT7wJFGoxRg=
-26,13,45dEb6Ske06dRew/z3tb/75IekM=,6WjBiQQ27TmGmXBSHT7wJFGoxRg=
-27,13,45dEb6Ske06dRew/z3tb/75IekM=,6WjBiQQ27TmGmXBSHT7wJFGoxRg=
-31,8,45dEb6Ske06dRew/z3tb/75IekM=,6WjBiQQ27TmGmXBSHT7wJFGoxRg=
-30,8,45dEb6Ske06dRew/z3tb/75IekM=,6WjBiQQ27TmGmXBSHT7wJFGoxRg=
-29,8,45dEb6Ske06dRew/z3tb/75IekM=,6WjBiQQ27TmGmXBSHT7wJFGoxRg=
-28,8,45dEb6Ske06dRew/z3tb/75IekM=,6WjBiQQ27TmGmXBSHT7wJFGoxRg=
-27,8,45dEb6Ske06dRew/z3tb/75IekM=,6WjBiQQ27TmGmXBSHT7wJFGoxRg=
-26,8,45dEb6Ske06dRew/z3tb/75IekM=,6WjBiQQ27TmGmXBSHT7wJFGoxRg=
-25,8,45dEb6Ske06dRew/z3tb/75IekM=,6WjBiQQ27TmGmXBSHT7wJFGoxRg=
-29,3,45dEb6Ske06dRew/z3tb/75IekM=,6WjBiQQ27TmGmXBSHT7wJFGoxRg=
-22,0,45dEb6Ske06dRew/z3tb/75IekM=,6WjBiQQ27TmGmXBSHT7wJFGoxRg=
-24,8,45dEb6Ske06dRew/z3tb/75IekM=,6WjBiQQ27TmGmXBSHT7wJFGoxRg=
-23,8,45dEb6Ske06dRew/z3tb/75IekM=,6WjBiQQ27TmGmXBSHT7wJFGoxRg=
-22,8,45dEb6Ske06dRew/z3tb/75IekM=,6WjBiQQ27TmGmXBSHT7wJFGoxRg=
-21,8,45dEb6Ske06dRew/z3tb/75IekM=,6WjBiQQ27TmGmXBSHT7wJFGoxRg=
-20,8,45dEb6Ske06dRew/z3tb/75IekM=,6WjBiQQ27TmGmXBSHT7wJFGoxRg=
-19,8,45dEb6Ske06dRew/z3tb/75IekM=,6WjBiQQ27TmGmXBSHT7wJFGoxRg=
-18,8,45dEb6Ske06dRew/z3tb/75IekM=,6WjBiQQ27TmGmXBSHT7wJFGoxRg=
-17,8,45dEb6Ske06dRew/z3tb/75IekM=,6WjBiQQ27TmGmXBSHT7wJFGoxRg=
-24,1,45dEb6Ske06dRew/z3tb/75IekM=,6WjBiQQ27TmGmXBSHT7wJFGoxRg=
-32,9,45dEb6Ske06dRew/z3tb/75IekM=,6WjBiQQ27TmGmXBSHT7wJFGoxRg=
-31,9,45dEb6Ske06dRew/z3tb/75IekM=,6WjBiQQ27TmGmXBSHT7wJFGoxRg=
-30,9,45dEb6Ske06dRew/z3tb/75IekM=,6WjBiQQ27TmGmXBSHT7wJFGoxRg=
-29,9,45dEb6Ske06dRew/z3tb/75IekM=,6WjBiQQ27TmGmXBSHT7wJFGoxRg=
-28,9,45dEb6Ske06dRew/z3tb/75IekM=,6WjBiQQ27TmGmXBSHT7wJFGoxRg=
-27,9,45dEb6Ske06dRew/z3tb/75IekM=,6WjBiQQ27TmGmXBSHT7wJFGoxRg=
-26,9,45dEb6Ske06dRew/z3tb/75IekM=,6WjBiQQ27TmGmXBSHT7wJFGoxRg=
-28,3,45dEb6Ske06dRew/z3tb/75IekM=,6WjBiQQ27TmGmXBSHT7wJFGoxRg=
-25,9,45dEb6Ske06dRew/z3tb/75IekM=,6WjBiQQ27TmGmXBSHT7wJFGoxRg=
-21,0,45dEb6Ske06dRew/z3tb/75IekM=,6WjBiQQ27TmGmXBSHT7wJFGoxRg=
-24,9,45dEb6Ske06dRew/z3tb/75IekM=,6WjBiQQ27TmGmXBSHT7wJFGoxRg=
-23,9,45dEb6Ske06dRew/z3tb/75IekM=,6WjBiQQ27TmGmXBSHT7wJFGoxRg=
-22,9,45dEb6Ske06dRew/z3tb/75IekM=,6WjBiQQ27TmGmXBSHT7wJFGoxRg=
-21,9,45dEb6Ske06dRew/z3tb/75IekM=,6WjBiQQ27TmGmXBSHT7wJFGoxRg=
-20,9,45dEb6Ske06dRew/z3tb/75IekM=,6WjBiQQ27TmGmXBSHT7wJFGoxRg=
-19,9,45dEb6Ske06dRew/z3tb/75IekM=,6WjBiQQ27TmGmXBSHT7wJFGoxRg=
-18,9,45dEb6Ske06dRew/z3tb/75IekM=,6WjBiQQ27TmGmXBSHT7wJFGoxRg=
-17,9,45dEb6Ske06dRew/z3tb/75IekM=,6WjBiQQ27TmGmXBSHT7wJFGoxRg=
-23,1,45dEb6Ske06dRew/z3tb/75IekM=,6WjBiQQ27TmGmXBSHT7wJFGoxRg=
-32,10,45dEb6Ske06dRew/z3tb/75IekM=,6WjBiQQ27TmGmXBSHT7wJFGoxRg=
-31,10,45dEb6Ske06dRew/z3tb/75IekM=,6WjBiQQ27TmGmXBSHT7wJFGoxRg=
-30,10,45dEb6Ske06dRew/z3tb/75IekM=,6WjBiQQ27TmGmXBSHT7wJFGoxRg=
-29,10,45dEb6Ske06dRew/z3tb/75IekM=,6WjBiQQ27TmGmXBSHT7wJFGoxRg=
-28,10,45dEb6Ske06dRew/z3tb/75IekM=,6WjBiQQ27TmGmXBSHT7wJFGoxRg=
-27,10,45dEb6Ske06dRew/z3tb/75IekM=,6WjBiQQ27TmGmXBSHT7wJFGoxRg=
-27,3,45dEb6Ske06dRew/z3tb/75IekM=,6WjBiQQ27TmGmXBSHT7wJFGoxRg=
-20,0,45dEb6Ske06dRew/z3tb/75IekM=,6WjBiQQ27TmGmXBSHT7wJFGoxRg=
-26,10,45dEb6Ske06dRew/z3tb/75IekM=,6WjBiQQ27TmGmXBSHT7wJFGoxRg=
-25,10,45dEb6Ske06dRew/z3tb/75IekM=,6WjBiQQ27TmGmXBSHT7wJFGoxRg=
-24,10,45dEb6Ske06dRew/z3tb/75IekM=,6WjBiQQ27TmGmXBSHT7wJFGoxRg=
-23,10,45dEb6Ske06dRew/z3tb/75IekM=,6WjBiQQ27TmGmXBSHT7wJFGoxRg=
-22,10,45dEb6Ske06dRew/z3tb/75IekM=,6WjBiQQ27TmGmXBSHT7wJFGoxRg=
-21,10,45dEb6Ske06dRew/z3tb/75IekM=,6WjBiQQ27TmGmXBSHT7wJFGoxRg=
-20,10,45dEb6Ske06dRew/z3tb/75IekM=,6WjBiQQ27TmGmXBSHT7wJFGoxRg=
-19,10,45dEb6Ske06dRew/z3tb/75IekM=,6WjBiQQ27TmGmXBSHT7wJFGoxRg=
-18,10,45dEb6Ske06dRew/z3tb/75IekM=,6WjBiQQ27TmGmXBSHT7wJFGoxRg=
-17,10,45dEb6Ske06dRew/z3tb/75IekM=,6WjBiQQ27TmGmXBSHT7wJFGoxRg=
-32,11,45dEb6Ske06dRew/z3tb/75IekM=,6WjBiQQ27TmGmXBSHT7wJFGoxRg=
-22,1,45dEb6Ske06dRew/z3tb/75IekM=,6WjBiQQ27TmGmXBSHT7wJFGoxRg=
-31,11,45dEb6Ske06dRew/z3tb/75IekM=,6WjBiQQ27TmGmXBSHT7wJFGoxRg=
-30,11,45dEb6Ske06dRew/z3tb/75IekM=,6WjBiQQ27TmGmXBSHT7wJFGoxRg=
-29,11,45dEb6Ske06dRew/z3tb/75IekM=,6WjBiQQ27TmGmXBSHT7wJFGoxRg=
-28,11,45dEb6Ske06dRew/z3tb/75IekM=,6WjBiQQ27TmGmXBSHT7wJFGoxRg=
-26,3,45dEb6Ske06dRew/z3tb/75IekM=,6WjBiQQ27TmGmXBSHT7wJFGoxRg=
-19,0,45dEb6Ske06dRew/z3tb/75IekM=,6WjBiQQ27TmGmXBSHT7wJFGoxRg=
-27,11,45dEb6Ske06dRew/z3tb/75IekM=,6WjBiQQ27TmGmXBSHT7wJFGoxRg=
-26,11,45dEb6Ske06dRew/z3tb/75IekM=,6WjBiQQ27TmGmXBSHT7wJFGoxRg=
-25,11,45dEb6Ske06dRew/z3tb/75IekM=,6WjBiQQ27TmGmXBSHT7wJFGoxRg=
-24,11,45dEb6Ske06dRew/z3tb/75IekM=,6WjBiQQ27TmGmXBSHT7wJFGoxRg=
-23,11,45dEb6Ske06dRew/z3tb/75IekM=,6WjBiQQ27TmGmXBSHT7wJFGoxRg=
-22,11,45dEb6Ske06dRew/z3tb/75IekM=,6WjBiQQ27TmGmXBSHT7wJFGoxRg=
-21,11,45dEb6Ske06dRew/z3tb/75IekM=,6WjBiQQ27TmGmXBSHT7wJFGoxRg=
-20,11,45dEb6Ske06dRew/z3tb/75IekM=,6WjBiQQ27TmGmXBSHT7wJFGoxRg=
-19,11,45dEb6Ske06dRew/z3tb/75IekM=,6WjBiQQ27TmGmXBSHT7wJFGoxRg=
-18,11,45dEb6Ske06dRew/z3tb/75IekM=,6WjBiQQ27TmGmXBSHT7wJFGoxRg=
-17,11,45dEb6Ske06dRew/z3tb/75IekM=,6WjBiQQ27TmGmXBSHT7wJFGoxRg=
-28,13,45dEb6Ske06dRew/z3tb/75IekM=,6WjBiQQ27TmGmXBSHT7wJFGoxRg=
-29,14,45dEb6Ske06dRew/z3tb/75IekM=,6WjBiQQ27TmGmXBSHT7wJFGoxRg=
-17,0,45dEb6Ske06dRew/z3tb/75IekM=,6WjBiQQ27TmGmXBSHT7wJFGoxRg=
-19,1,45dEb6Ske06dRew/z3tb/75IekM=,6WjBiQQ27TmGmXBSHT7wJFGoxRg=
-24,3,45dEb6Ske06dRew/z3tb/75IekM=,6WjBiQQ27TmGmXBSHT7wJFGoxRg=
-32,14,45dEb6Ske06dRew/z3tb/75IekM=,6WjBiQQ27TmGmXBSHT7wJFGoxRg=
-32,12,45dEb6Ske06dRew/z3tb/75IekM=,6WjBiQQ27TmGmXBSHT7wJFGoxRg=
-21,1,45dEb6Ske06dRew/z3tb/75IekM=,6WjBiQQ27TmGmXBSHT7wJFGoxRg=
-32,15,45dEb6Ske06dRew/z3tb/75IekM=,6WjBiQQ27TmGmXBSHT7wJFGoxRg=
-30,15,45dEb6Ske06dRew/z3tb/75IekM=,6WjBiQQ27TmGmXBSHT7wJFGoxRg=
-31,15,45dEb6Ske06dRew/z3tb/75IekM=,6WjBiQQ27TmGmXBSHT7wJFGoxRg=
-20,1,45dEb6Ske06dRew/z3tb/75IekM=,6WjBiQQ27TmGmXBSHT7wJFGoxRg=
-17,12,45dEb6Ske06dRew/z3tb/75IekM=,6WjBiQQ27TmGmXBSHT7wJFGoxRg=
-18,12,45dEb6Ske06dRew/z3tb/75IekM=,6WjBiQQ27TmGmXBSHT7wJFGoxRg=
-19,12,45dEb6Ske06dRew/z3tb/75IekM=,6WjBiQQ27TmGmXBSHT7wJFGoxRg=
-20,12,45dEb6Ske06dRew/z3tb/75IekM=,6WjBiQQ27TmGmXBSHT7wJFGoxRg=
-29,15,45dEb6Ske06dRew/z3tb/75IekM=,6WjBiQQ27TmGmXBSHT7wJFGoxRg=
-21,12,45dEb6Ske06dRew/z3tb/75IekM=,6WjBiQQ27TmGmXBSHT7wJFGoxRg=
-22,12,45dEb6Ske06dRew/z3tb/75IekM=,6WjBiQQ27TmGmXBSHT7wJFGoxRg=
-23,12,45dEb6Ske06dRew/z3tb/75IekM=,6WjBiQQ27TmGmXBSHT7wJFGoxRg=
-24,12,45dEb6Ske06dRew/z3tb/75IekM=,6WjBiQQ27TmGmXBSHT7wJFGoxRg=
-25,12,45dEb6Ske06dRew/z3tb/75IekM=,6WjBiQQ27TmGmXBSHT7wJFGoxRg=
-26,12,45dEb6Ske06dRew/z3tb/75IekM=,6WjBiQQ27TmGmXBSHT7wJFGoxRg=
-27,12,45dEb6Ske06dRew/z3tb/75IekM=,6WjBiQQ27TmGmXBSHT7wJFGoxRg=
-28,12,45dEb6Ske06dRew/z3tb/75IekM=,6WjBiQQ27TmGmXBSHT7wJFGoxRg=
-18,0,45dEb6Ske06dRew/z3tb/75IekM=,6WjBiQQ27TmGmXBSHT7wJFGoxRg=
-25,3,45dEb6Ske06dRew/z3tb/75IekM=,6WjBiQQ27TmGmXBSHT7wJFGoxRg=
-29,12,45dEb6Ske06dRew/z3tb/75IekM=,6WjBiQQ27TmGmXBSHT7wJFGoxRg=
-28,14,45dEb6Ske06dRew/z3tb/75IekM=,6WjBiQQ27TmGmXBSHT7wJFGoxRg=
-30,12,45dEb6Ske06dRew/z3tb/75IekM=,6WjBiQQ27TmGmXBSHT7wJFGoxRg=
-31,14,45dEb6Ske06dRew/z3tb/75IekM=,6WjBiQQ27TmGmXBSHT7wJFGoxRg=
-30,14,45dEb6Ske06dRew/z3tb/75IekM=,6WjBiQQ27TmGmXBSHT7wJFGoxRg=
-29,13,45dEb6Ske06dRew/z3tb/75IekM=,6WjBiQQ27TmGmXBSHT7wJFGoxRg=
-31,13,45dEb6Ske06dRew/z3tb/75IekM=,6WjBiQQ27TmGmXBSHT7wJFGoxRg=
-31,12,45dEb6Ske06dRew/z3tb/75IekM=,6WjBiQQ27TmGmXBSHT7wJFGoxRg=
-32,13,45dEb6Ske06dRew/z3tb/75IekM=,6WjBiQQ27TmGmXBSHT7wJFGoxRg=
-30,13,45dEb6Ske06dRew/z3tb/75IekM=,6WjBiQQ27TmGmXBSHT7wJFGoxRg=
-19,18,Fl3vsBG4wRyuznCN1YAjwIhomvg=,1ifjVSI4531k5e8WtV9FR9WUmhU=
-29,16,Fl3vsBG4wRyuznCN1YAjwIhomvg=,1ifjVSI4531k5e8WtV9FR9WUmhU=
-18,18,Fl3vsBG4wRyuznCN1YAjwIhomvg=,1ifjVSI4531k5e8WtV9FR9WUmhU=
-17,18,Fl3vsBG4wRyuznCN1YAjwIhomvg=,1ifjVSI4531k5e8WtV9FR9WUmhU=
-32,19,Fl3vsBG4wRyuznCN1YAjwIhomvg=,1ifjVSI4531k5e8WtV9FR9WUmhU=
-31,19,Fl3vsBG4wRyuznCN1YAjwIhomvg=,1ifjVSI4531k5e8WtV9FR9WUmhU=
-30,19,Fl3vsBG4wRyuznCN1YAjwIhomvg=,1ifjVSI4531k5e8WtV9FR9WUmhU=
-32,18,Fl3vsBG4wRyuznCN1YAjwIhomvg=,1ifjVSI4531k5e8WtV9FR9WUmhU=
-23,31,Fl3vsBG4wRyuznCN1YAjwIhomvg=,1ifjVSI4531k5e8WtV9FR9WUmhU=
-24,31,Fl3vsBG4wRyuznCN1YAjwIhomvg=,1ifjVSI4531k5e8WtV9FR9WUmhU=
-25,31,Fl3vsBG4wRyuznCN1YAjwIhomvg=,1ifjVSI4531k5e8WtV9FR9WUmhU=
-27,31,Fl3vsBG4wRyuznCN1YAjwIhomvg=,1ifjVSI4531k5e8WtV9FR9WUmhU=
-26,31,Fl3vsBG4wRyuznCN1YAjwIhomvg=,1ifjVSI4531k5e8WtV9FR9WUmhU=
-28,31,Fl3vsBG4wRyuznCN1YAjwIhomvg=,1ifjVSI4531k5e8WtV9FR9WUmhU=
-29,31,Fl3vsBG4wRyuznCN1YAjwIhomvg=,1ifjVSI4531k5e8WtV9FR9WUmhU=
-17,17,Fl3vsBG4wRyuznCN1YAjwIhomvg=,1ifjVSI4531k5e8WtV9FR9WUmhU=
-18,17,Fl3vsBG4wRyuznCN1YAjwIhomvg=,1ifjVSI4531k5e8WtV9FR9WUmhU=
-19,17,Fl3vsBG4wRyuznCN1YAjwIhomvg=,1ifjVSI4531k5e8WtV9FR9WUmhU=
-30,31,Fl3vsBG4wRyuznCN1YAjwIhomvg=,1ifjVSI4531k5e8WtV9FR9WUmhU=
-20,17,Fl3vsBG4wRyuznCN1YAjwIhomvg=,1ifjVSI4531k5e8WtV9FR9WUmhU=
-21,17,Fl3vsBG4wRyuznCN1YAjwIhomvg=,1ifjVSI4531k5e8WtV9FR9WUmhU=
-31,31,Fl3vsBG4wRyuznCN1YAjwIhomvg=,1ifjVSI4531k5e8WtV9FR9WUmhU=
-22,17,Fl3vsBG4wRyuznCN1YAjwIhomvg=,1ifjVSI4531k5e8WtV9FR9WUmhU=
-23,17,Fl3vsBG4wRyuznCN1YAjwIhomvg=,1ifjVSI4531k5e8WtV9FR9WUmhU=
-24,17,Fl3vsBG4wRyuznCN1YAjwIhomvg=,1ifjVSI4531k5e8WtV9FR9WUmhU=
-25,17,Fl3vsBG4wRyuznCN1YAjwIhomvg=,1ifjVSI4531k5e8WtV9FR9WUmhU=
-26,17,Fl3vsBG4wRyuznCN1YAjwIhomvg=,1ifjVSI4531k5e8WtV9FR9WUmhU=
-27,17,Fl3vsBG4wRyuznCN1YAjwIhomvg=,1ifjVSI4531k5e8WtV9FR9WUmhU=
-28,17,Fl3vsBG4wRyuznCN1YAjwIhomvg=,1ifjVSI4531k5e8WtV9FR9WUmhU=
-19,31,Fl3vsBG4wRyuznCN1YAjwIhomvg=,1ifjVSI4531k5e8WtV9FR9WUmhU=
-32,31,Fl3vsBG4wRyuznCN1YAjwIhomvg=,1ifjVSI4531k5e8WtV9FR9WUmhU=
-29,19,Fl3vsBG4wRyuznCN1YAjwIhomvg=,1ifjVSI4531k5e8WtV9FR9WUmhU=
-28,16,Fl3vsBG4wRyuznCN1YAjwIhomvg=,1ifjVSI4531k5e8WtV9FR9WUmhU=
-28,19,Fl3vsBG4wRyuznCN1YAjwIhomvg=,1ifjVSI4531k5e8WtV9FR9WUmhU=
-27,19,Fl3vsBG4wRyuznCN1YAjwIhomvg=,1ifjVSI4531k5e8WtV9FR9WUmhU=
-26,19,Fl3vsBG4wRyuznCN1YAjwIhomvg=,1ifjVSI4531k5e8WtV9FR9WUmhU=
-25,19,Fl3vsBG4wRyuznCN1YAjwIhomvg=,1ifjVSI4531k5e8WtV9FR9WUmhU=
-24,19,Fl3vsBG4wRyuznCN1YAjwIhomvg=,1ifjVSI4531k5e8WtV9FR9WUmhU=
-23,19,Fl3vsBG4wRyuznCN1YAjwIhomvg=,1ifjVSI4531k5e8WtV9FR9WUmhU=
-22,19,Fl3vsBG4wRyuznCN1YAjwIhomvg=,1ifjVSI4531k5e8WtV9FR9WUmhU=
-21,19,Fl3vsBG4wRyuznCN1YAjwIhomvg=,1ifjVSI4531k5e8WtV9FR9WUmhU=
-20,19,Fl3vsBG4wRyuznCN1YAjwIhomvg=,1ifjVSI4531k5e8WtV9FR9WUmhU=
-19,19,Fl3vsBG4wRyuznCN1YAjwIhomvg=,1ifjVSI4531k5e8WtV9FR9WUmhU=
-17,30,Fl3vsBG4wRyuznCN1YAjwIhomvg=,1ifjVSI4531k5e8WtV9FR9WUmhU=
-18,19,Fl3vsBG4wRyuznCN1YAjwIhomvg=,1ifjVSI4531k5e8WtV9FR9WUmhU=
-18,31,Fl3vsBG4wRyuznCN1YAjwIhomvg=,1ifjVSI4531k5e8WtV9FR9WUmhU=
-31,18,Fl3vsBG4wRyuznCN1YAjwIhomvg=,1ifjVSI4531k5e8WtV9FR9WUmhU=
-32,20,Fl3vsBG4wRyuznCN1YAjwIhomvg=,1ifjVSI4531k5e8WtV9FR9WUmhU=
-17,19,Fl3vsBG4wRyuznCN1YAjwIhomvg=,1ifjVSI4531k5e8WtV9FR9WUmhU=
-31,20,Fl3vsBG4wRyuznCN1YAjwIhomvg=,1ifjVSI4531k5e8WtV9FR9WUmhU=
-31,17,Fl3vsBG4wRyuznCN1YAjwIhomvg=,1ifjVSI4531k5e8WtV9FR9WUmhU=
-18,30,Fl3vsBG4wRyuznCN1YAjwIhomvg=,1ifjVSI4531k5e8WtV9FR9WUmhU=
-20,18,Fl3vsBG4wRyuznCN1YAjwIhomvg=,1ifjVSI4531k5e8WtV9FR9WUmhU=
-22,31,Fl3vsBG4wRyuznCN1YAjwIhomvg=,1ifjVSI4531k5e8WtV9FR9WUmhU=
-20,31,Fl3vsBG4wRyuznCN1YAjwIhomvg=,1ifjVSI4531k5e8WtV9FR9WUmhU=
-19,30,Fl3vsBG4wRyuznCN1YAjwIhomvg=,1ifjVSI4531k5e8WtV9FR9WUmhU=
-21,31,Fl3vsBG4wRyuznCN1YAjwIhomvg=,1ifjVSI4531k5e8WtV9FR9WUmhU=
-29,17,Fl3vsBG4wRyuznCN1YAjwIhomvg=,1ifjVSI4531k5e8WtV9FR9WUmhU=
-24,30,Fl3vsBG4wRyuznCN1YAjwIhomvg=,1ifjVSI4531k5e8WtV9FR9WUmhU=
-26,30,Fl3vsBG4wRyuznCN1YAjwIhomvg=,1ifjVSI4531k5e8WtV9FR9WUmhU=
-25,30,Fl3vsBG4wRyuznCN1YAjwIhomvg=,1ifjVSI4531k5e8WtV9FR9WUmhU=
-27,30,Fl3vsBG4wRyuznCN1YAjwIhomvg=,1ifjVSI4531k5e8WtV9FR9WUmhU=
-28,30,Fl3vsBG4wRyuznCN1YAjwIhomvg=,1ifjVSI4531k5e8WtV9FR9WUmhU=
-29,30,Fl3vsBG4wRyuznCN1YAjwIhomvg=,1ifjVSI4531k5e8WtV9FR9WUmhU=
-17,31,Fl3vsBG4wRyuznCN1YAjwIhomvg=,1ifjVSI4531k5e8WtV9FR9WUmhU=
-30,30,Fl3vsBG4wRyuznCN1YAjwIhomvg=,1ifjVSI4531k5e8WtV9FR9WUmhU=
-30,16,Fl3vsBG4wRyuznCN1YAjwIhomvg=,1ifjVSI4531k5e8WtV9FR9WUmhU=
-31,30,Fl3vsBG4wRyuznCN1YAjwIhomvg=,1ifjVSI4531k5e8WtV9FR9WUmhU=
-32,30,Fl3vsBG4wRyuznCN1YAjwIhomvg=,1ifjVSI4531k5e8WtV9FR9WUmhU=
-32,17,Fl3vsBG4wRyuznCN1YAjwIhomvg=,1ifjVSI4531k5e8WtV9FR9WUmhU=
-17,29,Fl3vsBG4wRyuznCN1YAjwIhomvg=,1ifjVSI4531k5e8WtV9FR9WUmhU=
-18,29,Fl3vsBG4wRyuznCN1YAjwIhomvg=,1ifjVSI4531k5e8WtV9FR9WUmhU=
-17,16,Fl3vsBG4wRyuznCN1YAjwIhomvg=,1ifjVSI4531k5e8WtV9FR9WUmhU=
-21,18,Fl3vsBG4wRyuznCN1YAjwIhomvg=,1ifjVSI4531k5e8WtV9FR9WUmhU=
-30,20,Fl3vsBG4wRyuznCN1YAjwIhomvg=,1ifjVSI4531k5e8WtV9FR9WUmhU=
-19,29,Fl3vsBG4wRyuznCN1YAjwIhomvg=,1ifjVSI4531k5e8WtV9FR9WUmhU=
-23,30,Fl3vsBG4wRyuznCN1YAjwIhomvg=,1ifjVSI4531k5e8WtV9FR9WUmhU=
-23,29,Fl3vsBG4wRyuznCN1YAjwIhomvg=,1ifjVSI4531k5e8WtV9FR9WUmhU=
-24,29,Fl3vsBG4wRyuznCN1YAjwIhomvg=,1ifjVSI4531k5e8WtV9FR9WUmhU=
-25,29,Fl3vsBG4wRyuznCN1YAjwIhomvg=,1ifjVSI4531k5e8WtV9FR9WUmhU=
-26,29,Fl3vsBG4wRyuznCN1YAjwIhomvg=,1ifjVSI4531k5e8WtV9FR9WUmhU=
-27,29,Fl3vsBG4wRyuznCN1YAjwIhomvg=,1ifjVSI4531k5e8WtV9FR9WUmhU=
-28,29,Fl3vsBG4wRyuznCN1YAjwIhomvg=,1ifjVSI4531k5e8WtV9FR9WUmhU=
-29,29,Fl3vsBG4wRyuznCN1YAjwIhomvg=,1ifjVSI4531k5e8WtV9FR9WUmhU=
-30,29,Fl3vsBG4wRyuznCN1YAjwIhomvg=,1ifjVSI4531k5e8WtV9FR9WUmhU=
-31,29,Fl3vsBG4wRyuznCN1YAjwIhomvg=,1ifjVSI4531k5e8WtV9FR9WUmhU=
-20,29,Fl3vsBG4wRyuznCN1YAjwIhomvg=,1ifjVSI4531k5e8WtV9FR9WUmhU=
-32,29,Fl3vsBG4wRyuznCN1YAjwIhomvg=,1ifjVSI4531k5e8WtV9FR9WUmhU=
-17,28,Fl3vsBG4wRyuznCN1YAjwIhomvg=,1ifjVSI4531k5e8WtV9FR9WUmhU=
-29,20,Fl3vsBG4wRyuznCN1YAjwIhomvg=,1ifjVSI4531k5e8WtV9FR9WUmhU=
-18,28,Fl3vsBG4wRyuznCN1YAjwIhomvg=,1ifjVSI4531k5e8WtV9FR9WUmhU=
-19,28,Fl3vsBG4wRyuznCN1YAjwIhomvg=,1ifjVSI4531k5e8WtV9FR9WUmhU=
-18,16,Fl3vsBG4wRyuznCN1YAjwIhomvg=,1ifjVSI4531k5e8WtV9FR9WUmhU=
-20,28,Fl3vsBG4wRyuznCN1YAjwIhomvg=,1ifjVSI4531k5e8WtV9FR9WUmhU=
-22,18,Fl3vsBG4wRyuznCN1YAjwIhomvg=,1ifjVSI4531k5e8WtV9FR9WUmhU=
-21,28,Fl3vsBG4wRyuznCN1YAjwIhomvg=,1ifjVSI4531k5e8WtV9FR9WUmhU=
-20,30,Fl3vsBG4wRyuznCN1YAjwIhomvg=,1ifjVSI4531k5e8WtV9FR9WUmhU=
-30,17,Fl3vsBG4wRyuznCN1YAjwIhomvg=,1ifjVSI4531k5e8WtV9FR9WUmhU=
-31,16,Fl3vsBG4wRyuznCN1YAjwIhomvg=,1ifjVSI4531k5e8WtV9FR9WUmhU=
-25,28,Fl3vsBG4wRyuznCN1YAjwIhomvg=,1ifjVSI4531k5e8WtV9FR9WUmhU=
-26,28,Fl3vsBG4wRyuznCN1YAjwIhomvg=,1ifjVSI4531k5e8WtV9FR9WUmhU=
-27,28,Fl3vsBG4wRyuznCN1YAjwIhomvg=,1ifjVSI4531k5e8WtV9FR9WUmhU=
-28,28,Fl3vsBG4wRyuznCN1YAjwIhomvg=,1ifjVSI4531k5e8WtV9FR9WUmhU=
-29,28,Fl3vsBG4wRyuznCN1YAjwIhomvg=,1ifjVSI4531k5e8WtV9FR9WUmhU=
-30,28,Fl3vsBG4wRyuznCN1YAjwIhomvg=,1ifjVSI4531k5e8WtV9FR9WUmhU=
-31,28,Fl3vsBG4wRyuznCN1YAjwIhomvg=,1ifjVSI4531k5e8WtV9FR9WUmhU=
-32,28,Fl3vsBG4wRyuznCN1YAjwIhomvg=,1ifjVSI4531k5e8WtV9FR9WUmhU=
-22,28,Fl3vsBG4wRyuznCN1YAjwIhomvg=,1ifjVSI4531k5e8WtV9FR9WUmhU=
-17,27,Fl3vsBG4wRyuznCN1YAjwIhomvg=,1ifjVSI4531k5e8WtV9FR9WUmhU=
-18,27,Fl3vsBG4wRyuznCN1YAjwIhomvg=,1ifjVSI4531k5e8WtV9FR9WUmhU=
-19,27,Fl3vsBG4wRyuznCN1YAjwIhomvg=,1ifjVSI4531k5e8WtV9FR9WUmhU=
-20,27,Fl3vsBG4wRyuznCN1YAjwIhomvg=,1ifjVSI4531k5e8WtV9FR9WUmhU=
-19,16,Fl3vsBG4wRyuznCN1YAjwIhomvg=,1ifjVSI4531k5e8WtV9FR9WUmhU=
-21,27,Fl3vsBG4wRyuznCN1YAjwIhomvg=,1ifjVSI4531k5e8WtV9FR9WUmhU=
-24,28,Fl3vsBG4wRyuznCN1YAjwIhomvg=,1ifjVSI4531k5e8WtV9FR9WUmhU=
-23,18,Fl3vsBG4wRyuznCN1YAjwIhomvg=,1ifjVSI4531k5e8WtV9FR9WUmhU=
-21,30,Fl3vsBG4wRyuznCN1YAjwIhomvg=,1ifjVSI4531k5e8WtV9FR9WUmhU=
-25,27,Fl3vsBG4wRyuznCN1YAjwIhomvg=,1ifjVSI4531k5e8WtV9FR9WUmhU=
-26,27,Fl3vsBG4wRyuznCN1YAjwIhomvg=,1ifjVSI4531k5e8WtV9FR9WUmhU=
-27,27,Fl3vsBG4wRyuznCN1YAjwIhomvg=,1ifjVSI4531k5e8WtV9FR9WUmhU=
-28,27,Fl3vsBG4wRyuznCN1YAjwIhomvg=,1ifjVSI4531k5e8WtV9FR9WUmhU=
-29,27,Fl3vsBG4wRyuznCN1YAjwIhomvg=,1ifjVSI4531k5e8WtV9FR9WUmhU=
-30,27,Fl3vsBG4wRyuznCN1YAjwIhomvg=,1ifjVSI4531k5e8WtV9FR9WUmhU=
-31,27,Fl3vsBG4wRyuznCN1YAjwIhomvg=,1ifjVSI4531k5e8WtV9FR9WUmhU=
-32,27,Fl3vsBG4wRyuznCN1YAjwIhomvg=,1ifjVSI4531k5e8WtV9FR9WUmhU=
-17,26,Fl3vsBG4wRyuznCN1YAjwIhomvg=,1ifjVSI4531k5e8WtV9FR9WUmhU=
-22,29,Fl3vsBG4wRyuznCN1YAjwIhomvg=,1ifjVSI4531k5e8WtV9FR9WUmhU=
-19,26,Fl3vsBG4wRyuznCN1YAjwIhomvg=,1ifjVSI4531k5e8WtV9FR9WUmhU=
-18,26,Fl3vsBG4wRyuznCN1YAjwIhomvg=,1ifjVSI4531k5e8WtV9FR9WUmhU=
-20,26,Fl3vsBG4wRyuznCN1YAjwIhomvg=,1ifjVSI4531k5e8WtV9FR9WUmhU=
-21,26,Fl3vsBG4wRyuznCN1YAjwIhomvg=,1ifjVSI4531k5e8WtV9FR9WUmhU=
-20,16,Fl3vsBG4wRyuznCN1YAjwIhomvg=,1ifjVSI4531k5e8WtV9FR9WUmhU=
-24,18,Fl3vsBG4wRyuznCN1YAjwIhomvg=,1ifjVSI4531k5e8WtV9FR9WUmhU=
-21,29,Fl3vsBG4wRyuznCN1YAjwIhomvg=,1ifjVSI4531k5e8WtV9FR9WUmhU=
-30,18,Fl3vsBG4wRyuznCN1YAjwIhomvg=,1ifjVSI4531k5e8WtV9FR9WUmhU=
-27,16,Fl3vsBG4wRyuznCN1YAjwIhomvg=,1ifjVSI4531k5e8WtV9FR9WUmhU=
-28,20,Fl3vsBG4wRyuznCN1YAjwIhomvg=,1ifjVSI4531k5e8WtV9FR9WUmhU=
-27,20,Fl3vsBG4wRyuznCN1YAjwIhomvg=,1ifjVSI4531k5e8WtV9FR9WUmhU=
-24,27,Fl3vsBG4wRyuznCN1YAjwIhomvg=,1ifjVSI4531k5e8WtV9FR9WUmhU=
-25,26,Fl3vsBG4wRyuznCN1YAjwIhomvg=,1ifjVSI4531k5e8WtV9FR9WUmhU=
-26,26,Fl3vsBG4wRyuznCN1YAjwIhomvg=,1ifjVSI4531k5e8WtV9FR9WUmhU=
-27,26,Fl3vsBG4wRyuznCN1YAjwIhomvg=,1ifjVSI4531k5e8WtV9FR9WUmhU=
-28,26,Fl3vsBG4wRyuznCN1YAjwIhomvg=,1ifjVSI4531k5e8WtV9FR9WUmhU=
-29,26,Fl3vsBG4wRyuznCN1YAjwIhomvg=,1ifjVSI4531k5e8WtV9FR9WUmhU=
-30,26,Fl3vsBG4wRyuznCN1YAjwIhomvg=,1ifjVSI4531k5e8WtV9FR9WUmhU=
-31,26,Fl3vsBG4wRyuznCN1YAjwIhomvg=,1ifjVSI4531k5e8WtV9FR9WUmhU=
-32,26,Fl3vsBG4wRyuznCN1YAjwIhomvg=,1ifjVSI4531k5e8WtV9FR9WUmhU=
-17,25,Fl3vsBG4wRyuznCN1YAjwIhomvg=,1ifjVSI4531k5e8WtV9FR9WUmhU=
-18,25,Fl3vsBG4wRyuznCN1YAjwIhomvg=,1ifjVSI4531k5e8WtV9FR9WUmhU=
-19,25,Fl3vsBG4wRyuznCN1YAjwIhomvg=,1ifjVSI4531k5e8WtV9FR9WUmhU=
-22,30,Fl3vsBG4wRyuznCN1YAjwIhomvg=,1ifjVSI4531k5e8WtV9FR9WUmhU=
-21,25,Fl3vsBG4wRyuznCN1YAjwIhomvg=,1ifjVSI4531k5e8WtV9FR9WUmhU=
-20,25,Fl3vsBG4wRyuznCN1YAjwIhomvg=,1ifjVSI4531k5e8WtV9FR9WUmhU=
-21,16,Fl3vsBG4wRyuznCN1YAjwIhomvg=,1ifjVSI4531k5e8WtV9FR9WUmhU=
-22,27,Fl3vsBG4wRyuznCN1YAjwIhomvg=,1ifjVSI4531k5e8WtV9FR9WUmhU=
-25,18,Fl3vsBG4wRyuznCN1YAjwIhomvg=,1ifjVSI4531k5e8WtV9FR9WUmhU=
-26,20,Fl3vsBG4wRyuznCN1YAjwIhomvg=,1ifjVSI4531k5e8WtV9FR9WUmhU=
-32,16,Fl3vsBG4wRyuznCN1YAjwIhomvg=,1ifjVSI4531k5e8WtV9FR9WUmhU=
-23,28,Fl3vsBG4wRyuznCN1YAjwIhomvg=,1ifjVSI4531k5e8WtV9FR9WUmhU=
-22,26,Fl3vsBG4wRyuznCN1YAjwIhomvg=,1ifjVSI4531k5e8WtV9FR9WUmhU=
-26,25,Fl3vsBG4wRyuznCN1YAjwIhomvg=,1ifjVSI4531k5e8WtV9FR9WUmhU=
-27,25,Fl3vsBG4wRyuznCN1YAjwIhomvg=,1ifjVSI4531k5e8WtV9FR9WUmhU=
-28,25,Fl3vsBG4wRyuznCN1YAjwIhomvg=,1ifjVSI4531k5e8WtV9FR9WUmhU=
-29,25,Fl3vsBG4wRyuznCN1YAjwIhomvg=,1ifjVSI4531k5e8WtV9FR9WUmhU=
-30,25,Fl3vsBG4wRyuznCN1YAjwIhomvg=,1ifjVSI4531k5e8WtV9FR9WUmhU=
-31,25,Fl3vsBG4wRyuznCN1YAjwIhomvg=,1ifjVSI4531k5e8WtV9FR9WUmhU=
-32,25,Fl3vsBG4wRyuznCN1YAjwIhomvg=,1ifjVSI4531k5e8WtV9FR9WUmhU=
-17,24,Fl3vsBG4wRyuznCN1YAjwIhomvg=,1ifjVSI4531k5e8WtV9FR9WUmhU=
-18,24,Fl3vsBG4wRyuznCN1YAjwIhomvg=,1ifjVSI4531k5e8WtV9FR9WUmhU=
-19,24,Fl3vsBG4wRyuznCN1YAjwIhomvg=,1ifjVSI4531k5e8WtV9FR9WUmhU=
-20,24,Fl3vsBG4wRyuznCN1YAjwIhomvg=,1ifjVSI4531k5e8WtV9FR9WUmhU=
-23,27,Fl3vsBG4wRyuznCN1YAjwIhomvg=,1ifjVSI4531k5e8WtV9FR9WUmhU=
-24,26,Fl3vsBG4wRyuznCN1YAjwIhomvg=,1ifjVSI4531k5e8WtV9FR9WUmhU=
-21,24,Fl3vsBG4wRyuznCN1YAjwIhomvg=,1ifjVSI4531k5e8WtV9FR9WUmhU=
-22,16,Fl3vsBG4wRyuznCN1YAjwIhomvg=,1ifjVSI4531k5e8WtV9FR9WUmhU=
-23,26,Fl3vsBG4wRyuznCN1YAjwIhomvg=,1ifjVSI4531k5e8WtV9FR9WUmhU=
-26,18,Fl3vsBG4wRyuznCN1YAjwIhomvg=,1ifjVSI4531k5e8WtV9FR9WUmhU=
-25,25,Fl3vsBG4wRyuznCN1YAjwIhomvg=,1ifjVSI4531k5e8WtV9FR9WUmhU=
-24,25,Fl3vsBG4wRyuznCN1YAjwIhomvg=,1ifjVSI4531k5e8WtV9FR9WUmhU=
-23,25,Fl3vsBG4wRyuznCN1YAjwIhomvg=,1ifjVSI4531k5e8WtV9FR9WUmhU=
-22,25,Fl3vsBG4wRyuznCN1YAjwIhomvg=,1ifjVSI4531k5e8WtV9FR9WUmhU=
-29,24,Fl3vsBG4wRyuznCN1YAjwIhomvg=,1ifjVSI4531k5e8WtV9FR9WUmhU=
-30,24,Fl3vsBG4wRyuznCN1YAjwIhomvg=,1ifjVSI4531k5e8WtV9FR9WUmhU=
-32,24,Fl3vsBG4wRyuznCN1YAjwIhomvg=,1ifjVSI4531k5e8WtV9FR9WUmhU=
-31,24,Fl3vsBG4wRyuznCN1YAjwIhomvg=,1ifjVSI4531k5e8WtV9FR9WUmhU=
-17,23,Fl3vsBG4wRyuznCN1YAjwIhomvg=,1ifjVSI4531k5e8WtV9FR9WUmhU=
-18,23,Fl3vsBG4wRyuznCN1YAjwIhomvg=,1ifjVSI4531k5e8WtV9FR9WUmhU=
-19,23,Fl3vsBG4wRyuznCN1YAjwIhomvg=,1ifjVSI4531k5e8WtV9FR9WUmhU=
-20,23,Fl3vsBG4wRyuznCN1YAjwIhomvg=,1ifjVSI4531k5e8WtV9FR9WUmhU=
-21,23,Fl3vsBG4wRyuznCN1YAjwIhomvg=,1ifjVSI4531k5e8WtV9FR9WUmhU=
-26,24,Fl3vsBG4wRyuznCN1YAjwIhomvg=,1ifjVSI4531k5e8WtV9FR9WUmhU=
-23,24,Fl3vsBG4wRyuznCN1YAjwIhomvg=,1ifjVSI4531k5e8WtV9FR9WUmhU=
-24,24,Fl3vsBG4wRyuznCN1YAjwIhomvg=,1ifjVSI4531k5e8WtV9FR9WUmhU=
-23,16,Fl3vsBG4wRyuznCN1YAjwIhomvg=,1ifjVSI4531k5e8WtV9FR9WUmhU=
-27,24,Fl3vsBG4wRyuznCN1YAjwIhomvg=,1ifjVSI4531k5e8WtV9FR9WUmhU=
-27,18,Fl3vsBG4wRyuznCN1YAjwIhomvg=,1ifjVSI4531k5e8WtV9FR9WUmhU=
-28,24,Fl3vsBG4wRyuznCN1YAjwIhomvg=,1ifjVSI4531k5e8WtV9FR9WUmhU=
-25,24,Fl3vsBG4wRyuznCN1YAjwIhomvg=,1ifjVSI4531k5e8WtV9FR9WUmhU=
-25,20,Fl3vsBG4wRyuznCN1YAjwIhomvg=,1ifjVSI4531k5e8WtV9FR9WUmhU=
-22,24,Fl3vsBG4wRyuznCN1YAjwIhomvg=,1ifjVSI4531k5e8WtV9FR9WUmhU=
-29,23,Fl3vsBG4wRyuznCN1YAjwIhomvg=,1ifjVSI4531k5e8WtV9FR9WUmhU=
-30,23,Fl3vsBG4wRyuznCN1YAjwIhomvg=,1ifjVSI4531k5e8WtV9FR9WUmhU=
-31,23,Fl3vsBG4wRyuznCN1YAjwIhomvg=,1ifjVSI4531k5e8WtV9FR9WUmhU=
-32,23,Fl3vsBG4wRyuznCN1YAjwIhomvg=,1ifjVSI4531k5e8WtV9FR9WUmhU=
-17,22,Fl3vsBG4wRyuznCN1YAjwIhomvg=,1ifjVSI4531k5e8WtV9FR9WUmhU=
-18,22,Fl3vsBG4wRyuznCN1YAjwIhomvg=,1ifjVSI4531k5e8WtV9FR9WUmhU=
-19,22,Fl3vsBG4wRyuznCN1YAjwIhomvg=,1ifjVSI4531k5e8WtV9FR9WUmhU=
-20,22,Fl3vsBG4wRyuznCN1YAjwIhomvg=,1ifjVSI4531k5e8WtV9FR9WUmhU=
-21,22,Fl3vsBG4wRyuznCN1YAjwIhomvg=,1ifjVSI4531k5e8WtV9FR9WUmhU=
-22,23,Fl3vsBG4wRyuznCN1YAjwIhomvg=,1ifjVSI4531k5e8WtV9FR9WUmhU=
-24,23,Fl3vsBG4wRyuznCN1YAjwIhomvg=,1ifjVSI4531k5e8WtV9FR9WUmhU=
-26,23,Fl3vsBG4wRyuznCN1YAjwIhomvg=,1ifjVSI4531k5e8WtV9FR9WUmhU=
-24,20,Fl3vsBG4wRyuznCN1YAjwIhomvg=,1ifjVSI4531k5e8WtV9FR9WUmhU=
-22,22,Fl3vsBG4wRyuznCN1YAjwIhomvg=,1ifjVSI4531k5e8WtV9FR9WUmhU=
-23,20,Fl3vsBG4wRyuznCN1YAjwIhomvg=,1ifjVSI4531k5e8WtV9FR9WUmhU=
-22,20,Fl3vsBG4wRyuznCN1YAjwIhomvg=,1ifjVSI4531k5e8WtV9FR9WUmhU=
-21,20,Fl3vsBG4wRyuznCN1YAjwIhomvg=,1ifjVSI4531k5e8WtV9FR9WUmhU=
-20,20,Fl3vsBG4wRyuznCN1YAjwIhomvg=,1ifjVSI4531k5e8WtV9FR9WUmhU=
-19,20,Fl3vsBG4wRyuznCN1YAjwIhomvg=,1ifjVSI4531k5e8WtV9FR9WUmhU=
-18,20,Fl3vsBG4wRyuznCN1YAjwIhomvg=,1ifjVSI4531k5e8WtV9FR9WUmhU=
-26,16,Fl3vsBG4wRyuznCN1YAjwIhomvg=,1ifjVSI4531k5e8WtV9FR9WUmhU=
-17,20,Fl3vsBG4wRyuznCN1YAjwIhomvg=,1ifjVSI4531k5e8WtV9FR9WUmhU=
-31,21,Fl3vsBG4wRyuznCN1YAjwIhomvg=,1ifjVSI4531k5e8WtV9FR9WUmhU=
-32,21,Fl3vsBG4wRyuznCN1YAjwIhomvg=,1ifjVSI4531k5e8WtV9FR9WUmhU=
-25,23,Fl3vsBG4wRyuznCN1YAjwIhomvg=,1ifjVSI4531k5e8WtV9FR9WUmhU=
-24,16,Fl3vsBG4wRyuznCN1YAjwIhomvg=,1ifjVSI4531k5e8WtV9FR9WUmhU=
-23,22,Fl3vsBG4wRyuznCN1YAjwIhomvg=,1ifjVSI4531k5e8WtV9FR9WUmhU=
-28,18,Fl3vsBG4wRyuznCN1YAjwIhomvg=,1ifjVSI4531k5e8WtV9FR9WUmhU=
-27,23,Fl3vsBG4wRyuznCN1YAjwIhomvg=,1ifjVSI4531k5e8WtV9FR9WUmhU=
-25,22,Fl3vsBG4wRyuznCN1YAjwIhomvg=,1ifjVSI4531k5e8WtV9FR9WUmhU=
-31,22,Fl3vsBG4wRyuznCN1YAjwIhomvg=,1ifjVSI4531k5e8WtV9FR9WUmhU=
-32,22,Fl3vsBG4wRyuznCN1YAjwIhomvg=,1ifjVSI4531k5e8WtV9FR9WUmhU=
-17,21,Fl3vsBG4wRyuznCN1YAjwIhomvg=,1ifjVSI4531k5e8WtV9FR9WUmhU=
-18,21,Fl3vsBG4wRyuznCN1YAjwIhomvg=,1ifjVSI4531k5e8WtV9FR9WUmhU=
-19,21,Fl3vsBG4wRyuznCN1YAjwIhomvg=,1ifjVSI4531k5e8WtV9FR9WUmhU=
-20,21,Fl3vsBG4wRyuznCN1YAjwIhomvg=,1ifjVSI4531k5e8WtV9FR9WUmhU=
-21,21,Fl3vsBG4wRyuznCN1YAjwIhomvg=,1ifjVSI4531k5e8WtV9FR9WUmhU=
-23,23,Fl3vsBG4wRyuznCN1YAjwIhomvg=,1ifjVSI4531k5e8WtV9FR9WUmhU=
-30,21,Fl3vsBG4wRyuznCN1YAjwIhomvg=,1ifjVSI4531k5e8WtV9FR9WUmhU=
-22,21,Fl3vsBG4wRyuznCN1YAjwIhomvg=,1ifjVSI4531k5e8WtV9FR9WUmhU=
-26,22,Fl3vsBG4wRyuznCN1YAjwIhomvg=,1ifjVSI4531k5e8WtV9FR9WUmhU=
-24,22,Fl3vsBG4wRyuznCN1YAjwIhomvg=,1ifjVSI4531k5e8WtV9FR9WUmhU=
-28,23,Fl3vsBG4wRyuznCN1YAjwIhomvg=,1ifjVSI4531k5e8WtV9FR9WUmhU=
-25,16,Fl3vsBG4wRyuznCN1YAjwIhomvg=,1ifjVSI4531k5e8WtV9FR9WUmhU=
-28,22,Fl3vsBG4wRyuznCN1YAjwIhomvg=,1ifjVSI4531k5e8WtV9FR9WUmhU=
-27,22,Fl3vsBG4wRyuznCN1YAjwIhomvg=,1ifjVSI4531k5e8WtV9FR9WUmhU=
-29,21,Fl3vsBG4wRyuznCN1YAjwIhomvg=,1ifjVSI4531k5e8WtV9FR9WUmhU=
-30,22,Fl3vsBG4wRyuznCN1YAjwIhomvg=,1ifjVSI4531k5e8WtV9FR9WUmhU=
-23,21,Fl3vsBG4wRyuznCN1YAjwIhomvg=,1ifjVSI4531k5e8WtV9FR9WUmhU=
-29,22,Fl3vsBG4wRyuznCN1YAjwIhomvg=,1ifjVSI4531k5e8WtV9FR9WUmhU=
-29,18,Fl3vsBG4wRyuznCN1YAjwIhomvg=,1ifjVSI4531k5e8WtV9FR9WUmhU=
-27,21,Fl3vsBG4wRyuznCN1YAjwIhomvg=,1ifjVSI4531k5e8WtV9FR9WUmhU=
-28,21,Fl3vsBG4wRyuznCN1YAjwIhomvg=,1ifjVSI4531k5e8WtV9FR9WUmhU=
-25,21,Fl3vsBG4wRyuznCN1YAjwIhomvg=,1ifjVSI4531k5e8WtV9FR9WUmhU=
-24,21,Fl3vsBG4wRyuznCN1YAjwIhomvg=,1ifjVSI4531k5e8WtV9FR9WUmhU=
-26,21,Fl3vsBG4wRyuznCN1YAjwIhomvg=,1ifjVSI4531k5e8WtV9FR9WUmhU=
