-16,784,mJCXV3TMYDMo+/ODs4iPeb63c0A=,nKll7yXzaNawhtY21AYth93Nr+U=
-10,784,mJCXV3TMYDMo+/ODs4iPeb63c0A=,nKll7yXzaNawhtY21AYth93Nr+U=
-10,789,mJCXV3TMYDMo+/ODs4iPeb63c0A=,nKll7yXzaNawhtY21AYth93Nr+U=
-9,789,mJCXV3TMYDMo+/ODs4iPeb63c0A=,nKll7yXzaNawhtY21AYth93Nr+U=
-13,790,mJCXV3TMYDMo+/ODs4iPeb63c0A=,nKll7yXzaNawhtY21AYth93Nr+U=
-14,790,mJCXV3TMYDMo+/ODs4iPeb63c0A=,nKll7yXzaNawhtY21AYth93Nr+U=
-15,787,mJCXV3TMYDMo+/ODs4iPeb63c0A=,nKll7yXzaNawhtY21AYth93Nr+U=
-13,788,mJCXV3TMYDMo+/ODs4iPeb63c0A=,nKll7yXzaNawhtY21AYth93Nr+U=
-16,787,mJCXV3TMYDMo+/ODs4iPeb63c0A=,nKll7yXzaNawhtY21AYth93Nr+U=
-13,789,mJCXV3TMYDMo+/ODs4iPeb63c0A=,nKll7yXzaNawhtY21AYth93Nr+U=
-14,788,JRcKOtPW1jteW4ioKseDkrgBs50=,nKll7yXzaNawhtY21AYth93Nr+U=
-14,789,JRcKOtPW1jteW4ioKseDkrgBs50=,nKll7yXzaNawhtY21AYth93Nr+U=
-15,789,JRcKOtPW1jteW4ioKseDkrgBs50=,nKll7yXzaNawhtY21AYth93Nr+U=
-15,788,JRcKOtPW1jteW4ioKseDkrgBs50=,nKll7yXzaNawhtY21AYth93Nr+U=
-9,786,JRcKOtPW1jteW4ioKseDkrgBs50=,nKll7yXzaNawhtY21AYth93Nr+U=
-16,788,JRcKOtPW1jteW4ioKseDkrgBs50=,nKll7yXzaNawhtY21AYth93Nr+U=
-9,787,JRcKOtPW1jteW4ioKseDkrgBs50=,nKll7yXzaNawhtY21AYth93Nr+U=
-13,784,JRcKOtPW1jteW4ioKseDkrgBs50=,nKll7yXzaNawhtY21AYth93Nr+U=
-10,787,JRcKOtPW1jteW4ioKseDkrgBs50=,nKll7yXzaNawhtY21AYth93Nr+U=
-16,789,JRcKOtPW1jteW4ioKseDkrgBs50=,nKll7yXzaNawhtY21AYth93Nr+U=
-9,788,JRcKOtPW1jteW4ioKseDkrgBs50=,nKll7yXzaNawhtY21AYth93Nr+U=
-9,785,JRcKOtPW1jteW4ioKseDkrgBs50=,nKll7yXzaNawhtY21AYth93Nr+U=
-10,785,JRcKOtPW1jteW4ioKseDkrgBs50=,nKll7yXzaNawhtY21AYth93Nr+U=
-10,786,JRcKOtPW1jteW4ioKseDkrgBs50=,nKll7yXzaNawhtY21AYth93Nr+U=
-15,784,JRcKOtPW1jteW4ioKseDkrgBs50=,nKll7yXzaNawhtY21AYth93Nr+U=
-15,790,JRcKOtPW1jteW4ioKseDkrgBs50=,nKll7yXzaNawhtY21AYth93Nr+U=
-16,790,JRcKOtPW1jteW4ioKseDkrgBs50=,nKll7yXzaNawhtY21AYth93Nr+U=
-10,788,JRcKOtPW1jteW4ioKseDkrgBs50=,nKll7yXzaNawhtY21AYth93Nr+U=
-11,784,JRcKOtPW1jteW4ioKseDkrgBs50=,nKll7yXzaNawhtY21AYth93Nr+U=
-12,787,JRcKOtPW1jteW4ioKseDkrgBs50=,nKll7yXzaNawhtY21AYth93Nr+U=
-16,793,JRcKOtPW1jteW4ioKseDkrgBs50=,YuhK6dA0gGSQNQ+Uh2fLlQYDoU0=
-15,793,JRcKOtPW1jteW4ioKseDkrgBs50=,YuhK6dA0gGSQNQ+Uh2fLlQYDoU0=
-14,793,JRcKOtPW1jteW4ioKseDkrgBs50=,YuhK6dA0gGSQNQ+Uh2fLlQYDoU0=
-16,794,JRcKOtPW1jteW4ioKseDkrgBs50=,YuhK6dA0gGSQNQ+Uh2fLlQYDoU0=
-15,794,JRcKOtPW1jteW4ioKseDkrgBs50=,YuhK6dA0gGSQNQ+Uh2fLlQYDoU0=
-14,794,JRcKOtPW1jteW4ioKseDkrgBs50=,YuhK6dA0gGSQNQ+Uh2fLlQYDoU0=
-13,794,JRcKOtPW1jteW4ioKseDkrgBs50=,YuhK6dA0gGSQNQ+Uh2fLlQYDoU0=
-9,794,JRcKOtPW1jteW4ioKseDkrgBs50=,YuhK6dA0gGSQNQ+Uh2fLlQYDoU0=
-16,795,JRcKOtPW1jteW4ioKseDkrgBs50=,YuhK6dA0gGSQNQ+Uh2fLlQYDoU0=
-15,795,JRcKOtPW1jteW4ioKseDkrgBs50=,YuhK6dA0gGSQNQ+Uh2fLlQYDoU0=
-14,795,JRcKOtPW1jteW4ioKseDkrgBs50=,YuhK6dA0gGSQNQ+Uh2fLlQYDoU0=
-13,795,JRcKOtPW1jteW4ioKseDkrgBs50=,YuhK6dA0gGSQNQ+Uh2fLlQYDoU0=
-9,795,JRcKOtPW1jteW4ioKseDkrgBs50=,YuhK6dA0gGSQNQ+Uh2fLlQYDoU0=
-16,796,JRcKOtPW1jteW4ioKseDkrgBs50=,YuhK6dA0gGSQNQ+Uh2fLlQYDoU0=
-15,796,JRcKOtPW1jteW4ioKseDkrgBs50=,YuhK6dA0gGSQNQ+Uh2fLlQYDoU0=
-14,796,JRcKOtPW1jteW4ioKseDkrgBs50=,YuhK6dA0gGSQNQ+Uh2fLlQYDoU0=
-16,792,JRcKOtPW1jteW4ioKseDkrgBs50=,YuhK6dA0gGSQNQ+Uh2fLlQYDoU0=
-13,796,JRcKOtPW1jteW4ioKseDkrgBs50=,YuhK6dA0gGSQNQ+Uh2fLlQYDoU0=
-16,791,JRcKOtPW1jteW4ioKseDkrgBs50=,nKll7yXzaNawhtY21AYth93Nr+U=
-9,796,JRcKOtPW1jteW4ioKseDkrgBs50=,YuhK6dA0gGSQNQ+Uh2fLlQYDoU0=
-16,797,JRcKOtPW1jteW4ioKseDkrgBs50=,YuhK6dA0gGSQNQ+Uh2fLlQYDoU0=
-15,797,JRcKOtPW1jteW4ioKseDkrgBs50=,YuhK6dA0gGSQNQ+Uh2fLlQYDoU0=
-15,791,JRcKOtPW1jteW4ioKseDkrgBs50=,nKll7yXzaNawhtY21AYth93Nr+U=
-14,797,JRcKOtPW1jteW4ioKseDkrgBs50=,YuhK6dA0gGSQNQ+Uh2fLlQYDoU0=
-15,792,JRcKOtPW1jteW4ioKseDkrgBs50=,YuhK6dA0gGSQNQ+Uh2fLlQYDoU0=
-13,797,JRcKOtPW1jteW4ioKseDkrgBs50=,YuhK6dA0gGSQNQ+Uh2fLlQYDoU0=
-14,792,JRcKOtPW1jteW4ioKseDkrgBs50=,YuhK6dA0gGSQNQ+Uh2fLlQYDoU0=
-14,791,JRcKOtPW1jteW4ioKseDkrgBs50=,nKll7yXzaNawhtY21AYth93Nr+U=
-10,797,JRcKOtPW1jteW4ioKseDkrgBs50=,YuhK6dA0gGSQNQ+Uh2fLlQYDoU0=
-9,797,JRcKOtPW1jteW4ioKseDkrgBs50=,YuhK6dA0gGSQNQ+Uh2fLlQYDoU0=
-16,798,JRcKOtPW1jteW4ioKseDkrgBs50=,YuhK6dA0gGSQNQ+Uh2fLlQYDoU0=
-15,798,JRcKOtPW1jteW4ioKseDkrgBs50=,YuhK6dA0gGSQNQ+Uh2fLlQYDoU0=
-14,798,JRcKOtPW1jteW4ioKseDkrgBs50=,YuhK6dA0gGSQNQ+Uh2fLlQYDoU0=
-13,792,JRcKOtPW1jteW4ioKseDkrgBs50=,YuhK6dA0gGSQNQ+Uh2fLlQYDoU0=
-13,793,JRcKOtPW1jteW4ioKseDkrgBs50=,YuhK6dA0gGSQNQ+Uh2fLlQYDoU0=
-13,798,JRcKOtPW1jteW4ioKseDkrgBs50=,YuhK6dA0gGSQNQ+Uh2fLlQYDoU0=
-10,798,JRcKOtPW1jteW4ioKseDkrgBs50=,YuhK6dA0gGSQNQ+Uh2fLlQYDoU0=
-9,798,JRcKOtPW1jteW4ioKseDkrgBs50=,YuhK6dA0gGSQNQ+Uh2fLlQYDoU0=
-16,799,JRcKOtPW1jteW4ioKseDkrgBs50=,YuhK6dA0gGSQNQ+Uh2fLlQYDoU0=
-15,799,JRcKOtPW1jteW4ioKseDkrgBs50=,YuhK6dA0gGSQNQ+Uh2fLlQYDoU0=
-14,799,JRcKOtPW1jteW4ioKseDkrgBs50=,YuhK6dA0gGSQNQ+Uh2fLlQYDoU0=
-13,799,JRcKOtPW1jteW4ioKseDkrgBs50=,YuhK6dA0gGSQNQ+Uh2fLlQYDoU0=
-12,799,JRcKOtPW1jteW4ioKseDkrgBs50=,YuhK6dA0gGSQNQ+Uh2fLlQYDoU0=
-13,791,JRcKOtPW1jteW4ioKseDkrgBs50=,nKll7yXzaNawhtY21AYth93Nr+U=
-9,799,JRcKOtPW1jteW4ioKseDkrgBs50=,YuhK6dA0gGSQNQ+Uh2fLlQYDoU0=
-12,786,JRcKOtPW1jteW4ioKseDkrgBs50=,nKll7yXzaNawhtY21AYth93Nr+U=
-13,786,JRcKOtPW1jteW4ioKseDkrgBs50=,nKll7yXzaNawhtY21AYth93Nr+U=
-9,793,JRcKOtPW1jteW4ioKseDkrgBs50=,YuhK6dA0gGSQNQ+Uh2fLlQYDoU0=
-9,792,JRcKOtPW1jteW4ioKseDkrgBs50=,YuhK6dA0gGSQNQ+Uh2fLlQYDoU0=
-9,791,JRcKOtPW1jteW4ioKseDkrgBs50=,nKll7yXzaNawhtY21AYth93Nr+U=
-11,787,JRcKOtPW1jteW4ioKseDkrgBs50=,nKll7yXzaNawhtY21AYth93Nr+U=
-14,786,JRcKOtPW1jteW4ioKseDkrgBs50=,nKll7yXzaNawhtY21AYth93Nr+U=
-12,791,JRcKOtPW1jteW4ioKseDkrgBs50=,nKll7yXzaNawhtY21AYth93Nr+U=
-11,786,JRcKOtPW1jteW4ioKseDkrgBs50=,nKll7yXzaNawhtY21AYth93Nr+U=
-15,786,JRcKOtPW1jteW4ioKseDkrgBs50=,nKll7yXzaNawhtY21AYth93Nr+U=
-10,791,JRcKOtPW1jteW4ioKseDkrgBs50=,nKll7yXzaNawhtY21AYth93Nr+U=
-11,785,JRcKOtPW1jteW4ioKseDkrgBs50=,nKll7yXzaNawhtY21AYth93Nr+U=
-12,790,JRcKOtPW1jteW4ioKseDkrgBs50=,nKll7yXzaNawhtY21AYth93Nr+U=
-10,792,JRcKOtPW1jteW4ioKseDkrgBs50=,YuhK6dA0gGSQNQ+Uh2fLlQYDoU0=
-10,793,JRcKOtPW1jteW4ioKseDkrgBs50=,YuhK6dA0gGSQNQ+Uh2fLlQYDoU0=
-11,790,JRcKOtPW1jteW4ioKseDkrgBs50=,nKll7yXzaNawhtY21AYth93Nr+U=
-10,799,JRcKOtPW1jteW4ioKseDkrgBs50=,YuhK6dA0gGSQNQ+Uh2fLlQYDoU0=
-12,789,JRcKOtPW1jteW4ioKseDkrgBs50=,nKll7yXzaNawhtY21AYth93Nr+U=
-11,789,JRcKOtPW1jteW4ioKseDkrgBs50=,nKll7yXzaNawhtY21AYth93Nr+U=
-16,786,JRcKOtPW1jteW4ioKseDkrgBs50=,nKll7yXzaNawhtY21AYth93Nr+U=
-11,791,JRcKOtPW1jteW4ioKseDkrgBs50=,nKll7yXzaNawhtY21AYth93Nr+U=
-10,794,JRcKOtPW1jteW4ioKseDkrgBs50=,YuhK6dA0gGSQNQ+Uh2fLlQYDoU0=
-12,794,JRcKOtPW1jteW4ioKseDkrgBs50=,YuhK6dA0gGSQNQ+Uh2fLlQYDoU0=
-11,799,JRcKOtPW1jteW4ioKseDkrgBs50=,YuhK6dA0gGSQNQ+Uh2fLlQYDoU0=
-12,796,JRcKOtPW1jteW4ioKseDkrgBs50=,YuhK6dA0gGSQNQ+Uh2fLlQYDoU0=
-10,795,JRcKOtPW1jteW4ioKseDkrgBs50=,YuhK6dA0gGSQNQ+Uh2fLlQYDoU0=
-12,795,JRcKOtPW1jteW4ioKseDkrgBs50=,YuhK6dA0gGSQNQ+Uh2fLlQYDoU0=
-12,784,JRcKOtPW1jteW4ioKseDkrgBs50=,nKll7yXzaNawhtY21AYth93Nr+U=
-10,796,JRcKOtPW1jteW4ioKseDkrgBs50=,YuhK6dA0gGSQNQ+Uh2fLlQYDoU0=
-11,796,JRcKOtPW1jteW4ioKseDkrgBs50=,YuhK6dA0gGSQNQ+Uh2fLlQYDoU0=
-11,797,JRcKOtPW1jteW4ioKseDkrgBs50=,YuhK6dA0gGSQNQ+Uh2fLlQYDoU0=
-11,795,JRcKOtPW1jteW4ioKseDkrgBs50=,YuhK6dA0gGSQNQ+Uh2fLlQYDoU0=
-11,792,JRcKOtPW1jteW4ioKseDkrgBs50=,YuhK6dA0gGSQNQ+Uh2fLlQYDoU0=
-12,797,JRcKOtPW1jteW4ioKseDkrgBs50=,YuhK6dA0gGSQNQ+Uh2fLlQYDoU0=
-12,798,JRcKOtPW1jteW4ioKseDkrgBs50=,YuhK6dA0gGSQNQ+Uh2fLlQYDoU0=
-12,792,JRcKOtPW1jteW4ioKseDkrgBs50=,YuhK6dA0gGSQNQ+Uh2fLlQYDoU0=
-12,788,JRcKOtPW1jteW4ioKseDkrgBs50=,nKll7yXzaNawhtY21AYth93Nr+U=
-9,790,JRcKOtPW1jteW4ioKseDkrgBs50=,nKll7yXzaNawhtY21AYth93Nr+U=
-13,787,JRcKOtPW1jteW4ioKseDkrgBs50=,nKll7yXzaNawhtY21AYth93Nr+U=
-11,788,JRcKOtPW1jteW4ioKseDkrgBs50=,nKll7yXzaNawhtY21AYth93Nr+U=
-14,784,JRcKOtPW1jteW4ioKseDkrgBs50=,nKll7yXzaNawhtY21AYth93Nr+U=
-12,785,JRcKOtPW1jteW4ioKseDkrgBs50=,nKll7yXzaNawhtY21AYth93Nr+U=
-13,785,JRcKOtPW1jteW4ioKseDkrgBs50=,nKll7yXzaNawhtY21AYth93Nr+U=
-14,785,JRcKOtPW1jteW4ioKseDkrgBs50=,nKll7yXzaNawhtY21AYth93Nr+U=
-15,785,JRcKOtPW1jteW4ioKseDkrgBs50=,nKll7yXzaNawhtY21AYth93Nr+U=
-16,785,JRcKOtPW1jteW4ioKseDkrgBs50=,nKll7yXzaNawhtY21AYth93Nr+U=
-9,784,JRcKOtPW1jteW4ioKseDkrgBs50=,nKll7yXzaNawhtY21AYth93Nr+U=
-14,787,JRcKOtPW1jteW4ioKseDkrgBs50=,nKll7yXzaNawhtY21AYth93Nr+U=
-10,790,JRcKOtPW1jteW4ioKseDkrgBs50=,nKll7yXzaNawhtY21AYth93Nr+U=
-11,794,JRcKOtPW1jteW4ioKseDkrgBs50=,YuhK6dA0gGSQNQ+Uh2fLlQYDoU0=
-11,798,JRcKOtPW1jteW4ioKseDkrgBs50=,YuhK6dA0gGSQNQ+Uh2fLlQYDoU0=
-12,793,JRcKOtPW1jteW4ioKseDkrgBs50=,YuhK6dA0gGSQNQ+Uh2fLlQYDoU0=
-11,793,JRcKOtPW1jteW4ioKseDkrgBs50=,YuhK6dA0gGSQNQ+Uh2fLlQYDoU0=
-10,774,64aujldeUbdNzvadB9fsqa7Uip4=,bHJnMXcUfZfNR0jJqmufhYQESpA=
-15,772,64aujldeUbdNzvadB9fsqa7Uip4=,bHJnMXcUfZfNR0jJqmufhYQESpA=
-16,772,64aujldeUbdNzvadB9fsqa7Uip4=,bHJnMXcUfZfNR0jJqmufhYQESpA=
-9,771,64aujldeUbdNzvadB9fsqa7Uip4=,bHJnMXcUfZfNR0jJqmufhYQESpA=
-14,768,64aujldeUbdNzvadB9fsqa7Uip4=,bHJnMXcUfZfNR0jJqmufhYQESpA=
-13,773,64aujldeUbdNzvadB9fsqa7Uip4=,bHJnMXcUfZfNR0jJqmufhYQESpA=
-14,773,64aujldeUbdNzvadB9fsqa7Uip4=,bHJnMXcUfZfNR0jJqmufhYQESpA=
-10,771,64aujldeUbdNzvadB9fsqa7Uip4=,bHJnMXcUfZfNR0jJqmufhYQESpA=
-13,771,64aujldeUbdNzvadB9fsqa7Uip4=,bHJnMXcUfZfNR0jJqmufhYQESpA=
-13,774,64aujldeUbdNzvadB9fsqa7Uip4=,bHJnMXcUfZfNR0jJqmufhYQESpA=
-14,771,64aujldeUbdNzvadB9fsqa7Uip4=,bHJnMXcUfZfNR0jJqmufhYQESpA=
-15,768,64aujldeUbdNzvadB9fsqa7Uip4=,bHJnMXcUfZfNR0jJqmufhYQESpA=
-15,771,64aujldeUbdNzvadB9fsqa7Uip4=,bHJnMXcUfZfNR0jJqmufhYQESpA=
-14,774,64aujldeUbdNzvadB9fsqa7Uip4=,bHJnMXcUfZfNR0jJqmufhYQESpA=
-15,773,64aujldeUbdNzvadB9fsqa7Uip4=,bHJnMXcUfZfNR0jJqmufhYQESpA=
-13,772,64aujldeUbdNzvadB9fsqa7Uip4=,bHJnMXcUfZfNR0jJqmufhYQESpA=
-16,771,64aujldeUbdNzvadB9fsqa7Uip4=,bHJnMXcUfZfNR0jJqmufhYQESpA=
-16,773,64aujldeUbdNzvadB9fsqa7Uip4=,bHJnMXcUfZfNR0jJqmufhYQESpA=
-10,775,64aujldeUbdNzvadB9fsqa7Uip4=,bHJnMXcUfZfNR0jJqmufhYQESpA=
-9,775,64aujldeUbdNzvadB9fsqa7Uip4=,bHJnMXcUfZfNR0jJqmufhYQESpA=
-16,777,64aujldeUbdNzvadB9fsqa7Uip4=,9sUBx0xUlFnMjDBWZQaBmhMgRAU=
-16,778,64aujldeUbdNzvadB9fsqa7Uip4=,9sUBx0xUlFnMjDBWZQaBmhMgRAU=
-15,777,64aujldeUbdNzvadB9fsqa7Uip4=,9sUBx0xUlFnMjDBWZQaBmhMgRAU=
-14,777,64aujldeUbdNzvadB9fsqa7Uip4=,9sUBx0xUlFnMjDBWZQaBmhMgRAU=
-15,778,64aujldeUbdNzvadB9fsqa7Uip4=,9sUBx0xUlFnMjDBWZQaBmhMgRAU=
-14,778,64aujldeUbdNzvadB9fsqa7Uip4=,9sUBx0xUlFnMjDBWZQaBmhMgRAU=
-16,776,64aujldeUbdNzvadB9fsqa7Uip4=,9sUBx0xUlFnMjDBWZQaBmhMgRAU=
-13,778,64aujldeUbdNzvadB9fsqa7Uip4=,9sUBx0xUlFnMjDBWZQaBmhMgRAU=
-10,778,64aujldeUbdNzvadB9fsqa7Uip4=,9sUBx0xUlFnMjDBWZQaBmhMgRAU=
-9,778,64aujldeUbdNzvadB9fsqa7Uip4=,9sUBx0xUlFnMjDBWZQaBmhMgRAU=
-16,779,64aujldeUbdNzvadB9fsqa7Uip4=,9sUBx0xUlFnMjDBWZQaBmhMgRAU=
-15,776,64aujldeUbdNzvadB9fsqa7Uip4=,9sUBx0xUlFnMjDBWZQaBmhMgRAU=
-15,779,64aujldeUbdNzvadB9fsqa7Uip4=,9sUBx0xUlFnMjDBWZQaBmhMgRAU=
-14,779,64aujldeUbdNzvadB9fsqa7Uip4=,9sUBx0xUlFnMjDBWZQaBmhMgRAU=
-13,779,64aujldeUbdNzvadB9fsqa7Uip4=,9sUBx0xUlFnMjDBWZQaBmhMgRAU=
-10,779,64aujldeUbdNzvadB9fsqa7Uip4=,9sUBx0xUlFnMjDBWZQaBmhMgRAU=
-9,779,64aujldeUbdNzvadB9fsqa7Uip4=,9sUBx0xUlFnMjDBWZQaBmhMgRAU=
-16,780,64aujldeUbdNzvadB9fsqa7Uip4=,9sUBx0xUlFnMjDBWZQaBmhMgRAU=
-15,780,64aujldeUbdNzvadB9fsqa7Uip4=,9sUBx0xUlFnMjDBWZQaBmhMgRAU=
-14,780,64aujldeUbdNzvadB9fsqa7Uip4=,9sUBx0xUlFnMjDBWZQaBmhMgRAU=
-13,780,64aujldeUbdNzvadB9fsqa7Uip4=,9sUBx0xUlFnMjDBWZQaBmhMgRAU=
-16,775,64aujldeUbdNzvadB9fsqa7Uip4=,bHJnMXcUfZfNR0jJqmufhYQESpA=
-9,780,64aujldeUbdNzvadB9fsqa7Uip4=,9sUBx0xUlFnMjDBWZQaBmhMgRAU=
-16,781,64aujldeUbdNzvadB9fsqa7Uip4=,9sUBx0xUlFnMjDBWZQaBmhMgRAU=
-15,781,64aujldeUbdNzvadB9fsqa7Uip4=,9sUBx0xUlFnMjDBWZQaBmhMgRAU=
-14,781,64aujldeUbdNzvadB9fsqa7Uip4=,9sUBx0xUlFnMjDBWZQaBmhMgRAU=
-13,781,64aujldeUbdNzvadB9fsqa7Uip4=,9sUBx0xUlFnMjDBWZQaBmhMgRAU=
-15,775,64aujldeUbdNzvadB9fsqa7Uip4=,bHJnMXcUfZfNR0jJqmufhYQESpA=
-14,776,64aujldeUbdNzvadB9fsqa7Uip4=,9sUBx0xUlFnMjDBWZQaBmhMgRAU=
-13,777,64aujldeUbdNzvadB9fsqa7Uip4=,9sUBx0xUlFnMjDBWZQaBmhMgRAU=
-9,781,64aujldeUbdNzvadB9fsqa7Uip4=,9sUBx0xUlFnMjDBWZQaBmhMgRAU=
-16,782,64aujldeUbdNzvadB9fsqa7Uip4=,9sUBx0xUlFnMjDBWZQaBmhMgRAU=
-15,782,64aujldeUbdNzvadB9fsqa7Uip4=,9sUBx0xUlFnMjDBWZQaBmhMgRAU=
-13,776,64aujldeUbdNzvadB9fsqa7Uip4=,9sUBx0xUlFnMjDBWZQaBmhMgRAU=
-14,782,64aujldeUbdNzvadB9fsqa7Uip4=,9sUBx0xUlFnMjDBWZQaBmhMgRAU=
-14,775,64aujldeUbdNzvadB9fsqa7Uip4=,bHJnMXcUfZfNR0jJqmufhYQESpA=
-13,782,64aujldeUbdNzvadB9fsqa7Uip4=,9sUBx0xUlFnMjDBWZQaBmhMgRAU=
-10,782,64aujldeUbdNzvadB9fsqa7Uip4=,9sUBx0xUlFnMjDBWZQaBmhMgRAU=
-9,782,64aujldeUbdNzvadB9fsqa7Uip4=,9sUBx0xUlFnMjDBWZQaBmhMgRAU=
-16,783,64aujldeUbdNzvadB9fsqa7Uip4=,9sUBx0xUlFnMjDBWZQaBmhMgRAU=
-15,783,64aujldeUbdNzvadB9fsqa7Uip4=,9sUBx0xUlFnMjDBWZQaBmhMgRAU=
-14,783,64aujldeUbdNzvadB9fsqa7Uip4=,9sUBx0xUlFnMjDBWZQaBmhMgRAU=
-13,775,64aujldeUbdNzvadB9fsqa7Uip4=,bHJnMXcUfZfNR0jJqmufhYQESpA=
-13,783,64aujldeUbdNzvadB9fsqa7Uip4=,9sUBx0xUlFnMjDBWZQaBmhMgRAU=
-10,783,64aujldeUbdNzvadB9fsqa7Uip4=,9sUBx0xUlFnMjDBWZQaBmhMgRAU=
-9,783,64aujldeUbdNzvadB9fsqa7Uip4=,9sUBx0xUlFnMjDBWZQaBmhMgRAU=
-12,770,64aujldeUbdNzvadB9fsqa7Uip4=,bHJnMXcUfZfNR0jJqmufhYQESpA=
-9,770,64aujldeUbdNzvadB9fsqa7Uip4=,bHJnMXcUfZfNR0jJqmufhYQESpA=
-13,769,64aujldeUbdNzvadB9fsqa7Uip4=,bHJnMXcUfZfNR0jJqmufhYQESpA=
-15,774,64aujldeUbdNzvadB9fsqa7Uip4=,bHJnMXcUfZfNR0jJqmufhYQESpA=
-16,774,64aujldeUbdNzvadB9fsqa7Uip4=,bHJnMXcUfZfNR0jJqmufhYQESpA=
-10,770,64aujldeUbdNzvadB9fsqa7Uip4=,bHJnMXcUfZfNR0jJqmufhYQESpA=
-13,770,64aujldeUbdNzvadB9fsqa7Uip4=,bHJnMXcUfZfNR0jJqmufhYQESpA=
-9,777,64aujldeUbdNzvadB9fsqa7Uip4=,9sUBx0xUlFnMjDBWZQaBmhMgRAU=
-9,776,64aujldeUbdNzvadB9fsqa7Uip4=,9sUBx0xUlFnMjDBWZQaBmhMgRAU=
-14,772,64aujldeUbdNzvadB9fsqa7Uip4=,bHJnMXcUfZfNR0jJqmufhYQESpA=
-9,773,64aujldeUbdNzvadB9fsqa7Uip4=,bHJnMXcUfZfNR0jJqmufhYQESpA=
-9,772,64aujldeUbdNzvadB9fsqa7Uip4=,bHJnMXcUfZfNR0jJqmufhYQESpA=
-11,771,64aujldeUbdNzvadB9fsqa7Uip4=,bHJnMXcUfZfNR0jJqmufhYQESpA=
-12,769,64aujldeUbdNzvadB9fsqa7Uip4=,bHJnMXcUfZfNR0jJqmufhYQESpA=
-12,771,64aujldeUbdNzvadB9fsqa7Uip4=,bHJnMXcUfZfNR0jJqmufhYQESpA=
-12,779,64aujldeUbdNzvadB9fsqa7Uip4=,9sUBx0xUlFnMjDBWZQaBmhMgRAU=
-14,769,64aujldeUbdNzvadB9fsqa7Uip4=,bHJnMXcUfZfNR0jJqmufhYQESpA=
-12,778,64aujldeUbdNzvadB9fsqa7Uip4=,9sUBx0xUlFnMjDBWZQaBmhMgRAU=
-12,776,64aujldeUbdNzvadB9fsqa7Uip4=,9sUBx0xUlFnMjDBWZQaBmhMgRAU=
-12,773,64aujldeUbdNzvadB9fsqa7Uip4=,bHJnMXcUfZfNR0jJqmufhYQESpA=
-11,775,64aujldeUbdNzvadB9fsqa7Uip4=,bHJnMXcUfZfNR0jJqmufhYQESpA=
-12,775,64aujldeUbdNzvadB9fsqa7Uip4=,bHJnMXcUfZfNR0jJqmufhYQESpA=
-11,773,64aujldeUbdNzvadB9fsqa7Uip4=,bHJnMXcUfZfNR0jJqmufhYQESpA=
-12,774,64aujldeUbdNzvadB9fsqa7Uip4=,bHJnMXcUfZfNR0jJqmufhYQESpA=
-12,780,64aujldeUbdNzvadB9fsqa7Uip4=,9sUBx0xUlFnMjDBWZQaBmhMgRAU=
-14,770,64aujldeUbdNzvadB9fsqa7Uip4=,bHJnMXcUfZfNR0jJqmufhYQESpA=
-10,780,64aujldeUbdNzvadB9fsqa7Uip4=,9sUBx0xUlFnMjDBWZQaBmhMgRAU=
-12,781,64aujldeUbdNzvadB9fsqa7Uip4=,9sUBx0xUlFnMjDBWZQaBmhMgRAU=
-15,770,64aujldeUbdNzvadB9fsqa7Uip4=,bHJnMXcUfZfNR0jJqmufhYQESpA=
-10,781,64aujldeUbdNzvadB9fsqa7Uip4=,9sUBx0xUlFnMjDBWZQaBmhMgRAU=
-11,780,64aujldeUbdNzvadB9fsqa7Uip4=,9sUBx0xUlFnMjDBWZQaBmhMgRAU=
-11,774,64aujldeUbdNzvadB9fsqa7Uip4=,bHJnMXcUfZfNR0jJqmufhYQESpA=
-12,783,64aujldeUbdNzvadB9fsqa7Uip4=,9sUBx0xUlFnMjDBWZQaBmhMgRAU=
-11,782,64aujldeUbdNzvadB9fsqa7Uip4=,9sUBx0xUlFnMjDBWZQaBmhMgRAU=
-12,782,64aujldeUbdNzvadB9fsqa7Uip4=,9sUBx0xUlFnMjDBWZQaBmhMgRAU=
-12,777,64aujldeUbdNzvadB9fsqa7Uip4=,9sUBx0xUlFnMjDBWZQaBmhMgRAU=
-10,773,64aujldeUbdNzvadB9fsqa7Uip4=,bHJnMXcUfZfNR0jJqmufhYQESpA=
-10,776,64aujldeUbdNzvadB9fsqa7Uip4=,9sUBx0xUlFnMjDBWZQaBmhMgRAU=
-16,770,64aujldeUbdNzvadB9fsqa7Uip4=,bHJnMXcUfZfNR0jJqmufhYQESpA=
-11,781,64aujldeUbdNzvadB9fsqa7Uip4=,9sUBx0xUlFnMjDBWZQaBmhMgRAU=
-9,769,64aujldeUbdNzvadB9fsqa7Uip4=,bHJnMXcUfZfNR0jJqmufhYQESpA=
-10,769,64aujldeUbdNzvadB9fsqa7Uip4=,bHJnMXcUfZfNR0jJqmufhYQESpA=
-10,777,64aujldeUbdNzvadB9fsqa7Uip4=,9sUBx0xUlFnMjDBWZQaBmhMgRAU=
-10,772,64aujldeUbdNzvadB9fsqa7Uip4=,bHJnMXcUfZfNR0jJqmufhYQESpA=
-11,783,64aujldeUbdNzvadB9fsqa7Uip4=,9sUBx0xUlFnMjDBWZQaBmhMgRAU=
-11,779,64aujldeUbdNzvadB9fsqa7Uip4=,9sUBx0xUlFnMjDBWZQaBmhMgRAU=
-16,768,64aujldeUbdNzvadB9fsqa7Uip4=,bHJnMXcUfZfNR0jJqmufhYQESpA=
-15,769,64aujldeUbdNzvadB9fsqa7Uip4=,bHJnMXcUfZfNR0jJqmufhYQESpA=
-16,769,64aujldeUbdNzvadB9fsqa7Uip4=,bHJnMXcUfZfNR0jJqmufhYQESpA=
-11,776,64aujldeUbdNzvadB9fsqa7Uip4=,9sUBx0xUlFnMjDBWZQaBmhMgRAU=
-9,768,64aujldeUbdNzvadB9fsqa7Uip4=,bHJnMXcUfZfNR0jJqmufhYQESpA=
-11,769,64aujldeUbdNzvadB9fsqa7Uip4=,bHJnMXcUfZfNR0jJqmufhYQESpA=
-9,774,64aujldeUbdNzvadB9fsqa7Uip4=,bHJnMXcUfZfNR0jJqmufhYQESpA=
-11,770,64aujldeUbdNzvadB9fsqa7Uip4=,bHJnMXcUfZfNR0jJqmufhYQESpA=
-11,772,64aujldeUbdNzvadB9fsqa7Uip4=,bHJnMXcUfZfNR0jJqmufhYQESpA=
-12,768,64aujldeUbdNzvadB9fsqa7Uip4=,bHJnMXcUfZfNR0jJqmufhYQESpA=
-13,768,64aujldeUbdNzvadB9fsqa7Uip4=,bHJnMXcUfZfNR0jJqmufhYQESpA=
-10,768,64aujldeUbdNzvadB9fsqa7Uip4=,bHJnMXcUfZfNR0jJqmufhYQESpA=
-11,778,64aujldeUbdNzvadB9fsqa7Uip4=,9sUBx0xUlFnMjDBWZQaBmhMgRAU=
-12,772,64aujldeUbdNzvadB9fsqa7Uip4=,bHJnMXcUfZfNR0jJqmufhYQESpA=
-11,768,64aujldeUbdNzvadB9fsqa7Uip4=,bHJnMXcUfZfNR0jJqmufhYQESpA=
-11,777,64aujldeUbdNzvadB9fsqa7Uip4=,9sUBx0xUlFnMjDBWZQaBmhMgRAU=
