-8,-202,6tnS7vJpHF9yi20L5kFOQf8noms=,DBMKuWlAlrVg5k87Ibtg3uP+o54=
-2,-203,6tnS7vJpHF9yi20L5kFOQf8noms=,DBMKuWlAlrVg5k87Ibtg3uP+o54=
-7,-202,dCYQZ5PvjHuYQfVWhIWmF5MivwE=,DBMKuWlAlrVg5k87Ibtg3uP+o54=
-3,-203,6tnS7vJpHF9yi20L5kFOQf8noms=,DBMKuWlAlrVg5k87Ibtg3uP+o54=
-4,-203,6tnS7vJpHF9yi20L5kFOQf8noms=,DBMKuWlAlrVg5k87Ibtg3uP+o54=
-5,-203,6tnS7vJpHF9yi20L5kFOQf8noms=,DBMKuWlAlrVg5k87Ibtg3uP+o54=
-6,-203,6tnS7vJpHF9yi20L5kFOQf8noms=,DBMKuWlAlrVg5k87Ibtg3uP+o54=
-7,-203,6tnS7vJpHF9yi20L5kFOQf8noms=,DBMKuWlAlrVg5k87Ibtg3uP+o54=
-8,-203,6tnS7vJpHF9yi20L5kFOQf8noms=,DBMKuWlAlrVg5k87Ibtg3uP+o54=
-4,-204,6tnS7vJpHF9yi20L5kFOQf8noms=,DBMKuWlAlrVg5k87Ibtg3uP+o54=
-3,-204,6tnS7vJpHF9yi20L5kFOQf8noms=,DBMKuWlAlrVg5k87Ibtg3uP+o54=
-5,-204,6tnS7vJpHF9yi20L5kFOQf8noms=,DBMKuWlAlrVg5k87Ibtg3uP+o54=
-6,-204,6tnS7vJpHF9yi20L5kFOQf8noms=,DBMKuWlAlrVg5k87Ibtg3uP+o54=
-7,-204,6tnS7vJpHF9yi20L5kFOQf8noms=,DBMKuWlAlrVg5k87Ibtg3uP+o54=
-8,-204,6tnS7vJpHF9yi20L5kFOQf8noms=,DBMKuWlAlrVg5k87Ibtg3uP+o54=
-3,-205,6tnS7vJpHF9yi20L5kFOQf8noms=,DBMKuWlAlrVg5k87Ibtg3uP+o54=
-4,-205,6tnS7vJpHF9yi20L5kFOQf8noms=,DBMKuWlAlrVg5k87Ibtg3uP+o54=
-5,-205,6tnS7vJpHF9yi20L5kFOQf8noms=,DBMKuWlAlrVg5k87Ibtg3uP+o54=
-6,-205,dCYQZ5PvjHuYQfVWhIWmF5MivwE=,DBMKuWlAlrVg5k87Ibtg3uP+o54=
-7,-205,dCYQZ5PvjHuYQfVWhIWmF5MivwE=,DBMKuWlAlrVg5k87Ibtg3uP+o54=
-8,-205,dCYQZ5PvjHuYQfVWhIWmF5MivwE=,DBMKuWlAlrVg5k87Ibtg3uP+o54=
-3,-206,dCYQZ5PvjHuYQfVWhIWmF5MivwE=,DBMKuWlAlrVg5k87Ibtg3uP+o54=
-4,-206,dCYQZ5PvjHuYQfVWhIWmF5MivwE=,DBMKuWlAlrVg5k87Ibtg3uP+o54=
-5,-206,dCYQZ5PvjHuYQfVWhIWmF5MivwE=,DBMKuWlAlrVg5k87Ibtg3uP+o54=
-6,-206,dCYQZ5PvjHuYQfVWhIWmF5MivwE=,DBMKuWlAlrVg5k87Ibtg3uP+o54=
-7,-206,dCYQZ5PvjHuYQfVWhIWmF5MivwE=,DBMKuWlAlrVg5k87Ibtg3uP+o54=
-8,-206,dCYQZ5PvjHuYQfVWhIWmF5MivwE=,DBMKuWlAlrVg5k87Ibtg3uP+o54=
-3,-207,dCYQZ5PvjHuYQfVWhIWmF5MivwE=,DBMKuWlAlrVg5k87Ibtg3uP+o54=
-4,-207,dCYQZ5PvjHuYQfVWhIWmF5MivwE=,DBMKuWlAlrVg5k87Ibtg3uP+o54=
-5,-207,dCYQZ5PvjHuYQfVWhIWmF5MivwE=,DBMKuWlAlrVg5k87Ibtg3uP+o54=
-6,-207,dCYQZ5PvjHuYQfVWhIWmF5MivwE=,DBMKuWlAlrVg5k87Ibtg3uP+o54=
-8,-207,dCYQZ5PvjHuYQfVWhIWmF5MivwE=,DBMKuWlAlrVg5k87Ibtg3uP+o54=
-7,-207,dCYQZ5PvjHuYQfVWhIWmF5MivwE=,DBMKuWlAlrVg5k87Ibtg3uP+o54=
-2,-208,dCYQZ5PvjHuYQfVWhIWmF5MivwE=,DBMKuWlAlrVg5k87Ibtg3uP+o54=
-3,-208,dCYQZ5PvjHuYQfVWhIWmF5MivwE=,DBMKuWlAlrVg5k87Ibtg3uP+o54=
-4,-208,dCYQZ5PvjHuYQfVWhIWmF5MivwE=,DBMKuWlAlrVg5k87Ibtg3uP+o54=
-5,-208,dCYQZ5PvjHuYQfVWhIWmF5MivwE=,DBMKuWlAlrVg5k87Ibtg3uP+o54=
-2,-202,dCYQZ5PvjHuYQfVWhIWmF5MivwE=,DBMKuWlAlrVg5k87Ibtg3uP+o54=
-3,-202,dCYQZ5PvjHuYQfVWhIWmF5MivwE=,DBMKuWlAlrVg5k87Ibtg3uP+o54=
-4,-202,dCYQZ5PvjHuYQfVWhIWmF5MivwE=,DBMKuWlAlrVg5k87Ibtg3uP+o54=
-5,-202,dCYQZ5PvjHuYQfVWhIWmF5MivwE=,DBMKuWlAlrVg5k87Ibtg3uP+o54=
-6,-202,dCYQZ5PvjHuYQfVWhIWmF5MivwE=,DBMKuWlAlrVg5k87Ibtg3uP+o54=
-6,-208,dCYQZ5PvjHuYQfVWhIWmF5MivwE=,DBMKuWlAlrVg5k87Ibtg3uP+o54=
-7,-208,dCYQZ5PvjHuYQfVWhIWmF5MivwE=,DBMKuWlAlrVg5k87Ibtg3uP+o54=
-1,-208,dCYQZ5PvjHuYQfVWhIWmF5MivwE=,DBMKuWlAlrVg5k87Ibtg3uP+o54=
-8,-208,dCYQZ5PvjHuYQfVWhIWmF5MivwE=,DBMKuWlAlrVg5k87Ibtg3uP+o54=
-6,-196,dCYQZ5PvjHuYQfVWhIWmF5MivwE=,Jqq64DW2zmI+T4q7dulecCKfgcU=
-5,-193,dCYQZ5PvjHuYQfVWhIWmF5MivwE=,Jqq64DW2zmI+T4q7dulecCKfgcU=
-5,-194,dCYQZ5PvjHuYQfVWhIWmF5MivwE=,Jqq64DW2zmI+T4q7dulecCKfgcU=
-8,-197,dCYQZ5PvjHuYQfVWhIWmF5MivwE=,Jqq64DW2zmI+T4q7dulecCKfgcU=
-6,-194,dCYQZ5PvjHuYQfVWhIWmF5MivwE=,Jqq64DW2zmI+T4q7dulecCKfgcU=
-5,-196,dCYQZ5PvjHuYQfVWhIWmF5MivwE=,Jqq64DW2zmI+T4q7dulecCKfgcU=
-6,-193,dCYQZ5PvjHuYQfVWhIWmF5MivwE=,Jqq64DW2zmI+T4q7dulecCKfgcU=
-7,-194,dCYQZ5PvjHuYQfVWhIWmF5MivwE=,Jqq64DW2zmI+T4q7dulecCKfgcU=
-4,-193,dCYQZ5PvjHuYQfVWhIWmF5MivwE=,Jqq64DW2zmI+T4q7dulecCKfgcU=
-7,-195,dCYQZ5PvjHuYQfVWhIWmF5MivwE=,Jqq64DW2zmI+T4q7dulecCKfgcU=
-8,-194,dCYQZ5PvjHuYQfVWhIWmF5MivwE=,Jqq64DW2zmI+T4q7dulecCKfgcU=
-8,-199,dCYQZ5PvjHuYQfVWhIWmF5MivwE=,Jqq64DW2zmI+T4q7dulecCKfgcU=
-3,-193,dCYQZ5PvjHuYQfVWhIWmF5MivwE=,Jqq64DW2zmI+T4q7dulecCKfgcU=
-7,-196,dCYQZ5PvjHuYQfVWhIWmF5MivwE=,Jqq64DW2zmI+T4q7dulecCKfgcU=
-7,-193,dCYQZ5PvjHuYQfVWhIWmF5MivwE=,Jqq64DW2zmI+T4q7dulecCKfgcU=
-7,-199,dCYQZ5PvjHuYQfVWhIWmF5MivwE=,Jqq64DW2zmI+T4q7dulecCKfgcU=
-8,-196,dCYQZ5PvjHuYQfVWhIWmF5MivwE=,Jqq64DW2zmI+T4q7dulecCKfgcU=
-8,-195,dCYQZ5PvjHuYQfVWhIWmF5MivwE=,Jqq64DW2zmI+T4q7dulecCKfgcU=
-8,-193,dCYQZ5PvjHuYQfVWhIWmF5MivwE=,Jqq64DW2zmI+T4q7dulecCKfgcU=
-6,-199,dCYQZ5PvjHuYQfVWhIWmF5MivwE=,Jqq64DW2zmI+T4q7dulecCKfgcU=
-4,-200,dCYQZ5PvjHuYQfVWhIWmF5MivwE=,Jqq64DW2zmI+T4q7dulecCKfgcU=
-6,-200,dCYQZ5PvjHuYQfVWhIWmF5MivwE=,Jqq64DW2zmI+T4q7dulecCKfgcU=
-8,-198,dCYQZ5PvjHuYQfVWhIWmF5MivwE=,Jqq64DW2zmI+T4q7dulecCKfgcU=
-3,-199,dCYQZ5PvjHuYQfVWhIWmF5MivwE=,Jqq64DW2zmI+T4q7dulecCKfgcU=
-7,-198,dCYQZ5PvjHuYQfVWhIWmF5MivwE=,Jqq64DW2zmI+T4q7dulecCKfgcU=
-3,-200,dCYQZ5PvjHuYQfVWhIWmF5MivwE=,Jqq64DW2zmI+T4q7dulecCKfgcU=
-6,-198,dCYQZ5PvjHuYQfVWhIWmF5MivwE=,Jqq64DW2zmI+T4q7dulecCKfgcU=
-5,-200,dCYQZ5PvjHuYQfVWhIWmF5MivwE=,Jqq64DW2zmI+T4q7dulecCKfgcU=
-5,-198,dCYQZ5PvjHuYQfVWhIWmF5MivwE=,Jqq64DW2zmI+T4q7dulecCKfgcU=
-4,-199,dCYQZ5PvjHuYQfVWhIWmF5MivwE=,Jqq64DW2zmI+T4q7dulecCKfgcU=
-4,-198,dCYQZ5PvjHuYQfVWhIWmF5MivwE=,Jqq64DW2zmI+T4q7dulecCKfgcU=
-3,-198,dCYQZ5PvjHuYQfVWhIWmF5MivwE=,Jqq64DW2zmI+T4q7dulecCKfgcU=
-5,-199,dCYQZ5PvjHuYQfVWhIWmF5MivwE=,Jqq64DW2zmI+T4q7dulecCKfgcU=
-2,-206,dCYQZ5PvjHuYQfVWhIWmF5MivwE=,DBMKuWlAlrVg5k87Ibtg3uP+o54=
-2,-207,dCYQZ5PvjHuYQfVWhIWmF5MivwE=,DBMKuWlAlrVg5k87Ibtg3uP+o54=
-7,-200,dCYQZ5PvjHuYQfVWhIWmF5MivwE=,Jqq64DW2zmI+T4q7dulecCKfgcU=
-2,-200,dCYQZ5PvjHuYQfVWhIWmF5MivwE=,Jqq64DW2zmI+T4q7dulecCKfgcU=
-4,-194,dCYQZ5PvjHuYQfVWhIWmF5MivwE=,Jqq64DW2zmI+T4q7dulecCKfgcU=
-6,-197,dCYQZ5PvjHuYQfVWhIWmF5MivwE=,Jqq64DW2zmI+T4q7dulecCKfgcU=
-8,-201,dCYQZ5PvjHuYQfVWhIWmF5MivwE=,DBMKuWlAlrVg5k87Ibtg3uP+o54=
-7,-197,dCYQZ5PvjHuYQfVWhIWmF5MivwE=,Jqq64DW2zmI+T4q7dulecCKfgcU=
-7,-201,dCYQZ5PvjHuYQfVWhIWmF5MivwE=,DBMKuWlAlrVg5k87Ibtg3uP+o54=
-5,-197,dCYQZ5PvjHuYQfVWhIWmF5MivwE=,Jqq64DW2zmI+T4q7dulecCKfgcU=
-6,-201,dCYQZ5PvjHuYQfVWhIWmF5MivwE=,DBMKuWlAlrVg5k87Ibtg3uP+o54=
-6,-195,dCYQZ5PvjHuYQfVWhIWmF5MivwE=,Jqq64DW2zmI+T4q7dulecCKfgcU=
-4,-197,dCYQZ5PvjHuYQfVWhIWmF5MivwE=,Jqq64DW2zmI+T4q7dulecCKfgcU=
-4,-196,dCYQZ5PvjHuYQfVWhIWmF5MivwE=,Jqq64DW2zmI+T4q7dulecCKfgcU=
-5,-195,dCYQZ5PvjHuYQfVWhIWmF5MivwE=,Jqq64DW2zmI+T4q7dulecCKfgcU=
-3,-196,dCYQZ5PvjHuYQfVWhIWmF5MivwE=,Jqq64DW2zmI+T4q7dulecCKfgcU=
-5,-201,dCYQZ5PvjHuYQfVWhIWmF5MivwE=,DBMKuWlAlrVg5k87Ibtg3uP+o54=
-4,-201,dCYQZ5PvjHuYQfVWhIWmF5MivwE=,DBMKuWlAlrVg5k87Ibtg3uP+o54=
-3,-194,dCYQZ5PvjHuYQfVWhIWmF5MivwE=,Jqq64DW2zmI+T4q7dulecCKfgcU=
-3,-201,dCYQZ5PvjHuYQfVWhIWmF5MivwE=,DBMKuWlAlrVg5k87Ibtg3uP+o54=
-2,-205,dCYQZ5PvjHuYQfVWhIWmF5MivwE=,DBMKuWlAlrVg5k87Ibtg3uP+o54=
-3,-195,dCYQZ5PvjHuYQfVWhIWmF5MivwE=,Jqq64DW2zmI+T4q7dulecCKfgcU=
-8,-200,dCYQZ5PvjHuYQfVWhIWmF5MivwE=,Jqq64DW2zmI+T4q7dulecCKfgcU=
-2,-204,dCYQZ5PvjHuYQfVWhIWmF5MivwE=,DBMKuWlAlrVg5k87Ibtg3uP+o54=
-2,-196,dCYQZ5PvjHuYQfVWhIWmF5MivwE=,Jqq64DW2zmI+T4q7dulecCKfgcU=
-2,-201,dCYQZ5PvjHuYQfVWhIWmF5MivwE=,DBMKuWlAlrVg5k87Ibtg3uP+o54=
-3,-197,dCYQZ5PvjHuYQfVWhIWmF5MivwE=,Jqq64DW2zmI+T4q7dulecCKfgcU=
-1,-203,dCYQZ5PvjHuYQfVWhIWmF5MivwE=,DBMKuWlAlrVg5k87Ibtg3uP+o54=
-1,-202,dCYQZ5PvjHuYQfVWhIWmF5MivwE=,DBMKuWlAlrVg5k87Ibtg3uP+o54=
-2,-195,dCYQZ5PvjHuYQfVWhIWmF5MivwE=,Jqq64DW2zmI+T4q7dulecCKfgcU=
-1,-205,dCYQZ5PvjHuYQfVWhIWmF5MivwE=,DBMKuWlAlrVg5k87Ibtg3uP+o54=
-4,-195,dCYQZ5PvjHuYQfVWhIWmF5MivwE=,Jqq64DW2zmI+T4q7dulecCKfgcU=
-1,-201,dCYQZ5PvjHuYQfVWhIWmF5MivwE=,DBMKuWlAlrVg5k87Ibtg3uP+o54=
-2,-194,dCYQZ5PvjHuYQfVWhIWmF5MivwE=,Jqq64DW2zmI+T4q7dulecCKfgcU=
-1,-206,dCYQZ5PvjHuYQfVWhIWmF5MivwE=,DBMKuWlAlrVg5k87Ibtg3uP+o54=
-1,-207,dCYQZ5PvjHuYQfVWhIWmF5MivwE=,DBMKuWlAlrVg5k87Ibtg3uP+o54=
-2,-199,dCYQZ5PvjHuYQfVWhIWmF5MivwE=,Jqq64DW2zmI+T4q7dulecCKfgcU=
-1,-194,dCYQZ5PvjHuYQfVWhIWmF5MivwE=,Jqq64DW2zmI+T4q7dulecCKfgcU=
-1,-204,dCYQZ5PvjHuYQfVWhIWmF5MivwE=,DBMKuWlAlrVg5k87Ibtg3uP+o54=
-2,-198,dCYQZ5PvjHuYQfVWhIWmF5MivwE=,Jqq64DW2zmI+T4q7dulecCKfgcU=
-2,-193,dCYQZ5PvjHuYQfVWhIWmF5MivwE=,Jqq64DW2zmI+T4q7dulecCKfgcU=
-1,-199,dCYQZ5PvjHuYQfVWhIWmF5MivwE=,Jqq64DW2zmI+T4q7dulecCKfgcU=
-1,-200,dCYQZ5PvjHuYQfVWhIWmF5MivwE=,Jqq64DW2zmI+T4q7dulecCKfgcU=
-1,-198,dCYQZ5PvjHuYQfVWhIWmF5MivwE=,Jqq64DW2zmI+T4q7dulecCKfgcU=
-1,-196,dCYQZ5PvjHuYQfVWhIWmF5MivwE=,Jqq64DW2zmI+T4q7dulecCKfgcU=
-2,-197,dCYQZ5PvjHuYQfVWhIWmF5MivwE=,Jqq64DW2zmI+T4q7dulecCKfgcU=
-1,-195,dCYQZ5PvjHuYQfVWhIWmF5MivwE=,Jqq64DW2zmI+T4q7dulecCKfgcU=
-1,-193,dCYQZ5PvjHuYQfVWhIWmF5MivwE=,Jqq64DW2zmI+T4q7dulecCKfgcU=
-1,-197,dCYQZ5PvjHuYQfVWhIWmF5MivwE=,Jqq64DW2zmI+T4q7dulecCKfgcU=
-6,-212,dCYQZ5PvjHuYQfVWhIWmF5MivwE=,NM9ueTgvyPJ2T9Sco4pX9nEMoVQ=
-5,-210,dCYQZ5PvjHuYQfVWhIWmF5MivwE=,NM9ueTgvyPJ2T9Sco4pX9nEMoVQ=
-6,-210,dCYQZ5PvjHuYQfVWhIWmF5MivwE=,NM9ueTgvyPJ2T9Sco4pX9nEMoVQ=
-7,-210,dCYQZ5PvjHuYQfVWhIWmF5MivwE=,NM9ueTgvyPJ2T9Sco4pX9nEMoVQ=
-2,-214,dCYQZ5PvjHuYQfVWhIWmF5MivwE=,NM9ueTgvyPJ2T9Sco4pX9nEMoVQ=
-8,-210,dCYQZ5PvjHuYQfVWhIWmF5MivwE=,NM9ueTgvyPJ2T9Sco4pX9nEMoVQ=
-7,-211,dCYQZ5PvjHuYQfVWhIWmF5MivwE=,NM9ueTgvyPJ2T9Sco4pX9nEMoVQ=
-8,-211,dCYQZ5PvjHuYQfVWhIWmF5MivwE=,NM9ueTgvyPJ2T9Sco4pX9nEMoVQ=
-7,-212,dCYQZ5PvjHuYQfVWhIWmF5MivwE=,NM9ueTgvyPJ2T9Sco4pX9nEMoVQ=
-3,-214,dCYQZ5PvjHuYQfVWhIWmF5MivwE=,NM9ueTgvyPJ2T9Sco4pX9nEMoVQ=
-4,-214,dCYQZ5PvjHuYQfVWhIWmF5MivwE=,NM9ueTgvyPJ2T9Sco4pX9nEMoVQ=
-4,-209,dCYQZ5PvjHuYQfVWhIWmF5MivwE=,NM9ueTgvyPJ2T9Sco4pX9nEMoVQ=
-3,-209,dCYQZ5PvjHuYQfVWhIWmF5MivwE=,NM9ueTgvyPJ2T9Sco4pX9nEMoVQ=
-2,-209,dCYQZ5PvjHuYQfVWhIWmF5MivwE=,NM9ueTgvyPJ2T9Sco4pX9nEMoVQ=
-7,-209,dCYQZ5PvjHuYQfVWhIWmF5MivwE=,NM9ueTgvyPJ2T9Sco4pX9nEMoVQ=
-6,-209,dCYQZ5PvjHuYQfVWhIWmF5MivwE=,NM9ueTgvyPJ2T9Sco4pX9nEMoVQ=
-5,-209,dCYQZ5PvjHuYQfVWhIWmF5MivwE=,NM9ueTgvyPJ2T9Sco4pX9nEMoVQ=
-5,-214,dCYQZ5PvjHuYQfVWhIWmF5MivwE=,NM9ueTgvyPJ2T9Sco4pX9nEMoVQ=
-8,-212,dCYQZ5PvjHuYQfVWhIWmF5MivwE=,NM9ueTgvyPJ2T9Sco4pX9nEMoVQ=
-2,-210,dCYQZ5PvjHuYQfVWhIWmF5MivwE=,NM9ueTgvyPJ2T9Sco4pX9nEMoVQ=
-3,-210,dCYQZ5PvjHuYQfVWhIWmF5MivwE=,NM9ueTgvyPJ2T9Sco4pX9nEMoVQ=
-2,-212,dCYQZ5PvjHuYQfVWhIWmF5MivwE=,NM9ueTgvyPJ2T9Sco4pX9nEMoVQ=
-2,-211,dCYQZ5PvjHuYQfVWhIWmF5MivwE=,NM9ueTgvyPJ2T9Sco4pX9nEMoVQ=
-4,-210,dCYQZ5PvjHuYQfVWhIWmF5MivwE=,NM9ueTgvyPJ2T9Sco4pX9nEMoVQ=
-3,-211,dCYQZ5PvjHuYQfVWhIWmF5MivwE=,NM9ueTgvyPJ2T9Sco4pX9nEMoVQ=
-2,-213,dCYQZ5PvjHuYQfVWhIWmF5MivwE=,NM9ueTgvyPJ2T9Sco4pX9nEMoVQ=
-3,-213,dCYQZ5PvjHuYQfVWhIWmF5MivwE=,NM9ueTgvyPJ2T9Sco4pX9nEMoVQ=
-4,-213,dCYQZ5PvjHuYQfVWhIWmF5MivwE=,NM9ueTgvyPJ2T9Sco4pX9nEMoVQ=
-3,-212,dCYQZ5PvjHuYQfVWhIWmF5MivwE=,NM9ueTgvyPJ2T9Sco4pX9nEMoVQ=
-4,-211,dCYQZ5PvjHuYQfVWhIWmF5MivwE=,NM9ueTgvyPJ2T9Sco4pX9nEMoVQ=
-4,-212,dCYQZ5PvjHuYQfVWhIWmF5MivwE=,NM9ueTgvyPJ2T9Sco4pX9nEMoVQ=
-5,-211,dCYQZ5PvjHuYQfVWhIWmF5MivwE=,NM9ueTgvyPJ2T9Sco4pX9nEMoVQ=
-5,-212,dCYQZ5PvjHuYQfVWhIWmF5MivwE=,NM9ueTgvyPJ2T9Sco4pX9nEMoVQ=
-3,-215,dCYQZ5PvjHuYQfVWhIWmF5MivwE=,NM9ueTgvyPJ2T9Sco4pX9nEMoVQ=
-5,-213,dCYQZ5PvjHuYQfVWhIWmF5MivwE=,NM9ueTgvyPJ2T9Sco4pX9nEMoVQ=
-6,-211,dCYQZ5PvjHuYQfVWhIWmF5MivwE=,NM9ueTgvyPJ2T9Sco4pX9nEMoVQ=
-4,-215,dCYQZ5PvjHuYQfVWhIWmF5MivwE=,NM9ueTgvyPJ2T9Sco4pX9nEMoVQ=
-5,-215,dCYQZ5PvjHuYQfVWhIWmF5MivwE=,NM9ueTgvyPJ2T9Sco4pX9nEMoVQ=
-7,-215,dCYQZ5PvjHuYQfVWhIWmF5MivwE=,NM9ueTgvyPJ2T9Sco4pX9nEMoVQ=
-6,-215,dCYQZ5PvjHuYQfVWhIWmF5MivwE=,NM9ueTgvyPJ2T9Sco4pX9nEMoVQ=
-6,-213,dCYQZ5PvjHuYQfVWhIWmF5MivwE=,NM9ueTgvyPJ2T9Sco4pX9nEMoVQ=
-8,-215,dCYQZ5PvjHuYQfVWhIWmF5MivwE=,NM9ueTgvyPJ2T9Sco4pX9nEMoVQ=
-7,-213,dCYQZ5PvjHuYQfVWhIWmF5MivwE=,NM9ueTgvyPJ2T9Sco4pX9nEMoVQ=
-7,-214,dCYQZ5PvjHuYQfVWhIWmF5MivwE=,NM9ueTgvyPJ2T9Sco4pX9nEMoVQ=
-6,-214,dCYQZ5PvjHuYQfVWhIWmF5MivwE=,NM9ueTgvyPJ2T9Sco4pX9nEMoVQ=
-8,-214,dCYQZ5PvjHuYQfVWhIWmF5MivwE=,NM9ueTgvyPJ2T9Sco4pX9nEMoVQ=
-8,-213,dCYQZ5PvjHuYQfVWhIWmF5MivwE=,NM9ueTgvyPJ2T9Sco4pX9nEMoVQ=
-8,-209,dCYQZ5PvjHuYQfVWhIWmF5MivwE=,NM9ueTgvyPJ2T9Sco4pX9nEMoVQ=
-1,-209,dCYQZ5PvjHuYQfVWhIWmF5MivwE=,NM9ueTgvyPJ2T9Sco4pX9nEMoVQ=
-3,-219,dCYQZ5PvjHuYQfVWhIWmF5MivwE=,cIvYYzjE+WxJVa90u11r7OpWGxg=
-8,-218,dCYQZ5PvjHuYQfVWhIWmF5MivwE=,cIvYYzjE+WxJVa90u11r7OpWGxg=
-6,-219,dCYQZ5PvjHuYQfVWhIWmF5MivwE=,cIvYYzjE+WxJVa90u11r7OpWGxg=
-5,-219,dCYQZ5PvjHuYQfVWhIWmF5MivwE=,cIvYYzjE+WxJVa90u11r7OpWGxg=
-7,-218,dCYQZ5PvjHuYQfVWhIWmF5MivwE=,cIvYYzjE+WxJVa90u11r7OpWGxg=
-7,-219,dCYQZ5PvjHuYQfVWhIWmF5MivwE=,cIvYYzjE+WxJVa90u11r7OpWGxg=
-6,-218,dCYQZ5PvjHuYQfVWhIWmF5MivwE=,cIvYYzjE+WxJVa90u11r7OpWGxg=
-8,-219,dCYQZ5PvjHuYQfVWhIWmF5MivwE=,cIvYYzjE+WxJVa90u11r7OpWGxg=
-5,-218,dCYQZ5PvjHuYQfVWhIWmF5MivwE=,cIvYYzjE+WxJVa90u11r7OpWGxg=
-4,-219,dCYQZ5PvjHuYQfVWhIWmF5MivwE=,cIvYYzjE+WxJVa90u11r7OpWGxg=
-6,-216,dCYQZ5PvjHuYQfVWhIWmF5MivwE=,NM9ueTgvyPJ2T9Sco4pX9nEMoVQ=
-5,-216,dCYQZ5PvjHuYQfVWhIWmF5MivwE=,NM9ueTgvyPJ2T9Sco4pX9nEMoVQ=
-3,-216,dCYQZ5PvjHuYQfVWhIWmF5MivwE=,NM9ueTgvyPJ2T9Sco4pX9nEMoVQ=
-4,-216,dCYQZ5PvjHuYQfVWhIWmF5MivwE=,NM9ueTgvyPJ2T9Sco4pX9nEMoVQ=
-4,-220,dCYQZ5PvjHuYQfVWhIWmF5MivwE=,cIvYYzjE+WxJVa90u11r7OpWGxg=
-7,-216,dCYQZ5PvjHuYQfVWhIWmF5MivwE=,NM9ueTgvyPJ2T9Sco4pX9nEMoVQ=
-8,-224,dCYQZ5PvjHuYQfVWhIWmF5MivwE=,cIvYYzjE+WxJVa90u11r7OpWGxg=
-5,-220,dCYQZ5PvjHuYQfVWhIWmF5MivwE=,cIvYYzjE+WxJVa90u11r7OpWGxg=
-7,-220,dCYQZ5PvjHuYQfVWhIWmF5MivwE=,cIvYYzjE+WxJVa90u11r7OpWGxg=
-6,-220,dCYQZ5PvjHuYQfVWhIWmF5MivwE=,cIvYYzjE+WxJVa90u11r7OpWGxg=
-8,-216,dCYQZ5PvjHuYQfVWhIWmF5MivwE=,NM9ueTgvyPJ2T9Sco4pX9nEMoVQ=
-7,-224,dCYQZ5PvjHuYQfVWhIWmF5MivwE=,cIvYYzjE+WxJVa90u11r7OpWGxg=
-8,-220,dCYQZ5PvjHuYQfVWhIWmF5MivwE=,cIvYYzjE+WxJVa90u11r7OpWGxg=
-4,-218,dCYQZ5PvjHuYQfVWhIWmF5MivwE=,cIvYYzjE+WxJVa90u11r7OpWGxg=
-3,-221,dCYQZ5PvjHuYQfVWhIWmF5MivwE=,cIvYYzjE+WxJVa90u11r7OpWGxg=
-4,-221,dCYQZ5PvjHuYQfVWhIWmF5MivwE=,cIvYYzjE+WxJVa90u11r7OpWGxg=
-5,-221,dCYQZ5PvjHuYQfVWhIWmF5MivwE=,cIvYYzjE+WxJVa90u11r7OpWGxg=
-3,-218,dCYQZ5PvjHuYQfVWhIWmF5MivwE=,cIvYYzjE+WxJVa90u11r7OpWGxg=
-7,-221,dCYQZ5PvjHuYQfVWhIWmF5MivwE=,cIvYYzjE+WxJVa90u11r7OpWGxg=
-8,-221,dCYQZ5PvjHuYQfVWhIWmF5MivwE=,cIvYYzjE+WxJVa90u11r7OpWGxg=
-6,-221,dCYQZ5PvjHuYQfVWhIWmF5MivwE=,cIvYYzjE+WxJVa90u11r7OpWGxg=
-6,-224,dCYQZ5PvjHuYQfVWhIWmF5MivwE=,cIvYYzjE+WxJVa90u11r7OpWGxg=
-3,-222,dCYQZ5PvjHuYQfVWhIWmF5MivwE=,cIvYYzjE+WxJVa90u11r7OpWGxg=
-5,-222,dCYQZ5PvjHuYQfVWhIWmF5MivwE=,cIvYYzjE+WxJVa90u11r7OpWGxg=
-4,-222,dCYQZ5PvjHuYQfVWhIWmF5MivwE=,cIvYYzjE+WxJVa90u11r7OpWGxg=
-6,-222,dCYQZ5PvjHuYQfVWhIWmF5MivwE=,cIvYYzjE+WxJVa90u11r7OpWGxg=
-7,-222,dCYQZ5PvjHuYQfVWhIWmF5MivwE=,cIvYYzjE+WxJVa90u11r7OpWGxg=
-8,-222,dCYQZ5PvjHuYQfVWhIWmF5MivwE=,cIvYYzjE+WxJVa90u11r7OpWGxg=
-8,-217,dCYQZ5PvjHuYQfVWhIWmF5MivwE=,cIvYYzjE+WxJVa90u11r7OpWGxg=
-3,-223,dCYQZ5PvjHuYQfVWhIWmF5MivwE=,cIvYYzjE+WxJVa90u11r7OpWGxg=
-5,-224,dCYQZ5PvjHuYQfVWhIWmF5MivwE=,cIvYYzjE+WxJVa90u11r7OpWGxg=
-7,-217,dCYQZ5PvjHuYQfVWhIWmF5MivwE=,cIvYYzjE+WxJVa90u11r7OpWGxg=
-4,-224,dCYQZ5PvjHuYQfVWhIWmF5MivwE=,cIvYYzjE+WxJVa90u11r7OpWGxg=
-6,-217,dCYQZ5PvjHuYQfVWhIWmF5MivwE=,cIvYYzjE+WxJVa90u11r7OpWGxg=
-5,-217,dCYQZ5PvjHuYQfVWhIWmF5MivwE=,cIvYYzjE+WxJVa90u11r7OpWGxg=
-1,-211,dCYQZ5PvjHuYQfVWhIWmF5MivwE=,NM9ueTgvyPJ2T9Sco4pX9nEMoVQ=
-1,-213,dCYQZ5PvjHuYQfVWhIWmF5MivwE=,NM9ueTgvyPJ2T9Sco4pX9nEMoVQ=
-2,-217,dCYQZ5PvjHuYQfVWhIWmF5MivwE=,cIvYYzjE+WxJVa90u11r7OpWGxg=
-3,-217,dCYQZ5PvjHuYQfVWhIWmF5MivwE=,cIvYYzjE+WxJVa90u11r7OpWGxg=
-4,-223,dCYQZ5PvjHuYQfVWhIWmF5MivwE=,cIvYYzjE+WxJVa90u11r7OpWGxg=
-5,-223,dCYQZ5PvjHuYQfVWhIWmF5MivwE=,cIvYYzjE+WxJVa90u11r7OpWGxg=
-6,-223,dCYQZ5PvjHuYQfVWhIWmF5MivwE=,cIvYYzjE+WxJVa90u11r7OpWGxg=
-2,-216,dCYQZ5PvjHuYQfVWhIWmF5MivwE=,NM9ueTgvyPJ2T9Sco4pX9nEMoVQ=
-1,-210,dCYQZ5PvjHuYQfVWhIWmF5MivwE=,NM9ueTgvyPJ2T9Sco4pX9nEMoVQ=
-2,-215,dCYQZ5PvjHuYQfVWhIWmF5MivwE=,NM9ueTgvyPJ2T9Sco4pX9nEMoVQ=
-7,-223,dCYQZ5PvjHuYQfVWhIWmF5MivwE=,cIvYYzjE+WxJVa90u11r7OpWGxg=
-4,-217,dCYQZ5PvjHuYQfVWhIWmF5MivwE=,cIvYYzjE+WxJVa90u11r7OpWGxg=
-8,-223,dCYQZ5PvjHuYQfVWhIWmF5MivwE=,cIvYYzjE+WxJVa90u11r7OpWGxg=
-1,-219,dCYQZ5PvjHuYQfVWhIWmF5MivwE=,cIvYYzjE+WxJVa90u11r7OpWGxg=
-1,-224,dCYQZ5PvjHuYQfVWhIWmF5MivwE=,cIvYYzjE+WxJVa90u11r7OpWGxg=
-2,-223,dCYQZ5PvjHuYQfVWhIWmF5MivwE=,cIvYYzjE+WxJVa90u11r7OpWGxg=
-1,-212,dCYQZ5PvjHuYQfVWhIWmF5MivwE=,NM9ueTgvyPJ2T9Sco4pX9nEMoVQ=
-1,-220,dCYQZ5PvjHuYQfVWhIWmF5MivwE=,cIvYYzjE+WxJVa90u11r7OpWGxg=
-3,-220,dCYQZ5PvjHuYQfVWhIWmF5MivwE=,cIvYYzjE+WxJVa90u11r7OpWGxg=
-1,-214,dCYQZ5PvjHuYQfVWhIWmF5MivwE=,NM9ueTgvyPJ2T9Sco4pX9nEMoVQ=
-1,-215,dCYQZ5PvjHuYQfVWhIWmF5MivwE=,NM9ueTgvyPJ2T9Sco4pX9nEMoVQ=
-1,-221,dCYQZ5PvjHuYQfVWhIWmF5MivwE=,cIvYYzjE+WxJVa90u11r7OpWGxg=
-2,-219,dCYQZ5PvjHuYQfVWhIWmF5MivwE=,cIvYYzjE+WxJVa90u11r7OpWGxg=
-1,-222,dCYQZ5PvjHuYQfVWhIWmF5MivwE=,cIvYYzjE+WxJVa90u11r7OpWGxg=
-2,-218,dCYQZ5PvjHuYQfVWhIWmF5MivwE=,cIvYYzjE+WxJVa90u11r7OpWGxg=
-1,-223,dCYQZ5PvjHuYQfVWhIWmF5MivwE=,cIvYYzjE+WxJVa90u11r7OpWGxg=
-1,-216,dCYQZ5PvjHuYQfVWhIWmF5MivwE=,NM9ueTgvyPJ2T9Sco4pX9nEMoVQ=
-2,-222,dCYQZ5PvjHuYQfVWhIWmF5MivwE=,cIvYYzjE+WxJVa90u11r7OpWGxg=
-2,-224,dCYQZ5PvjHuYQfVWhIWmF5MivwE=,cIvYYzjE+WxJVa90u11r7OpWGxg=
-3,-224,dCYQZ5PvjHuYQfVWhIWmF5MivwE=,cIvYYzjE+WxJVa90u11r7OpWGxg=
-1,-217,dCYQZ5PvjHuYQfVWhIWmF5MivwE=,cIvYYzjE+WxJVa90u11r7OpWGxg=
-1,-218,dCYQZ5PvjHuYQfVWhIWmF5MivwE=,cIvYYzjE+WxJVa90u11r7OpWGxg=
-2,-220,dCYQZ5PvjHuYQfVWhIWmF5MivwE=,cIvYYzjE+WxJVa90u11r7OpWGxg=
-2,-221,dCYQZ5PvjHuYQfVWhIWmF5MivwE=,cIvYYzjE+WxJVa90u11r7OpWGxg=
