54,-15,Qr0Zu7V/zVudPK2LToSjues/kHg=,fZP42wIj8JbTYFmwFIliJpIEjrg=
48,-13,Qr0Zu7V/zVudPK2LToSjues/kHg=,fZP42wIj8JbTYFmwFIliJpIEjrg=
51,-12,Qr0Zu7V/zVudPK2LToSjues/kHg=,fZP42wIj8JbTYFmwFIliJpIEjrg=
49,-13,Qr0Zu7V/zVudPK2LToSjues/kHg=,fZP42wIj8JbTYFmwFIliJpIEjrg=
50,-12,Qr0Zu7V/zVudPK2LToSjues/kHg=,fZP42wIj8JbTYFmwFIliJpIEjrg=
49,-12,Qr0Zu7V/zVudPK2LToSjues/kHg=,fZP42wIj8JbTYFmwFIliJpIEjrg=
55,-13,Qr0Zu7V/zVudPK2LToSjues/kHg=,fZP42wIj8JbTYFmwFIliJpIEjrg=
53,-15,Qr0Zu7V/zVudPK2LToSjues/kHg=,fZP42wIj8JbTYFmwFIliJpIEjrg=
52,-15,Qr0Zu7V/zVudPK2LToSjues/kHg=,fZP42wIj8JbTYFmwFIliJpIEjrg=
51,-16,Qr0Zu7V/zVudPK2LToSjues/kHg=,fZP42wIj8JbTYFmwFIliJpIEjrg=
49,-11,Qr0Zu7V/zVudPK2LToSjues/kHg=,fZP42wIj8JbTYFmwFIliJpIEjrg=
48,-12,Qr0Zu7V/zVudPK2LToSjues/kHg=,fZP42wIj8JbTYFmwFIliJpIEjrg=
55,-14,Qr0Zu7V/zVudPK2LToSjues/kHg=,fZP42wIj8JbTYFmwFIliJpIEjrg=
48,-10,Qr0Zu7V/zVudPK2LToSjues/kHg=,fZP42wIj8JbTYFmwFIliJpIEjrg=
55,-11,Qr0Zu7V/zVudPK2LToSjues/kHg=,fZP42wIj8JbTYFmwFIliJpIEjrg=
54,-11,Qr0Zu7V/zVudPK2LToSjues/kHg=,fZP42wIj8JbTYFmwFIliJpIEjrg=
51,-15,Qr0Zu7V/zVudPK2LToSjues/kHg=,fZP42wIj8JbTYFmwFIliJpIEjrg=
54,-14,Qr0Zu7V/zVudPK2LToSjues/kHg=,fZP42wIj8JbTYFmwFIliJpIEjrg=
50,-15,Qr0Zu7V/zVudPK2LToSjues/kHg=,fZP42wIj8JbTYFmwFIliJpIEjrg=
49,-15,Qr0Zu7V/zVudPK2LToSjues/kHg=,fZP42wIj8JbTYFmwFIliJpIEjrg=
54,-13,Qr0Zu7V/zVudPK2LToSjues/kHg=,fZP42wIj8JbTYFmwFIliJpIEjrg=
48,-11,Qr0Zu7V/zVudPK2LToSjues/kHg=,fZP42wIj8JbTYFmwFIliJpIEjrg=
48,-15,Qr0Zu7V/zVudPK2LToSjues/kHg=,fZP42wIj8JbTYFmwFIliJpIEjrg=
55,-16,Qr0Zu7V/zVudPK2LToSjues/kHg=,fZP42wIj8JbTYFmwFIliJpIEjrg=
53,-14,Qr0Zu7V/zVudPK2LToSjues/kHg=,fZP42wIj8JbTYFmwFIliJpIEjrg=
54,-16,Qr0Zu7V/zVudPK2LToSjues/kHg=,fZP42wIj8JbTYFmwFIliJpIEjrg=
55,-12,Qr0Zu7V/zVudPK2LToSjues/kHg=,fZP42wIj8JbTYFmwFIliJpIEjrg=
53,-16,Qr0Zu7V/zVudPK2LToSjues/kHg=,fZP42wIj8JbTYFmwFIliJpIEjrg=
53,-13,Qr0Zu7V/zVudPK2LToSjues/kHg=,fZP42wIj8JbTYFmwFIliJpIEjrg=
54,-12,Qr0Zu7V/zVudPK2LToSjues/kHg=,fZP42wIj8JbTYFmwFIliJpIEjrg=
52,-13,Qr0Zu7V/zVudPK2LToSjues/kHg=,fZP42wIj8JbTYFmwFIliJpIEjrg=
51,-13,Qr0Zu7V/zVudPK2LToSjues/kHg=,fZP42wIj8JbTYFmwFIliJpIEjrg=
52,-16,Qr0Zu7V/zVudPK2LToSjues/kHg=,fZP42wIj8JbTYFmwFIliJpIEjrg=
50,-16,Qr0Zu7V/zVudPK2LToSjues/kHg=,fZP42wIj8JbTYFmwFIliJpIEjrg=
50,-13,Qr0Zu7V/zVudPK2LToSjues/kHg=,fZP42wIj8JbTYFmwFIliJpIEjrg=
49,-16,Qr0Zu7V/zVudPK2LToSjues/kHg=,fZP42wIj8JbTYFmwFIliJpIEjrg=
52,-14,Qr0Zu7V/zVudPK2LToSjues/kHg=,fZP42wIj8JbTYFmwFIliJpIEjrg=
51,-14,Qr0Zu7V/zVudPK2LToSjues/kHg=,fZP42wIj8JbTYFmwFIliJpIEjrg=
55,-10,Qr0Zu7V/zVudPK2LToSjues/kHg=,fZP42wIj8JbTYFmwFIliJpIEjrg=
48,-16,Qr0Zu7V/zVudPK2LToSjues/kHg=,fZP42wIj8JbTYFmwFIliJpIEjrg=
50,-14,Qr0Zu7V/zVudPK2LToSjues/kHg=,fZP42wIj8JbTYFmwFIliJpIEjrg=
49,-14,Qr0Zu7V/zVudPK2LToSjues/kHg=,fZP42wIj8JbTYFmwFIliJpIEjrg=
48,-14,Qr0Zu7V/zVudPK2LToSjues/kHg=,fZP42wIj8JbTYFmwFIliJpIEjrg=
55,-15,Qr0Zu7V/zVudPK2LToSjues/kHg=,fZP42wIj8JbTYFmwFIliJpIEjrg=
54,-6,Qr0Zu7V/zVudPK2LToSjues/kHg=,xr1y1F/Kgh4m5dIYOXt42vlUPNA=
55,-6,Qr0Zu7V/zVudPK2LToSjues/kHg=,xr1y1F/Kgh4m5dIYOXt42vlUPNA=
48,-5,Qr0Zu7V/zVudPK2LToSjues/kHg=,xr1y1F/Kgh4m5dIYOXt42vlUPNA=
52,-5,Qr0Zu7V/zVudPK2LToSjues/kHg=,xr1y1F/Kgh4m5dIYOXt42vlUPNA=
53,-5,Qr0Zu7V/zVudPK2LToSjues/kHg=,xr1y1F/Kgh4m5dIYOXt42vlUPNA=
54,-5,Qr0Zu7V/zVudPK2LToSjues/kHg=,xr1y1F/Kgh4m5dIYOXt42vlUPNA=
55,-5,Qr0Zu7V/zVudPK2LToSjues/kHg=,xr1y1F/Kgh4m5dIYOXt42vlUPNA=
53,-4,Qr0Zu7V/zVudPK2LToSjues/kHg=,xr1y1F/Kgh4m5dIYOXt42vlUPNA=
52,-4,Qr0Zu7V/zVudPK2LToSjues/kHg=,xr1y1F/Kgh4m5dIYOXt42vlUPNA=
54,-4,Qr0Zu7V/zVudPK2LToSjues/kHg=,xr1y1F/Kgh4m5dIYOXt42vlUPNA=
55,-4,Qr0Zu7V/zVudPK2LToSjues/kHg=,xr1y1F/Kgh4m5dIYOXt42vlUPNA=
48,-9,Qr0Zu7V/zVudPK2LToSjues/kHg=,fZP42wIj8JbTYFmwFIliJpIEjrg=
51,-3,Qr0Zu7V/zVudPK2LToSjues/kHg=,xr1y1F/Kgh4m5dIYOXt42vlUPNA=
50,-3,Qr0Zu7V/zVudPK2LToSjues/kHg=,xr1y1F/Kgh4m5dIYOXt42vlUPNA=
52,-3,Qr0Zu7V/zVudPK2LToSjues/kHg=,xr1y1F/Kgh4m5dIYOXt42vlUPNA=
53,-3,Qr0Zu7V/zVudPK2LToSjues/kHg=,xr1y1F/Kgh4m5dIYOXt42vlUPNA=
55,-3,Qr0Zu7V/zVudPK2LToSjues/kHg=,xr1y1F/Kgh4m5dIYOXt42vlUPNA=
54,-3,Qr0Zu7V/zVudPK2LToSjues/kHg=,xr1y1F/Kgh4m5dIYOXt42vlUPNA=
50,-2,Qr0Zu7V/zVudPK2LToSjues/kHg=,xr1y1F/Kgh4m5dIYOXt42vlUPNA=
51,-2,Qr0Zu7V/zVudPK2LToSjues/kHg=,xr1y1F/Kgh4m5dIYOXt42vlUPNA=
52,-2,Qr0Zu7V/zVudPK2LToSjues/kHg=,xr1y1F/Kgh4m5dIYOXt42vlUPNA=
53,-2,Qr0Zu7V/zVudPK2LToSjues/kHg=,xr1y1F/Kgh4m5dIYOXt42vlUPNA=
54,-2,Qr0Zu7V/zVudPK2LToSjues/kHg=,xr1y1F/Kgh4m5dIYOXt42vlUPNA=
50,-1,Qr0Zu7V/zVudPK2LToSjues/kHg=,xr1y1F/Kgh4m5dIYOXt42vlUPNA=
55,-2,Qr0Zu7V/zVudPK2LToSjues/kHg=,xr1y1F/Kgh4m5dIYOXt42vlUPNA=
51,-1,Qr0Zu7V/zVudPK2LToSjues/kHg=,xr1y1F/Kgh4m5dIYOXt42vlUPNA=
53,-1,Qr0Zu7V/zVudPK2LToSjues/kHg=,xr1y1F/Kgh4m5dIYOXt42vlUPNA=
52,-1,Qr0Zu7V/zVudPK2LToSjues/kHg=,xr1y1F/Kgh4m5dIYOXt42vlUPNA=
54,-1,Qr0Zu7V/zVudPK2LToSjues/kHg=,xr1y1F/Kgh4m5dIYOXt42vlUPNA=
50,-7,Qr0Zu7V/zVudPK2LToSjues/kHg=,xr1y1F/Kgh4m5dIYOXt42vlUPNA=
54,-7,Qr0Zu7V/zVudPK2LToSjues/kHg=,xr1y1F/Kgh4m5dIYOXt42vlUPNA=
55,-9,Qr0Zu7V/zVudPK2LToSjues/kHg=,fZP42wIj8JbTYFmwFIliJpIEjrg=
55,-8,Qr0Zu7V/zVudPK2LToSjues/kHg=,xr1y1F/Kgh4m5dIYOXt42vlUPNA=
55,-7,Qr0Zu7V/zVudPK2LToSjues/kHg=,xr1y1F/Kgh4m5dIYOXt42vlUPNA=
55,-1,Qr0Zu7V/zVudPK2LToSjues/kHg=,xr1y1F/Kgh4m5dIYOXt42vlUPNA=
54,-8,Qr0Zu7V/zVudPK2LToSjues/kHg=,xr1y1F/Kgh4m5dIYOXt42vlUPNA=
54,-9,Qr0Zu7V/zVudPK2LToSjues/kHg=,fZP42wIj8JbTYFmwFIliJpIEjrg=
50,-11,Qr0Zu7V/zVudPK2LToSjues/kHg=,fZP42wIj8JbTYFmwFIliJpIEjrg=
49,-10,Qr0Zu7V/zVudPK2LToSjues/kHg=,fZP42wIj8JbTYFmwFIliJpIEjrg=
52,-12,Qr0Zu7V/zVudPK2LToSjues/kHg=,fZP42wIj8JbTYFmwFIliJpIEjrg=
53,-12,Qr0Zu7V/zVudPK2LToSjues/kHg=,fZP42wIj8JbTYFmwFIliJpIEjrg=
54,-10,Qr0Zu7V/zVudPK2LToSjues/kHg=,fZP42wIj8JbTYFmwFIliJpIEjrg=
51,-11,Qr0Zu7V/zVudPK2LToSjues/kHg=,fZP42wIj8JbTYFmwFIliJpIEjrg=
49,-6,Qr0Zu7V/zVudPK2LToSjues/kHg=,xr1y1F/Kgh4m5dIYOXt42vlUPNA=
53,-11,Qr0Zu7V/zVudPK2LToSjues/kHg=,fZP42wIj8JbTYFmwFIliJpIEjrg=
52,-11,Qr0Zu7V/zVudPK2LToSjues/kHg=,fZP42wIj8JbTYFmwFIliJpIEjrg=
48,-6,Qr0Zu7V/zVudPK2LToSjues/kHg=,xr1y1F/Kgh4m5dIYOXt42vlUPNA=
50,-10,Qr0Zu7V/zVudPK2LToSjues/kHg=,fZP42wIj8JbTYFmwFIliJpIEjrg=
52,-10,Qr0Zu7V/zVudPK2LToSjues/kHg=,fZP42wIj8JbTYFmwFIliJpIEjrg=
53,-9,Qr0Zu7V/zVudPK2LToSjues/kHg=,fZP42wIj8JbTYFmwFIliJpIEjrg=
53,-10,Qr0Zu7V/zVudPK2LToSjues/kHg=,fZP42wIj8JbTYFmwFIliJpIEjrg=
53,-6,Qr0Zu7V/zVudPK2LToSjues/kHg=,xr1y1F/Kgh4m5dIYOXt42vlUPNA=
50,-6,Qr0Zu7V/zVudPK2LToSjues/kHg=,xr1y1F/Kgh4m5dIYOXt42vlUPNA=
51,-4,Qr0Zu7V/zVudPK2LToSjues/kHg=,xr1y1F/Kgh4m5dIYOXt42vlUPNA=
49,-5,Qr0Zu7V/zVudPK2LToSjues/kHg=,xr1y1F/Kgh4m5dIYOXt42vlUPNA=
48,-8,Qr0Zu7V/zVudPK2LToSjues/kHg=,xr1y1F/Kgh4m5dIYOXt42vlUPNA=
51,-10,Qr0Zu7V/zVudPK2LToSjues/kHg=,fZP42wIj8JbTYFmwFIliJpIEjrg=
52,-6,Qr0Zu7V/zVudPK2LToSjues/kHg=,xr1y1F/Kgh4m5dIYOXt42vlUPNA=
53,-8,Qr0Zu7V/zVudPK2LToSjues/kHg=,xr1y1F/Kgh4m5dIYOXt42vlUPNA=
49,-3,Qr0Zu7V/zVudPK2LToSjues/kHg=,xr1y1F/Kgh4m5dIYOXt42vlUPNA=
52,-9,Qr0Zu7V/zVudPK2LToSjues/kHg=,fZP42wIj8JbTYFmwFIliJpIEjrg=
50,-8,Qr0Zu7V/zVudPK2LToSjues/kHg=,xr1y1F/Kgh4m5dIYOXt42vlUPNA=
51,-6,Qr0Zu7V/zVudPK2LToSjues/kHg=,xr1y1F/Kgh4m5dIYOXt42vlUPNA=
50,-5,Qr0Zu7V/zVudPK2LToSjues/kHg=,xr1y1F/Kgh4m5dIYOXt42vlUPNA=
49,-2,Qr0Zu7V/zVudPK2LToSjues/kHg=,xr1y1F/Kgh4m5dIYOXt42vlUPNA=
53,-7,Qr0Zu7V/zVudPK2LToSjues/kHg=,xr1y1F/Kgh4m5dIYOXt42vlUPNA=
48,-4,Qr0Zu7V/zVudPK2LToSjues/kHg=,xr1y1F/Kgh4m5dIYOXt42vlUPNA=
51,-5,Qr0Zu7V/zVudPK2LToSjues/kHg=,xr1y1F/Kgh4m5dIYOXt42vlUPNA=
49,-9,Qr0Zu7V/zVudPK2LToSjues/kHg=,fZP42wIj8JbTYFmwFIliJpIEjrg=
49,-8,Qr0Zu7V/zVudPK2LToSjues/kHg=,xr1y1F/Kgh4m5dIYOXt42vlUPNA=
49,-4,Qr0Zu7V/zVudPK2LToSjues/kHg=,xr1y1F/Kgh4m5dIYOXt42vlUPNA=
49,-1,Qr0Zu7V/zVudPK2LToSjues/kHg=,xr1y1F/Kgh4m5dIYOXt42vlUPNA=
50,-9,Qr0Zu7V/zVudPK2LToSjues/kHg=,fZP42wIj8JbTYFmwFIliJpIEjrg=
49,-7,Qr0Zu7V/zVudPK2LToSjues/kHg=,xr1y1F/Kgh4m5dIYOXt42vlUPNA=
51,-9,Qr0Zu7V/zVudPK2LToSjues/kHg=,fZP42wIj8JbTYFmwFIliJpIEjrg=
51,-8,Qr0Zu7V/zVudPK2LToSjues/kHg=,xr1y1F/Kgh4m5dIYOXt42vlUPNA=
50,-4,Qr0Zu7V/zVudPK2LToSjues/kHg=,xr1y1F/Kgh4m5dIYOXt42vlUPNA=
48,-1,Qr0Zu7V/zVudPK2LToSjues/kHg=,xr1y1F/Kgh4m5dIYOXt42vlUPNA=
48,-7,Qr0Zu7V/zVudPK2LToSjues/kHg=,xr1y1F/Kgh4m5dIYOXt42vlUPNA=
48,-3,Qr0Zu7V/zVudPK2LToSjues/kHg=,xr1y1F/Kgh4m5dIYOXt42vlUPNA=
52,-8,Qr0Zu7V/zVudPK2LToSjues/kHg=,xr1y1F/Kgh4m5dIYOXt42vlUPNA=
51,-7,Qr0Zu7V/zVudPK2LToSjues/kHg=,xr1y1F/Kgh4m5dIYOXt42vlUPNA=
48,-2,Qr0Zu7V/zVudPK2LToSjues/kHg=,xr1y1F/Kgh4m5dIYOXt42vlUPNA=
52,-7,Qr0Zu7V/zVudPK2LToSjues/kHg=,xr1y1F/Kgh4m5dIYOXt42vlUPNA=
42,-28,LIqslk0MW8U+9ybbwbQfsdl6VZY=,RhM9U75fUi6NRmYXCDw8+QGA9x4=
43,-25,LIqslk0MW8U+9ybbwbQfsdl6VZY=,RhM9U75fUi6NRmYXCDw8+QGA9x4=
43,-26,LIqslk0MW8U+9ybbwbQfsdl6VZY=,RhM9U75fUi6NRmYXCDw8+QGA9x4=
42,-26,LIqslk0MW8U+9ybbwbQfsdl6VZY=,RhM9U75fUi6NRmYXCDw8+QGA9x4=
41,-27,LIqslk0MW8U+9ybbwbQfsdl6VZY=,RhM9U75fUi6NRmYXCDw8+QGA9x4=
41,-28,LIqslk0MW8U+9ybbwbQfsdl6VZY=,RhM9U75fUi6NRmYXCDw8+QGA9x4=
41,-26,LIqslk0MW8U+9ybbwbQfsdl6VZY=,RhM9U75fUi6NRmYXCDw8+QGA9x4=
42,-25,LIqslk0MW8U+9ybbwbQfsdl6VZY=,RhM9U75fUi6NRmYXCDw8+QGA9x4=
41,-25,LIqslk0MW8U+9ybbwbQfsdl6VZY=,RhM9U75fUi6NRmYXCDw8+QGA9x4=
46,-30,LIqslk0MW8U+9ybbwbQfsdl6VZY=,RhM9U75fUi6NRmYXCDw8+QGA9x4=
45,-30,LIqslk0MW8U+9ybbwbQfsdl6VZY=,RhM9U75fUi6NRmYXCDw8+QGA9x4=
44,-30,LIqslk0MW8U+9ybbwbQfsdl6VZY=,RhM9U75fUi6NRmYXCDw8+QGA9x4=
43,-30,LIqslk0MW8U+9ybbwbQfsdl6VZY=,RhM9U75fUi6NRmYXCDw8+QGA9x4=
42,-30,LIqslk0MW8U+9ybbwbQfsdl6VZY=,RhM9U75fUi6NRmYXCDw8+QGA9x4=
46,-29,LIqslk0MW8U+9ybbwbQfsdl6VZY=,RhM9U75fUi6NRmYXCDw8+QGA9x4=
46,-31,LIqslk0MW8U+9ybbwbQfsdl6VZY=,RhM9U75fUi6NRmYXCDw8+QGA9x4=
45,-31,LIqslk0MW8U+9ybbwbQfsdl6VZY=,RhM9U75fUi6NRmYXCDw8+QGA9x4=
44,-31,LIqslk0MW8U+9ybbwbQfsdl6VZY=,RhM9U75fUi6NRmYXCDw8+QGA9x4=
43,-31,LIqslk0MW8U+9ybbwbQfsdl6VZY=,RhM9U75fUi6NRmYXCDw8+QGA9x4=
42,-31,LIqslk0MW8U+9ybbwbQfsdl6VZY=,RhM9U75fUi6NRmYXCDw8+QGA9x4=
45,-29,LIqslk0MW8U+9ybbwbQfsdl6VZY=,RhM9U75fUi6NRmYXCDw8+QGA9x4=
46,-27,LIqslk0MW8U+9ybbwbQfsdl6VZY=,RhM9U75fUi6NRmYXCDw8+QGA9x4=
44,-29,LIqslk0MW8U+9ybbwbQfsdl6VZY=,RhM9U75fUi6NRmYXCDw8+QGA9x4=
45,-27,LIqslk0MW8U+9ybbwbQfsdl6VZY=,RhM9U75fUi6NRmYXCDw8+QGA9x4=
44,-27,LIqslk0MW8U+9ybbwbQfsdl6VZY=,RhM9U75fUi6NRmYXCDw8+QGA9x4=
41,-30,LIqslk0MW8U+9ybbwbQfsdl6VZY=,RhM9U75fUi6NRmYXCDw8+QGA9x4=
43,-29,LIqslk0MW8U+9ybbwbQfsdl6VZY=,RhM9U75fUi6NRmYXCDw8+QGA9x4=
42,-29,LIqslk0MW8U+9ybbwbQfsdl6VZY=,RhM9U75fUi6NRmYXCDw8+QGA9x4=
46,-28,LIqslk0MW8U+9ybbwbQfsdl6VZY=,RhM9U75fUi6NRmYXCDw8+QGA9x4=
41,-31,LIqslk0MW8U+9ybbwbQfsdl6VZY=,RhM9U75fUi6NRmYXCDw8+QGA9x4=
43,-27,LIqslk0MW8U+9ybbwbQfsdl6VZY=,RhM9U75fUi6NRmYXCDw8+QGA9x4=
46,-26,LIqslk0MW8U+9ybbwbQfsdl6VZY=,RhM9U75fUi6NRmYXCDw8+QGA9x4=
45,-26,LIqslk0MW8U+9ybbwbQfsdl6VZY=,RhM9U75fUi6NRmYXCDw8+QGA9x4=
44,-26,LIqslk0MW8U+9ybbwbQfsdl6VZY=,RhM9U75fUi6NRmYXCDw8+QGA9x4=
42,-27,LIqslk0MW8U+9ybbwbQfsdl6VZY=,RhM9U75fUi6NRmYXCDw8+QGA9x4=
46,-25,LIqslk0MW8U+9ybbwbQfsdl6VZY=,RhM9U75fUi6NRmYXCDw8+QGA9x4=
45,-25,LIqslk0MW8U+9ybbwbQfsdl6VZY=,RhM9U75fUi6NRmYXCDw8+QGA9x4=
41,-29,LIqslk0MW8U+9ybbwbQfsdl6VZY=,RhM9U75fUi6NRmYXCDw8+QGA9x4=
45,-28,LIqslk0MW8U+9ybbwbQfsdl6VZY=,RhM9U75fUi6NRmYXCDw8+QGA9x4=
44,-28,LIqslk0MW8U+9ybbwbQfsdl6VZY=,RhM9U75fUi6NRmYXCDw8+QGA9x4=
44,-25,LIqslk0MW8U+9ybbwbQfsdl6VZY=,RhM9U75fUi6NRmYXCDw8+QGA9x4=
43,-28,LIqslk0MW8U+9ybbwbQfsdl6VZY=,RhM9U75fUi6NRmYXCDw8+QGA9x4=
42,-32,LIqslk0MW8U+9ybbwbQfsdl6VZY=,RhM9U75fUi6NRmYXCDw8+QGA9x4=
44,-32,LIqslk0MW8U+9ybbwbQfsdl6VZY=,RhM9U75fUi6NRmYXCDw8+QGA9x4=
46,-32,LIqslk0MW8U+9ybbwbQfsdl6VZY=,RhM9U75fUi6NRmYXCDw8+QGA9x4=
41,-32,LIqslk0MW8U+9ybbwbQfsdl6VZY=,RhM9U75fUi6NRmYXCDw8+QGA9x4=
43,-32,LIqslk0MW8U+9ybbwbQfsdl6VZY=,RhM9U75fUi6NRmYXCDw8+QGA9x4=
45,-32,LIqslk0MW8U+9ybbwbQfsdl6VZY=,RhM9U75fUi6NRmYXCDw8+QGA9x4=
32,-21,LIqslk0MW8U+9ybbwbQfsdl6VZY=,KHfzzgpJ1QiyJIHpyODu/t0HjwM=
36,-21,LIqslk0MW8U+9ybbwbQfsdl6VZY=,KHfzzgpJ1QiyJIHpyODu/t0HjwM=
37,-21,LIqslk0MW8U+9ybbwbQfsdl6VZY=,KHfzzgpJ1QiyJIHpyODu/t0HjwM=
38,-21,LIqslk0MW8U+9ybbwbQfsdl6VZY=,KHfzzgpJ1QiyJIHpyODu/t0HjwM=
39,-21,LIqslk0MW8U+9ybbwbQfsdl6VZY=,KHfzzgpJ1QiyJIHpyODu/t0HjwM=
32,-20,LIqslk0MW8U+9ybbwbQfsdl6VZY=,KHfzzgpJ1QiyJIHpyODu/t0HjwM=
33,-20,LIqslk0MW8U+9ybbwbQfsdl6VZY=,KHfzzgpJ1QiyJIHpyODu/t0HjwM=
32,-23,LIqslk0MW8U+9ybbwbQfsdl6VZY=,KHfzzgpJ1QiyJIHpyODu/t0HjwM=
33,-23,LIqslk0MW8U+9ybbwbQfsdl6VZY=,KHfzzgpJ1QiyJIHpyODu/t0HjwM=
34,-23,LIqslk0MW8U+9ybbwbQfsdl6VZY=,KHfzzgpJ1QiyJIHpyODu/t0HjwM=
36,-20,LIqslk0MW8U+9ybbwbQfsdl6VZY=,KHfzzgpJ1QiyJIHpyODu/t0HjwM=
36,-23,LIqslk0MW8U+9ybbwbQfsdl6VZY=,KHfzzgpJ1QiyJIHpyODu/t0HjwM=
37,-20,LIqslk0MW8U+9ybbwbQfsdl6VZY=,KHfzzgpJ1QiyJIHpyODu/t0HjwM=
37,-23,LIqslk0MW8U+9ybbwbQfsdl6VZY=,KHfzzgpJ1QiyJIHpyODu/t0HjwM=
38,-23,LIqslk0MW8U+9ybbwbQfsdl6VZY=,KHfzzgpJ1QiyJIHpyODu/t0HjwM=
39,-23,LIqslk0MW8U+9ybbwbQfsdl6VZY=,KHfzzgpJ1QiyJIHpyODu/t0HjwM=
32,-22,LIqslk0MW8U+9ybbwbQfsdl6VZY=,KHfzzgpJ1QiyJIHpyODu/t0HjwM=
33,-22,LIqslk0MW8U+9ybbwbQfsdl6VZY=,KHfzzgpJ1QiyJIHpyODu/t0HjwM=
38,-20,LIqslk0MW8U+9ybbwbQfsdl6VZY=,KHfzzgpJ1QiyJIHpyODu/t0HjwM=
39,-20,LIqslk0MW8U+9ybbwbQfsdl6VZY=,KHfzzgpJ1QiyJIHpyODu/t0HjwM=
32,-19,LIqslk0MW8U+9ybbwbQfsdl6VZY=,KHfzzgpJ1QiyJIHpyODu/t0HjwM=
33,-19,LIqslk0MW8U+9ybbwbQfsdl6VZY=,KHfzzgpJ1QiyJIHpyODu/t0HjwM=
38,-19,LIqslk0MW8U+9ybbwbQfsdl6VZY=,KHfzzgpJ1QiyJIHpyODu/t0HjwM=
37,-19,LIqslk0MW8U+9ybbwbQfsdl6VZY=,KHfzzgpJ1QiyJIHpyODu/t0HjwM=
37,-22,LIqslk0MW8U+9ybbwbQfsdl6VZY=,KHfzzgpJ1QiyJIHpyODu/t0HjwM=
39,-19,LIqslk0MW8U+9ybbwbQfsdl6VZY=,KHfzzgpJ1QiyJIHpyODu/t0HjwM=
32,-18,LIqslk0MW8U+9ybbwbQfsdl6VZY=,KHfzzgpJ1QiyJIHpyODu/t0HjwM=
33,-18,LIqslk0MW8U+9ybbwbQfsdl6VZY=,KHfzzgpJ1QiyJIHpyODu/t0HjwM=
34,-18,LIqslk0MW8U+9ybbwbQfsdl6VZY=,KHfzzgpJ1QiyJIHpyODu/t0HjwM=
38,-22,LIqslk0MW8U+9ybbwbQfsdl6VZY=,KHfzzgpJ1QiyJIHpyODu/t0HjwM=
37,-18,LIqslk0MW8U+9ybbwbQfsdl6VZY=,KHfzzgpJ1QiyJIHpyODu/t0HjwM=
38,-18,LIqslk0MW8U+9ybbwbQfsdl6VZY=,KHfzzgpJ1QiyJIHpyODu/t0HjwM=
39,-22,LIqslk0MW8U+9ybbwbQfsdl6VZY=,KHfzzgpJ1QiyJIHpyODu/t0HjwM=
47,-28,LIqslk0MW8U+9ybbwbQfsdl6VZY=,RhM9U75fUi6NRmYXCDw8+QGA9x4=
39,-18,LIqslk0MW8U+9ybbwbQfsdl6VZY=,KHfzzgpJ1QiyJIHpyODu/t0HjwM=
47,-26,LIqslk0MW8U+9ybbwbQfsdl6VZY=,RhM9U75fUi6NRmYXCDw8+QGA9x4=
47,-31,LIqslk0MW8U+9ybbwbQfsdl6VZY=,RhM9U75fUi6NRmYXCDw8+QGA9x4=
47,-27,LIqslk0MW8U+9ybbwbQfsdl6VZY=,RhM9U75fUi6NRmYXCDw8+QGA9x4=
47,-29,LIqslk0MW8U+9ybbwbQfsdl6VZY=,RhM9U75fUi6NRmYXCDw8+QGA9x4=
47,-30,LIqslk0MW8U+9ybbwbQfsdl6VZY=,RhM9U75fUi6NRmYXCDw8+QGA9x4=
47,-32,LIqslk0MW8U+9ybbwbQfsdl6VZY=,RhM9U75fUi6NRmYXCDw8+QGA9x4=
47,-25,LIqslk0MW8U+9ybbwbQfsdl6VZY=,RhM9U75fUi6NRmYXCDw8+QGA9x4=
32,-17,LIqslk0MW8U+9ybbwbQfsdl6VZY=,KHfzzgpJ1QiyJIHpyODu/t0HjwM=
36,-17,LIqslk0MW8U+9ybbwbQfsdl6VZY=,KHfzzgpJ1QiyJIHpyODu/t0HjwM=
37,-17,LIqslk0MW8U+9ybbwbQfsdl6VZY=,KHfzzgpJ1QiyJIHpyODu/t0HjwM=
38,-17,LIqslk0MW8U+9ybbwbQfsdl6VZY=,KHfzzgpJ1QiyJIHpyODu/t0HjwM=
39,-17,LIqslk0MW8U+9ybbwbQfsdl6VZY=,KHfzzgpJ1QiyJIHpyODu/t0HjwM=
35,-17,LIqslk0MW8U+9ybbwbQfsdl6VZY=,KHfzzgpJ1QiyJIHpyODu/t0HjwM=
35,-20,LIqslk0MW8U+9ybbwbQfsdl6VZY=,KHfzzgpJ1QiyJIHpyODu/t0HjwM=
35,-18,LIqslk0MW8U+9ybbwbQfsdl6VZY=,KHfzzgpJ1QiyJIHpyODu/t0HjwM=
33,-17,LIqslk0MW8U+9ybbwbQfsdl6VZY=,KHfzzgpJ1QiyJIHpyODu/t0HjwM=
36,-18,LIqslk0MW8U+9ybbwbQfsdl6VZY=,KHfzzgpJ1QiyJIHpyODu/t0HjwM=
34,-20,LIqslk0MW8U+9ybbwbQfsdl6VZY=,KHfzzgpJ1QiyJIHpyODu/t0HjwM=
34,-17,LIqslk0MW8U+9ybbwbQfsdl6VZY=,KHfzzgpJ1QiyJIHpyODu/t0HjwM=
35,-19,LIqslk0MW8U+9ybbwbQfsdl6VZY=,KHfzzgpJ1QiyJIHpyODu/t0HjwM=
36,-19,LIqslk0MW8U+9ybbwbQfsdl6VZY=,KHfzzgpJ1QiyJIHpyODu/t0HjwM=
32,-26,LIqslk0MW8U+9ybbwbQfsdl6VZY=,Ke92AVVeKGTQUDFUJmR+1r1nQj8=
36,-27,LIqslk0MW8U+9ybbwbQfsdl6VZY=,Ke92AVVeKGTQUDFUJmR+1r1nQj8=
33,-27,LIqslk0MW8U+9ybbwbQfsdl6VZY=,Ke92AVVeKGTQUDFUJmR+1r1nQj8=
33,-26,LIqslk0MW8U+9ybbwbQfsdl6VZY=,Ke92AVVeKGTQUDFUJmR+1r1nQj8=
34,-27,LIqslk0MW8U+9ybbwbQfsdl6VZY=,Ke92AVVeKGTQUDFUJmR+1r1nQj8=
34,-26,LIqslk0MW8U+9ybbwbQfsdl6VZY=,Ke92AVVeKGTQUDFUJmR+1r1nQj8=
32,-27,LIqslk0MW8U+9ybbwbQfsdl6VZY=,Ke92AVVeKGTQUDFUJmR+1r1nQj8=
38,-28,LIqslk0MW8U+9ybbwbQfsdl6VZY=,Ke92AVVeKGTQUDFUJmR+1r1nQj8=
35,-26,LIqslk0MW8U+9ybbwbQfsdl6VZY=,Ke92AVVeKGTQUDFUJmR+1r1nQj8=
35,-27,LIqslk0MW8U+9ybbwbQfsdl6VZY=,Ke92AVVeKGTQUDFUJmR+1r1nQj8=
35,-28,LIqslk0MW8U+9ybbwbQfsdl6VZY=,Ke92AVVeKGTQUDFUJmR+1r1nQj8=
36,-26,LIqslk0MW8U+9ybbwbQfsdl6VZY=,Ke92AVVeKGTQUDFUJmR+1r1nQj8=
37,-28,LIqslk0MW8U+9ybbwbQfsdl6VZY=,Ke92AVVeKGTQUDFUJmR+1r1nQj8=
36,-28,LIqslk0MW8U+9ybbwbQfsdl6VZY=,Ke92AVVeKGTQUDFUJmR+1r1nQj8=
40,-26,LIqslk0MW8U+9ybbwbQfsdl6VZY=,RhM9U75fUi6NRmYXCDw8+QGA9x4=
40,-25,LIqslk0MW8U+9ybbwbQfsdl6VZY=,RhM9U75fUi6NRmYXCDw8+QGA9x4=
34,-28,LIqslk0MW8U+9ybbwbQfsdl6VZY=,Ke92AVVeKGTQUDFUJmR+1r1nQj8=
32,-28,LIqslk0MW8U+9ybbwbQfsdl6VZY=,Ke92AVVeKGTQUDFUJmR+1r1nQj8=
32,-32,LIqslk0MW8U+9ybbwbQfsdl6VZY=,Ke92AVVeKGTQUDFUJmR+1r1nQj8=
33,-28,LIqslk0MW8U+9ybbwbQfsdl6VZY=,Ke92AVVeKGTQUDFUJmR+1r1nQj8=
38,-29,LIqslk0MW8U+9ybbwbQfsdl6VZY=,Ke92AVVeKGTQUDFUJmR+1r1nQj8=
37,-29,LIqslk0MW8U+9ybbwbQfsdl6VZY=,Ke92AVVeKGTQUDFUJmR+1r1nQj8=
36,-29,LIqslk0MW8U+9ybbwbQfsdl6VZY=,Ke92AVVeKGTQUDFUJmR+1r1nQj8=
34,-29,LIqslk0MW8U+9ybbwbQfsdl6VZY=,Ke92AVVeKGTQUDFUJmR+1r1nQj8=
35,-29,LIqslk0MW8U+9ybbwbQfsdl6VZY=,Ke92AVVeKGTQUDFUJmR+1r1nQj8=
32,-25,LIqslk0MW8U+9ybbwbQfsdl6VZY=,Ke92AVVeKGTQUDFUJmR+1r1nQj8=
38,-30,LIqslk0MW8U+9ybbwbQfsdl6VZY=,Ke92AVVeKGTQUDFUJmR+1r1nQj8=
37,-30,LIqslk0MW8U+9ybbwbQfsdl6VZY=,Ke92AVVeKGTQUDFUJmR+1r1nQj8=
33,-25,LIqslk0MW8U+9ybbwbQfsdl6VZY=,Ke92AVVeKGTQUDFUJmR+1r1nQj8=
39,-24,LIqslk0MW8U+9ybbwbQfsdl6VZY=,KHfzzgpJ1QiyJIHpyODu/t0HjwM=
38,-24,LIqslk0MW8U+9ybbwbQfsdl6VZY=,KHfzzgpJ1QiyJIHpyODu/t0HjwM=
35,-30,LIqslk0MW8U+9ybbwbQfsdl6VZY=,Ke92AVVeKGTQUDFUJmR+1r1nQj8=
36,-30,LIqslk0MW8U+9ybbwbQfsdl6VZY=,Ke92AVVeKGTQUDFUJmR+1r1nQj8=
34,-24,LIqslk0MW8U+9ybbwbQfsdl6VZY=,KHfzzgpJ1QiyJIHpyODu/t0HjwM=
35,-24,LIqslk0MW8U+9ybbwbQfsdl6VZY=,KHfzzgpJ1QiyJIHpyODu/t0HjwM=
39,-25,LIqslk0MW8U+9ybbwbQfsdl6VZY=,Ke92AVVeKGTQUDFUJmR+1r1nQj8=
34,-30,LIqslk0MW8U+9ybbwbQfsdl6VZY=,Ke92AVVeKGTQUDFUJmR+1r1nQj8=
33,-24,LIqslk0MW8U+9ybbwbQfsdl6VZY=,KHfzzgpJ1QiyJIHpyODu/t0HjwM=
40,-32,LIqslk0MW8U+9ybbwbQfsdl6VZY=,RhM9U75fUi6NRmYXCDw8+QGA9x4=
32,-24,LIqslk0MW8U+9ybbwbQfsdl6VZY=,KHfzzgpJ1QiyJIHpyODu/t0HjwM=
36,-31,LIqslk0MW8U+9ybbwbQfsdl6VZY=,Ke92AVVeKGTQUDFUJmR+1r1nQj8=
34,-25,LIqslk0MW8U+9ybbwbQfsdl6VZY=,Ke92AVVeKGTQUDFUJmR+1r1nQj8=
36,-25,LIqslk0MW8U+9ybbwbQfsdl6VZY=,Ke92AVVeKGTQUDFUJmR+1r1nQj8=
35,-25,LIqslk0MW8U+9ybbwbQfsdl6VZY=,Ke92AVVeKGTQUDFUJmR+1r1nQj8=
40,-31,LIqslk0MW8U+9ybbwbQfsdl6VZY=,RhM9U75fUi6NRmYXCDw8+QGA9x4=
34,-19,LIqslk0MW8U+9ybbwbQfsdl6VZY=,KHfzzgpJ1QiyJIHpyODu/t0HjwM=
40,-30,LIqslk0MW8U+9ybbwbQfsdl6VZY=,RhM9U75fUi6NRmYXCDw8+QGA9x4=
39,-32,LIqslk0MW8U+9ybbwbQfsdl6VZY=,Ke92AVVeKGTQUDFUJmR+1r1nQj8=
33,-21,LIqslk0MW8U+9ybbwbQfsdl6VZY=,KHfzzgpJ1QiyJIHpyODu/t0HjwM=
38,-31,LIqslk0MW8U+9ybbwbQfsdl6VZY=,Ke92AVVeKGTQUDFUJmR+1r1nQj8=
36,-22,LIqslk0MW8U+9ybbwbQfsdl6VZY=,KHfzzgpJ1QiyJIHpyODu/t0HjwM=
40,-29,LIqslk0MW8U+9ybbwbQfsdl6VZY=,RhM9U75fUi6NRmYXCDw8+QGA9x4=
40,-27,LIqslk0MW8U+9ybbwbQfsdl6VZY=,RhM9U75fUi6NRmYXCDw8+QGA9x4=
38,-32,LIqslk0MW8U+9ybbwbQfsdl6VZY=,Ke92AVVeKGTQUDFUJmR+1r1nQj8=
35,-23,LIqslk0MW8U+9ybbwbQfsdl6VZY=,KHfzzgpJ1QiyJIHpyODu/t0HjwM=
38,-27,LIqslk0MW8U+9ybbwbQfsdl6VZY=,Ke92AVVeKGTQUDFUJmR+1r1nQj8=
36,-32,LIqslk0MW8U+9ybbwbQfsdl6VZY=,Ke92AVVeKGTQUDFUJmR+1r1nQj8=
37,-31,LIqslk0MW8U+9ybbwbQfsdl6VZY=,Ke92AVVeKGTQUDFUJmR+1r1nQj8=
39,-31,LIqslk0MW8U+9ybbwbQfsdl6VZY=,Ke92AVVeKGTQUDFUJmR+1r1nQj8=
35,-21,LIqslk0MW8U+9ybbwbQfsdl6VZY=,KHfzzgpJ1QiyJIHpyODu/t0HjwM=
40,-28,LIqslk0MW8U+9ybbwbQfsdl6VZY=,RhM9U75fUi6NRmYXCDw8+QGA9x4=
39,-26,LIqslk0MW8U+9ybbwbQfsdl6VZY=,Ke92AVVeKGTQUDFUJmR+1r1nQj8=
34,-22,LIqslk0MW8U+9ybbwbQfsdl6VZY=,KHfzzgpJ1QiyJIHpyODu/t0HjwM=
39,-28,LIqslk0MW8U+9ybbwbQfsdl6VZY=,Ke92AVVeKGTQUDFUJmR+1r1nQj8=
37,-25,LIqslk0MW8U+9ybbwbQfsdl6VZY=,Ke92AVVeKGTQUDFUJmR+1r1nQj8=
37,-27,LIqslk0MW8U+9ybbwbQfsdl6VZY=,Ke92AVVeKGTQUDFUJmR+1r1nQj8=
38,-26,LIqslk0MW8U+9ybbwbQfsdl6VZY=,Ke92AVVeKGTQUDFUJmR+1r1nQj8=
35,-31,LIqslk0MW8U+9ybbwbQfsdl6VZY=,Ke92AVVeKGTQUDFUJmR+1r1nQj8=
37,-32,LIqslk0MW8U+9ybbwbQfsdl6VZY=,Ke92AVVeKGTQUDFUJmR+1r1nQj8=
39,-27,LIqslk0MW8U+9ybbwbQfsdl6VZY=,Ke92AVVeKGTQUDFUJmR+1r1nQj8=
38,-25,LIqslk0MW8U+9ybbwbQfsdl6VZY=,Ke92AVVeKGTQUDFUJmR+1r1nQj8=
36,-24,LIqslk0MW8U+9ybbwbQfsdl6VZY=,KHfzzgpJ1QiyJIHpyODu/t0HjwM=
37,-24,LIqslk0MW8U+9ybbwbQfsdl6VZY=,KHfzzgpJ1QiyJIHpyODu/t0HjwM=
39,-30,LIqslk0MW8U+9ybbwbQfsdl6VZY=,Ke92AVVeKGTQUDFUJmR+1r1nQj8=
34,-21,LIqslk0MW8U+9ybbwbQfsdl6VZY=,KHfzzgpJ1QiyJIHpyODu/t0HjwM=
39,-29,LIqslk0MW8U+9ybbwbQfsdl6VZY=,Ke92AVVeKGTQUDFUJmR+1r1nQj8=
32,-31,LIqslk0MW8U+9ybbwbQfsdl6VZY=,Ke92AVVeKGTQUDFUJmR+1r1nQj8=
33,-29,LIqslk0MW8U+9ybbwbQfsdl6VZY=,Ke92AVVeKGTQUDFUJmR+1r1nQj8=
37,-26,LIqslk0MW8U+9ybbwbQfsdl6VZY=,Ke92AVVeKGTQUDFUJmR+1r1nQj8=
35,-22,LIqslk0MW8U+9ybbwbQfsdl6VZY=,KHfzzgpJ1QiyJIHpyODu/t0HjwM=
33,-32,LIqslk0MW8U+9ybbwbQfsdl6VZY=,Ke92AVVeKGTQUDFUJmR+1r1nQj8=
35,-32,LIqslk0MW8U+9ybbwbQfsdl6VZY=,Ke92AVVeKGTQUDFUJmR+1r1nQj8=
33,-30,LIqslk0MW8U+9ybbwbQfsdl6VZY=,Ke92AVVeKGTQUDFUJmR+1r1nQj8=
32,-30,LIqslk0MW8U+9ybbwbQfsdl6VZY=,Ke92AVVeKGTQUDFUJmR+1r1nQj8=
32,-29,LIqslk0MW8U+9ybbwbQfsdl6VZY=,Ke92AVVeKGTQUDFUJmR+1r1nQj8=
34,-32,LIqslk0MW8U+9ybbwbQfsdl6VZY=,Ke92AVVeKGTQUDFUJmR+1r1nQj8=
34,-31,LIqslk0MW8U+9ybbwbQfsdl6VZY=,Ke92AVVeKGTQUDFUJmR+1r1nQj8=
33,-31,LIqslk0MW8U+9ybbwbQfsdl6VZY=,Ke92AVVeKGTQUDFUJmR+1r1nQj8=
35,-15,LIqslk0MW8U+9ybbwbQfsdl6VZY=,GYbDnqGbTlq3mDp7HllN8TXxTPc=
36,-15,LIqslk0MW8U+9ybbwbQfsdl6VZY=,GYbDnqGbTlq3mDp7HllN8TXxTPc=
39,-10,LIqslk0MW8U+9ybbwbQfsdl6VZY=,GYbDnqGbTlq3mDp7HllN8TXxTPc=
38,-10,LIqslk0MW8U+9ybbwbQfsdl6VZY=,GYbDnqGbTlq3mDp7HllN8TXxTPc=
37,-10,LIqslk0MW8U+9ybbwbQfsdl6VZY=,GYbDnqGbTlq3mDp7HllN8TXxTPc=
36,-10,LIqslk0MW8U+9ybbwbQfsdl6VZY=,GYbDnqGbTlq3mDp7HllN8TXxTPc=
35,-10,LIqslk0MW8U+9ybbwbQfsdl6VZY=,GYbDnqGbTlq3mDp7HllN8TXxTPc=
34,-10,LIqslk0MW8U+9ybbwbQfsdl6VZY=,GYbDnqGbTlq3mDp7HllN8TXxTPc=
33,-10,LIqslk0MW8U+9ybbwbQfsdl6VZY=,GYbDnqGbTlq3mDp7HllN8TXxTPc=
39,-11,LIqslk0MW8U+9ybbwbQfsdl6VZY=,GYbDnqGbTlq3mDp7HllN8TXxTPc=
38,-11,LIqslk0MW8U+9ybbwbQfsdl6VZY=,GYbDnqGbTlq3mDp7HllN8TXxTPc=
37,-11,LIqslk0MW8U+9ybbwbQfsdl6VZY=,GYbDnqGbTlq3mDp7HllN8TXxTPc=
36,-11,LIqslk0MW8U+9ybbwbQfsdl6VZY=,GYbDnqGbTlq3mDp7HllN8TXxTPc=
35,-11,LIqslk0MW8U+9ybbwbQfsdl6VZY=,GYbDnqGbTlq3mDp7HllN8TXxTPc=
34,-11,LIqslk0MW8U+9ybbwbQfsdl6VZY=,GYbDnqGbTlq3mDp7HllN8TXxTPc=
39,-12,LIqslk0MW8U+9ybbwbQfsdl6VZY=,GYbDnqGbTlq3mDp7HllN8TXxTPc=
38,-12,LIqslk0MW8U+9ybbwbQfsdl6VZY=,GYbDnqGbTlq3mDp7HllN8TXxTPc=
37,-12,LIqslk0MW8U+9ybbwbQfsdl6VZY=,GYbDnqGbTlq3mDp7HllN8TXxTPc=
36,-12,LIqslk0MW8U+9ybbwbQfsdl6VZY=,GYbDnqGbTlq3mDp7HllN8TXxTPc=
35,-12,LIqslk0MW8U+9ybbwbQfsdl6VZY=,GYbDnqGbTlq3mDp7HllN8TXxTPc=
34,-12,LIqslk0MW8U+9ybbwbQfsdl6VZY=,GYbDnqGbTlq3mDp7HllN8TXxTPc=
39,-13,LIqslk0MW8U+9ybbwbQfsdl6VZY=,GYbDnqGbTlq3mDp7HllN8TXxTPc=
38,-13,LIqslk0MW8U+9ybbwbQfsdl6VZY=,GYbDnqGbTlq3mDp7HllN8TXxTPc=
37,-13,LIqslk0MW8U+9ybbwbQfsdl6VZY=,GYbDnqGbTlq3mDp7HllN8TXxTPc=
36,-13,LIqslk0MW8U+9ybbwbQfsdl6VZY=,GYbDnqGbTlq3mDp7HllN8TXxTPc=
39,-14,LIqslk0MW8U+9ybbwbQfsdl6VZY=,GYbDnqGbTlq3mDp7HllN8TXxTPc=
38,-14,LIqslk0MW8U+9ybbwbQfsdl6VZY=,GYbDnqGbTlq3mDp7HllN8TXxTPc=
37,-14,LIqslk0MW8U+9ybbwbQfsdl6VZY=,GYbDnqGbTlq3mDp7HllN8TXxTPc=
36,-14,LIqslk0MW8U+9ybbwbQfsdl6VZY=,GYbDnqGbTlq3mDp7HllN8TXxTPc=
39,-15,LIqslk0MW8U+9ybbwbQfsdl6VZY=,GYbDnqGbTlq3mDp7HllN8TXxTPc=
38,-15,LIqslk0MW8U+9ybbwbQfsdl6VZY=,GYbDnqGbTlq3mDp7HllN8TXxTPc=
37,-15,LIqslk0MW8U+9ybbwbQfsdl6VZY=,GYbDnqGbTlq3mDp7HllN8TXxTPc=
32,-15,i5S3XzyD7F0+ab01F12qghS3Wds=,GYbDnqGbTlq3mDp7HllN8TXxTPc=
32,-14,i5S3XzyD7F0+ab01F12qghS3Wds=,GYbDnqGbTlq3mDp7HllN8TXxTPc=
32,-13,i5S3XzyD7F0+ab01F12qghS3Wds=,GYbDnqGbTlq3mDp7HllN8TXxTPc=
38,-3,LIqslk0MW8U+9ybbwbQfsdl6VZY=,c/08b4Pabbx8vHHPgJYRSEW5uoY=
34,-9,LIqslk0MW8U+9ybbwbQfsdl6VZY=,GYbDnqGbTlq3mDp7HllN8TXxTPc=
37,-3,LIqslk0MW8U+9ybbwbQfsdl6VZY=,c/08b4Pabbx8vHHPgJYRSEW5uoY=
36,-3,LIqslk0MW8U+9ybbwbQfsdl6VZY=,c/08b4Pabbx8vHHPgJYRSEW5uoY=
33,-9,LIqslk0MW8U+9ybbwbQfsdl6VZY=,GYbDnqGbTlq3mDp7HllN8TXxTPc=
35,-3,LIqslk0MW8U+9ybbwbQfsdl6VZY=,c/08b4Pabbx8vHHPgJYRSEW5uoY=
34,-3,LIqslk0MW8U+9ybbwbQfsdl6VZY=,c/08b4Pabbx8vHHPgJYRSEW5uoY=
33,-3,LIqslk0MW8U+9ybbwbQfsdl6VZY=,c/08b4Pabbx8vHHPgJYRSEW5uoY=
37,-4,LIqslk0MW8U+9ybbwbQfsdl6VZY=,c/08b4Pabbx8vHHPgJYRSEW5uoY=
36,-4,LIqslk0MW8U+9ybbwbQfsdl6VZY=,c/08b4Pabbx8vHHPgJYRSEW5uoY=
34,-4,LIqslk0MW8U+9ybbwbQfsdl6VZY=,c/08b4Pabbx8vHHPgJYRSEW5uoY=
35,-4,LIqslk0MW8U+9ybbwbQfsdl6VZY=,c/08b4Pabbx8vHHPgJYRSEW5uoY=
33,-4,LIqslk0MW8U+9ybbwbQfsdl6VZY=,c/08b4Pabbx8vHHPgJYRSEW5uoY=
38,-7,LIqslk0MW8U+9ybbwbQfsdl6VZY=,c/08b4Pabbx8vHHPgJYRSEW5uoY=
37,-7,LIqslk0MW8U+9ybbwbQfsdl6VZY=,c/08b4Pabbx8vHHPgJYRSEW5uoY=
34,-7,LIqslk0MW8U+9ybbwbQfsdl6VZY=,c/08b4Pabbx8vHHPgJYRSEW5uoY=
36,-7,LIqslk0MW8U+9ybbwbQfsdl6VZY=,c/08b4Pabbx8vHHPgJYRSEW5uoY=
38,-8,LIqslk0MW8U+9ybbwbQfsdl6VZY=,c/08b4Pabbx8vHHPgJYRSEW5uoY=
37,-8,LIqslk0MW8U+9ybbwbQfsdl6VZY=,c/08b4Pabbx8vHHPgJYRSEW5uoY=
36,-8,LIqslk0MW8U+9ybbwbQfsdl6VZY=,c/08b4Pabbx8vHHPgJYRSEW5uoY=
35,-8,LIqslk0MW8U+9ybbwbQfsdl6VZY=,c/08b4Pabbx8vHHPgJYRSEW5uoY=
37,-1,LIqslk0MW8U+9ybbwbQfsdl6VZY=,c/08b4Pabbx8vHHPgJYRSEW5uoY=
38,-1,LIqslk0MW8U+9ybbwbQfsdl6VZY=,c/08b4Pabbx8vHHPgJYRSEW5uoY=
36,-1,LIqslk0MW8U+9ybbwbQfsdl6VZY=,c/08b4Pabbx8vHHPgJYRSEW5uoY=
35,-1,LIqslk0MW8U+9ybbwbQfsdl6VZY=,c/08b4Pabbx8vHHPgJYRSEW5uoY=
34,-1,LIqslk0MW8U+9ybbwbQfsdl6VZY=,c/08b4Pabbx8vHHPgJYRSEW5uoY=
34,-8,LIqslk0MW8U+9ybbwbQfsdl6VZY=,c/08b4Pabbx8vHHPgJYRSEW5uoY=
33,-1,LIqslk0MW8U+9ybbwbQfsdl6VZY=,c/08b4Pabbx8vHHPgJYRSEW5uoY=
33,-8,LIqslk0MW8U+9ybbwbQfsdl6VZY=,c/08b4Pabbx8vHHPgJYRSEW5uoY=
37,-2,LIqslk0MW8U+9ybbwbQfsdl6VZY=,c/08b4Pabbx8vHHPgJYRSEW5uoY=
38,-2,LIqslk0MW8U+9ybbwbQfsdl6VZY=,c/08b4Pabbx8vHHPgJYRSEW5uoY=
36,-2,LIqslk0MW8U+9ybbwbQfsdl6VZY=,c/08b4Pabbx8vHHPgJYRSEW5uoY=
34,-2,LIqslk0MW8U+9ybbwbQfsdl6VZY=,c/08b4Pabbx8vHHPgJYRSEW5uoY=
35,-2,LIqslk0MW8U+9ybbwbQfsdl6VZY=,c/08b4Pabbx8vHHPgJYRSEW5uoY=
38,-9,LIqslk0MW8U+9ybbwbQfsdl6VZY=,GYbDnqGbTlq3mDp7HllN8TXxTPc=
36,-9,LIqslk0MW8U+9ybbwbQfsdl6VZY=,GYbDnqGbTlq3mDp7HllN8TXxTPc=
37,-9,LIqslk0MW8U+9ybbwbQfsdl6VZY=,GYbDnqGbTlq3mDp7HllN8TXxTPc=
33,-2,LIqslk0MW8U+9ybbwbQfsdl6VZY=,c/08b4Pabbx8vHHPgJYRSEW5uoY=
35,-9,LIqslk0MW8U+9ybbwbQfsdl6VZY=,GYbDnqGbTlq3mDp7HllN8TXxTPc=
32,-2,LIqslk0MW8U+9ybbwbQfsdl6VZY=,c/08b4Pabbx8vHHPgJYRSEW5uoY=
32,-4,LIqslk0MW8U+9ybbwbQfsdl6VZY=,c/08b4Pabbx8vHHPgJYRSEW5uoY=
32,-8,i5S3XzyD7F0+ab01F12qghS3Wds=,c/08b4Pabbx8vHHPgJYRSEW5uoY=
32,-3,i5S3XzyD7F0+ab01F12qghS3Wds=,c/08b4Pabbx8vHHPgJYRSEW5uoY=
32,-9,i5S3XzyD7F0+ab01F12qghS3Wds=,GYbDnqGbTlq3mDp7HllN8TXxTPc=
39,-3,LIqslk0MW8U+9ybbwbQfsdl6VZY=,c/08b4Pabbx8vHHPgJYRSEW5uoY=
43,-3,i5S3XzyD7F0+ab01F12qghS3Wds=,D/A+7wnentTm2fBF4zSwkDdZYuU=
39,-9,LIqslk0MW8U+9ybbwbQfsdl6VZY=,GYbDnqGbTlq3mDp7HllN8TXxTPc=
41,-6,LIqslk0MW8U+9ybbwbQfsdl6VZY=,D/A+7wnentTm2fBF4zSwkDdZYuU=
40,-8,LIqslk0MW8U+9ybbwbQfsdl6VZY=,D/A+7wnentTm2fBF4zSwkDdZYuU=
44,-3,i5S3XzyD7F0+ab01F12qghS3Wds=,D/A+7wnentTm2fBF4zSwkDdZYuU=
45,-1,LIqslk0MW8U+9ybbwbQfsdl6VZY=,D/A+7wnentTm2fBF4zSwkDdZYuU=
39,-2,LIqslk0MW8U+9ybbwbQfsdl6VZY=,c/08b4Pabbx8vHHPgJYRSEW5uoY=
46,-1,LIqslk0MW8U+9ybbwbQfsdl6VZY=,D/A+7wnentTm2fBF4zSwkDdZYuU=
43,-4,LIqslk0MW8U+9ybbwbQfsdl6VZY=,D/A+7wnentTm2fBF4zSwkDdZYuU=
45,-3,LIqslk0MW8U+9ybbwbQfsdl6VZY=,D/A+7wnentTm2fBF4zSwkDdZYuU=
44,-4,LIqslk0MW8U+9ybbwbQfsdl6VZY=,D/A+7wnentTm2fBF4zSwkDdZYuU=
44,-8,i5S3XzyD7F0+ab01F12qghS3Wds=,D/A+7wnentTm2fBF4zSwkDdZYuU=
39,-1,LIqslk0MW8U+9ybbwbQfsdl6VZY=,c/08b4Pabbx8vHHPgJYRSEW5uoY=
39,-8,i5S3XzyD7F0+ab01F12qghS3Wds=,c/08b4Pabbx8vHHPgJYRSEW5uoY=
45,-4,LIqslk0MW8U+9ybbwbQfsdl6VZY=,D/A+7wnentTm2fBF4zSwkDdZYuU=
45,-2,i5S3XzyD7F0+ab01F12qghS3Wds=,D/A+7wnentTm2fBF4zSwkDdZYuU=
46,-3,LIqslk0MW8U+9ybbwbQfsdl6VZY=,D/A+7wnentTm2fBF4zSwkDdZYuU=
46,-2,i5S3XzyD7F0+ab01F12qghS3Wds=,D/A+7wnentTm2fBF4zSwkDdZYuU=
46,-4,i5S3XzyD7F0+ab01F12qghS3Wds=,D/A+7wnentTm2fBF4zSwkDdZYuU=
39,-7,i5S3XzyD7F0+ab01F12qghS3Wds=,c/08b4Pabbx8vHHPgJYRSEW5uoY=
32,-5,i5S3XzyD7F0+ab01F12qghS3Wds=,c/08b4Pabbx8vHHPgJYRSEW5uoY=
33,-11,i5S3XzyD7F0+ab01F12qghS3Wds=,GYbDnqGbTlq3mDp7HllN8TXxTPc=
37,-6,i5S3XzyD7F0+ab01F12qghS3Wds=,c/08b4Pabbx8vHHPgJYRSEW5uoY=
33,-12,i5S3XzyD7F0+ab01F12qghS3Wds=,GYbDnqGbTlq3mDp7HllN8TXxTPc=
36,-6,i5S3XzyD7F0+ab01F12qghS3Wds=,c/08b4Pabbx8vHHPgJYRSEW5uoY=
32,-12,i5S3XzyD7F0+ab01F12qghS3Wds=,GYbDnqGbTlq3mDp7HllN8TXxTPc=
44,-1,i5S3XzyD7F0+ab01F12qghS3Wds=,D/A+7wnentTm2fBF4zSwkDdZYuU=
38,-6,i5S3XzyD7F0+ab01F12qghS3Wds=,c/08b4Pabbx8vHHPgJYRSEW5uoY=
32,-6,i5S3XzyD7F0+ab01F12qghS3Wds=,c/08b4Pabbx8vHHPgJYRSEW5uoY=
32,-11,i5S3XzyD7F0+ab01F12qghS3Wds=,GYbDnqGbTlq3mDp7HllN8TXxTPc=
32,-7,i5S3XzyD7F0+ab01F12qghS3Wds=,c/08b4Pabbx8vHHPgJYRSEW5uoY=
35,-7,i5S3XzyD7F0+ab01F12qghS3Wds=,c/08b4Pabbx8vHHPgJYRSEW5uoY=
39,-4,i5S3XzyD7F0+ab01F12qghS3Wds=,c/08b4Pabbx8vHHPgJYRSEW5uoY=
44,-2,i5S3XzyD7F0+ab01F12qghS3Wds=,D/A+7wnentTm2fBF4zSwkDdZYuU=
42,-1,i5S3XzyD7F0+ab01F12qghS3Wds=,D/A+7wnentTm2fBF4zSwkDdZYuU=
43,-1,i5S3XzyD7F0+ab01F12qghS3Wds=,D/A+7wnentTm2fBF4zSwkDdZYuU=
33,-7,i5S3XzyD7F0+ab01F12qghS3Wds=,c/08b4Pabbx8vHHPgJYRSEW5uoY=
43,-7,i5S3XzyD7F0+ab01F12qghS3Wds=,D/A+7wnentTm2fBF4zSwkDdZYuU=
41,-1,i5S3XzyD7F0+ab01F12qghS3Wds=,D/A+7wnentTm2fBF4zSwkDdZYuU=
33,-5,i5S3XzyD7F0+ab01F12qghS3Wds=,c/08b4Pabbx8vHHPgJYRSEW5uoY=
43,-8,i5S3XzyD7F0+ab01F12qghS3Wds=,D/A+7wnentTm2fBF4zSwkDdZYuU=
43,-2,i5S3XzyD7F0+ab01F12qghS3Wds=,D/A+7wnentTm2fBF4zSwkDdZYuU=
42,-7,i5S3XzyD7F0+ab01F12qghS3Wds=,D/A+7wnentTm2fBF4zSwkDdZYuU=
40,-1,i5S3XzyD7F0+ab01F12qghS3Wds=,D/A+7wnentTm2fBF4zSwkDdZYuU=
42,-2,i5S3XzyD7F0+ab01F12qghS3Wds=,D/A+7wnentTm2fBF4zSwkDdZYuU=
41,-8,i5S3XzyD7F0+ab01F12qghS3Wds=,D/A+7wnentTm2fBF4zSwkDdZYuU=
42,-3,i5S3XzyD7F0+ab01F12qghS3Wds=,D/A+7wnentTm2fBF4zSwkDdZYuU=
40,-7,i5S3XzyD7F0+ab01F12qghS3Wds=,D/A+7wnentTm2fBF4zSwkDdZYuU=
41,-7,i5S3XzyD7F0+ab01F12qghS3Wds=,D/A+7wnentTm2fBF4zSwkDdZYuU=
41,-3,i5S3XzyD7F0+ab01F12qghS3Wds=,D/A+7wnentTm2fBF4zSwkDdZYuU=
42,-8,i5S3XzyD7F0+ab01F12qghS3Wds=,D/A+7wnentTm2fBF4zSwkDdZYuU=
41,-2,i5S3XzyD7F0+ab01F12qghS3Wds=,D/A+7wnentTm2fBF4zSwkDdZYuU=
36,-5,i5S3XzyD7F0+ab01F12qghS3Wds=,c/08b4Pabbx8vHHPgJYRSEW5uoY=
42,-4,i5S3XzyD7F0+ab01F12qghS3Wds=,D/A+7wnentTm2fBF4zSwkDdZYuU=
32,-10,i5S3XzyD7F0+ab01F12qghS3Wds=,GYbDnqGbTlq3mDp7HllN8TXxTPc=
46,-8,i5S3XzyD7F0+ab01F12qghS3Wds=,D/A+7wnentTm2fBF4zSwkDdZYuU=
40,-3,i5S3XzyD7F0+ab01F12qghS3Wds=,D/A+7wnentTm2fBF4zSwkDdZYuU=
39,-6,i5S3XzyD7F0+ab01F12qghS3Wds=,c/08b4Pabbx8vHHPgJYRSEW5uoY=
34,-5,i5S3XzyD7F0+ab01F12qghS3Wds=,c/08b4Pabbx8vHHPgJYRSEW5uoY=
40,-2,LIqslk0MW8U+9ybbwbQfsdl6VZY=,D/A+7wnentTm2fBF4zSwkDdZYuU=
35,-6,i5S3XzyD7F0+ab01F12qghS3Wds=,c/08b4Pabbx8vHHPgJYRSEW5uoY=
34,-6,i5S3XzyD7F0+ab01F12qghS3Wds=,c/08b4Pabbx8vHHPgJYRSEW5uoY=
40,-6,i5S3XzyD7F0+ab01F12qghS3Wds=,D/A+7wnentTm2fBF4zSwkDdZYuU=
35,-5,i5S3XzyD7F0+ab01F12qghS3Wds=,c/08b4Pabbx8vHHPgJYRSEW5uoY=
45,-8,i5S3XzyD7F0+ab01F12qghS3Wds=,D/A+7wnentTm2fBF4zSwkDdZYuU=
39,-5,i5S3XzyD7F0+ab01F12qghS3Wds=,c/08b4Pabbx8vHHPgJYRSEW5uoY=
33,-6,i5S3XzyD7F0+ab01F12qghS3Wds=,c/08b4Pabbx8vHHPgJYRSEW5uoY=
37,-5,i5S3XzyD7F0+ab01F12qghS3Wds=,c/08b4Pabbx8vHHPgJYRSEW5uoY=
42,-6,i5S3XzyD7F0+ab01F12qghS3Wds=,D/A+7wnentTm2fBF4zSwkDdZYuU=
40,-5,i5S3XzyD7F0+ab01F12qghS3Wds=,D/A+7wnentTm2fBF4zSwkDdZYuU=
43,-6,i5S3XzyD7F0+ab01F12qghS3Wds=,D/A+7wnentTm2fBF4zSwkDdZYuU=
41,-4,i5S3XzyD7F0+ab01F12qghS3Wds=,D/A+7wnentTm2fBF4zSwkDdZYuU=
40,-4,i5S3XzyD7F0+ab01F12qghS3Wds=,D/A+7wnentTm2fBF4zSwkDdZYuU=
38,-4,i5S3XzyD7F0+ab01F12qghS3Wds=,c/08b4Pabbx8vHHPgJYRSEW5uoY=
42,-5,i5S3XzyD7F0+ab01F12qghS3Wds=,D/A+7wnentTm2fBF4zSwkDdZYuU=
41,-5,i5S3XzyD7F0+ab01F12qghS3Wds=,D/A+7wnentTm2fBF4zSwkDdZYuU=
38,-5,i5S3XzyD7F0+ab01F12qghS3Wds=,c/08b4Pabbx8vHHPgJYRSEW5uoY=
43,-5,i5S3XzyD7F0+ab01F12qghS3Wds=,D/A+7wnentTm2fBF4zSwkDdZYuU=
32,-1,i5S3XzyD7F0+ab01F12qghS3Wds=,c/08b4Pabbx8vHHPgJYRSEW5uoY=
32,-16,i5S3XzyD7F0+ab01F12qghS3Wds=,GYbDnqGbTlq3mDp7HllN8TXxTPc=
36,-16,i5S3XzyD7F0+ab01F12qghS3Wds=,GYbDnqGbTlq3mDp7HllN8TXxTPc=
37,-16,i5S3XzyD7F0+ab01F12qghS3Wds=,GYbDnqGbTlq3mDp7HllN8TXxTPc=
39,-16,i5S3XzyD7F0+ab01F12qghS3Wds=,GYbDnqGbTlq3mDp7HllN8TXxTPc=
38,-16,i5S3XzyD7F0+ab01F12qghS3Wds=,GYbDnqGbTlq3mDp7HllN8TXxTPc=
35,-13,i5S3XzyD7F0+ab01F12qghS3Wds=,GYbDnqGbTlq3mDp7HllN8TXxTPc=
35,-14,i5S3XzyD7F0+ab01F12qghS3Wds=,GYbDnqGbTlq3mDp7HllN8TXxTPc=
35,-16,i5S3XzyD7F0+ab01F12qghS3Wds=,GYbDnqGbTlq3mDp7HllN8TXxTPc=
34,-15,i5S3XzyD7F0+ab01F12qghS3Wds=,GYbDnqGbTlq3mDp7HllN8TXxTPc=
33,-13,i5S3XzyD7F0+ab01F12qghS3Wds=,GYbDnqGbTlq3mDp7HllN8TXxTPc=
47,-5,i5S3XzyD7F0+ab01F12qghS3Wds=,D/A+7wnentTm2fBF4zSwkDdZYuU=
34,-13,i5S3XzyD7F0+ab01F12qghS3Wds=,GYbDnqGbTlq3mDp7HllN8TXxTPc=
33,-15,i5S3XzyD7F0+ab01F12qghS3Wds=,GYbDnqGbTlq3mDp7HllN8TXxTPc=
47,-8,i5S3XzyD7F0+ab01F12qghS3Wds=,D/A+7wnentTm2fBF4zSwkDdZYuU=
34,-14,i5S3XzyD7F0+ab01F12qghS3Wds=,GYbDnqGbTlq3mDp7HllN8TXxTPc=
33,-16,i5S3XzyD7F0+ab01F12qghS3Wds=,GYbDnqGbTlq3mDp7HllN8TXxTPc=
44,-7,i5S3XzyD7F0+ab01F12qghS3Wds=,D/A+7wnentTm2fBF4zSwkDdZYuU=
34,-16,i5S3XzyD7F0+ab01F12qghS3Wds=,GYbDnqGbTlq3mDp7HllN8TXxTPc=
33,-14,i5S3XzyD7F0+ab01F12qghS3Wds=,GYbDnqGbTlq3mDp7HllN8TXxTPc=
47,-4,i5S3XzyD7F0+ab01F12qghS3Wds=,D/A+7wnentTm2fBF4zSwkDdZYuU=
45,-7,i5S3XzyD7F0+ab01F12qghS3Wds=,D/A+7wnentTm2fBF4zSwkDdZYuU=
46,-7,i5S3XzyD7F0+ab01F12qghS3Wds=,D/A+7wnentTm2fBF4zSwkDdZYuU=
45,-5,i5S3XzyD7F0+ab01F12qghS3Wds=,D/A+7wnentTm2fBF4zSwkDdZYuU=
46,-5,i5S3XzyD7F0+ab01F12qghS3Wds=,D/A+7wnentTm2fBF4zSwkDdZYuU=
44,-5,i5S3XzyD7F0+ab01F12qghS3Wds=,D/A+7wnentTm2fBF4zSwkDdZYuU=
47,-6,i5S3XzyD7F0+ab01F12qghS3Wds=,D/A+7wnentTm2fBF4zSwkDdZYuU=
47,-7,i5S3XzyD7F0+ab01F12qghS3Wds=,D/A+7wnentTm2fBF4zSwkDdZYuU=
44,-6,i5S3XzyD7F0+ab01F12qghS3Wds=,D/A+7wnentTm2fBF4zSwkDdZYuU=
45,-6,i5S3XzyD7F0+ab01F12qghS3Wds=,D/A+7wnentTm2fBF4zSwkDdZYuU=
46,-6,i5S3XzyD7F0+ab01F12qghS3Wds=,D/A+7wnentTm2fBF4zSwkDdZYuU=
47,-2,i5S3XzyD7F0+ab01F12qghS3Wds=,D/A+7wnentTm2fBF4zSwkDdZYuU=
47,-1,i5S3XzyD7F0+ab01F12qghS3Wds=,D/A+7wnentTm2fBF4zSwkDdZYuU=
47,-3,i5S3XzyD7F0+ab01F12qghS3Wds=,D/A+7wnentTm2fBF4zSwkDdZYuU=
